time_s,target_q1,actual_q1,actual_qd1,actual_tau1,target_q2,actual_q2,actual_qd2,actual_tau2,target_q3,actual_q3,actual_qd3,actual_tau3
0.0,0.16105442180942275,0.16106004256151876,-0.010467983782362437,-0.4528454726155425,0.525123584315881,0.5251040161088919,0.024983545871489456,0.5774873594101743,0.6674304571895868,0.6674123361015553,0.017690378360993395,0.21917522579768822
0.01,0.16705387390466395,0.16121632309135522,0.014596527850015733,1.208665766482919,0.5296048700950713,0.525240518781991,0.003897800511089591,0.709591738211088,0.6707056725036407,0.6676253954760796,0.0581233562906895,0.295569498387985
0.02,0.17301277588786165,0.16162315939889055,0.04892008426152784,2.0246497554554774,0.5340483832878864,0.5255357132769425,0.03783708671066443,1.1448854778902549,0.6738448339632896,0.6677994445805233,0.01675087023745278,0.39092327544548655
0.03,0.17893032540390194,0.16243302616326394,0.09785128340494889,2.301348716997327,0.5384530485393573,0.5261589524561529,0.07085993970743479,1.2488649349804288,0.6768485000217908,0.6682010318431544,0.043769565628837354,0.4109379037049692
0.04,0.18480573026702196,0.1636961773169923,0.1406787797147903,2.3523559112407013,0.5428177975263666,0.5271319769391821,0.10012945670513482,1.2450270374453758,0.6797172761230252,0.6688359599365438,0.06362610793345436,0.4056769158226462
0.05,0.19063820863939474,0.16540276780003121,0.18408517735199903,2.2913689459318896,0.5471415692766539,0.528437170010464,0.1383588953505573,1.1957475442011847,0.682451814353305,0.6696758941757618,0.08205944853557137,0.3845734271478067
0.06,0.19642698920716273,0.16750661675348869,0.2223851075448024,2.28740787655529,0.5514233104857447,0.5300511314427208,0.16405219110057773,1.1321918820587018,0.6850528130747728,0.6706926046271968,0.10290112753247142,0.37991890607646966
0.07,0.20217131135387598,0.16998847879476572,0.2589883803268865,2.138159552649615,0.5556619758317017,0.5319262011489561,0.19380822096877304,1.1076192555476712,0.6875210165405494,0.6718521644789676,0.11833823267092275,0.37773832260963663
0.08,0.20787042533129332,0.1728072673012026,0.29192126297192694,2.0402546443672134,0.5598565282876071,0.5340443386458515,0.2171535295094978,1.0377615731860206,0.6898572144917905,0.6731316281178307,0.12691099305504347,0.3766767361350992
0.09,0.21352359242750454,0.1759223222671397,0.3247806471907445,1.961074524084819,0.564005939431673,0.5363755310418565,0.23323174816961337,0.9980558283178421,0.6920622417368197,0.6745063628007316,0.13558116103129914,0.368831882496327
0.1,0.2191300851323321,0.17929805550019046,0.34568444670070503,1.901512286687202,0.5681091897548904,0.5388928197531035,0.2548383484067497,0.9482158339651746,0.6941369777125168,0.6759540981589601,0.14450288770753145,0.353503253786378
0.11,0.22468918729997292,0.1829027622813946,0.36695160191619336,1.8027758164861418,0.5721652689661183,0.5415721602401002,0.2645274150268126,0.9215829160116329,0.6960823460281402,0.6774549197534837,0.1516884977366013,0.36479434242401215
0.12,0.23020019430883967,0.1867080738495925,0.3841941232720143,1.7477454245821333,0.5761731762945197,0.5443919433401825,0.28448131685289973,0.8740956532209646,0.6978993139917777,0.6789909887495486,0.14771544956252894,0.34081860502704353
0.13,0.23566241321856296,0.19068848990273873,0.40167403352330183,1.6995487362514823,0.5801319207892524,0.5473327120624052,0.292293228280013,0.8607016978095454,0.6995888921196204,0.6805463320480268,0.1546669341880778,0.35064839466489767
0.14,0.24107516292411627,0.1948211402077669,0.41616649347723267,1.635805239793548,0.5840405216163205,0.5503768927772491,0.30389921105659157,0.829693873038228,0.7011521336282642,0.6821066438439833,0.1517726517215157,0.34308066472844523
0.15,0.24643777430702535,0.19908536588353418,0.42779840020567556,1.5991728603271436,0.5878980083524967,0.5535087091382507,0.31104772391447116,0.8128647977799361,0.7025901339102497,0.6836591507663442,0.1540257418257429,0.3413085396459564
0.16,0.2517495903836262,0.20346254379524398,0.44049804613077576,1.5626318560766994,0.5917034212762241,0.5567138240677266,0.318568277106905,0.7844423290973492,0.7039040299930597,0.685192432749533,0.14852925874826353,0.3395600281115301
0.17,0.2570099664503345,0.20793588099716748,0.44772438600543535,1.5252747641834934,0.5954558116554068,0.5599793536660852,0.3291154643002444,0.7509452270933227,0.7050949999817953,0.6866963134741955,0.15144563090528665,0.3314333401744762
0.18,0.26221827022589167,0.2124902645135629,0.44910029673396024,1.4807683142089447,0.5991542420320037,0.5632935762137435,0.328528952104358,0.7431145773812471,0.706164262485764,0.6881617213794058,0.14621998336822895,0.33019677344543835
0.19,0.2673738819905527,0.21711203950203578,0.46091718953593375,1.4703591502592381,0.6027977865033333,0.5666459243336818,0.33097120265047986,0.7266885407343183,0.7071130760292184,0.6895806113277261,0.139251468110366,0.3412344979331887
0.2,0.2724761947221821,0.22178897144716744,0.4674472197242298,1.411054100401393,0.6063855310000075,0.5700267689402506,0.33216541876346756,0.719657466137477,0.7079427384464834,0.6909458331663295,0.1369072369704865,0.3320739481832724
0.21,0.2775246142292238,0.22650993481000994,0.4702246714959369,1.4091552052836327,0.6099165735604044,0.5734274625959366,0.3343264500615525,0.7190791691905642,0.7086545862617305,0.6922510945534984,0.13091950669621377,0.33749341683194567
0.22,0.2825185592805147,0.23126485163669633,0.4702724356703099,1.3775924369747674,0.6133900246015995,0.5768401162260386,0.33606518489863696,0.697790750090704,0.7092499940536459,0.6934908404005727,0.12113531546597922,0.33747000999514976
0.23,0.2874574617319075,0.23604465979979192,0.47980770892380536,1.3590548769245068,0.6168050071866681,0.5802575410805492,0.33609628802561253,0.6813736804164263,0.7097303738052632,0.6946601923986749,0.1111089850756845,0.31708643451058854
0.24,0.29234076664967434,0.24081048517894788,0.4713871080457769,1.545582343835688,0.6201606572882787,0.5836889141082251,0.3378926684363358,0.5946992840056703,0.7100971742392225,0.6957593141766228,0.11040238989427048,0.31967048679545446
0.25,0.2971679324306603,0.24559707368229017,0.48107273207673396,1.3885238779984261,0.6234561240484968,0.5870854792271452,0.3381706515069283,0.6982279932638441,0.7103518801387346,0.6967729062794386,0.10061607203951096,0.3323974926195395
0.26,0.3019384309191571,0.25038866923023706,0.47326325430242977,1.464506828890747,0.6266905700347155,0.5904834043425718,0.33808325509415565,0.5984235345456712,0.7104960116545259,0.6977080881300106,0.09233417359233732,0.3296000483918418
0.27,0.30665174752046936,0.2551849906628271,0.475414618840012,1.3282039996701687,0.6298631714916383,0.5938529732172161,0.33152564688928027,0.6818037657175957,0.710531123598053,0.6985569554406291,0.08172749873979014,0.3261324709111138
0.28,0.31130738131114577,0.2599826551068661,0.4753453016752282,1.2869572384997718,0.6329731185892331,0.5972042193287668,0.3299322242819887,0.6777728321084969,0.7104588047212764,0.6993199385683027,0.07740617500493432,0.32435655899702137
0.29,0.31590484514584727,0.26476986105264944,0.4741333464960506,1.2783048752127788,0.6360196156665835,0.6005310192479326,0.32528733665588866,0.6709037580967584,0.7102806769832897,0.6999951961990171,0.06419618174881259,0.3333174009587911
0.3,0.3204436657608285,0.2695395568236397,0.47336237490240735,1.2709167155603087,0.639001881471559,0.6038281866335771,0.32492842885627504,0.6610776257056646,0.7099983948041049,0.7005807025783506,0.057572420803507725,0.32480535135635735
0.31,0.3249233838740047,0.2742867240190234,0.46959510215930006,1.2523920362202754,0.6419191493962342,0.6070916413896272,0.32214472326352733,0.642781327025097,0.7096136443059039,0.7010750071950045,0.05260555852200837,0.31495989953496245
0.32,0.329343554281582,0.2790072455004425,0.4661627760908631,1.2307872098206527,0.6447706677079804,0.610318019821881,0.3178178870204785,0.647932419527354,0.7091281425420641,0.701477083454758,0.0427900184999621,0.3339275228458227
0.33,0.33370374595122665,0.2836976216725084,0.4630428636629467,1.2267437678286703,0.6475556997761618,0.6135042440871485,0.313581977482289,0.6531408900383483,0.7085436367142771,0.7017861977228288,0.03177568188275509,0.34350100440076253
0.34,0.3380035421117508,0.2883547538183147,0.45853751972833395,1.2248826620800854,0.6502735242943631,0.6166475993628431,0.30967091255558576,0.6635827051196237,0.7078619033780823,0.702001882734291,0.022851242617013306,0.3218073593056645
0.35000000000000003,0.3422425403392932,0.2929757931145154,0.45856958808889575,1.2197417271598892,0.6529234354980836,0.6197455533829361,0.30243179189721536,0.6464961515556323,0.7070847476371392,0.702123900425137,0.013720469865369503,0.32843664359831404
0.36,0.3464203526399735,0.29755821282976497,0.4562778688367207,1.2241274238181956,0.6555047433778264,0.6227957752807562,0.30420864488248633,0.6388216260725874,0.7062140023265727,0.7021522090584735,0.007170432494480708,0.33688681443170865
0.37,0.35053660552900157,0.30209275185391954,0.4454914040745061,1.2070158066384724,0.6580167738875213,0.6257861516470331,0.2924409057474537,0.6277717066069217,0.7052515271857229,0.7023610463108987,0.05824315954477048,0.30241916487832826
0.38,0.3545909401062205,0.30658812660107987,0.44606872124359953,1.2405469427235087,0.6604588691482133,0.6287371643359637,0.2908762524895629,0.7121110854245033,0.7041992080206402,0.7024905892372592,-0.012187275012875972,-0.27527852658253277
0.39,0.35858301212806754,0.31104013743387005,0.43909425410757413,1.1796372262281625,0.662830387646957,0.6316275301741608,0.28366143326465587,0.6179917528745795,0.7030589558566712,0.7026101761777815,0.036742513059926415,0.23893139268532573
0.4,0.3625124920759334,0.31545000297474207,0.4374222740147999,1.205030441987377,0.6651307044308531,0.6344732738424889,0.2822321062189477,0.7151780695932827,0.7018327060814786,0.702493940121998,-0.03185528201427481,-0.27408525489983854
0.41000000000000003,0.36637906522090535,0.31978992952482777,0.42938151182962153,1.2688158739878408,0.667359211296168,0.6372599144742179,0.2699755379268316,0.6000510448780934,0.7005224175788491,0.7023758514776757,0.013165286281596304,0.24065342756973307
0.42,0.37018243168487686,0.3240895774671347,0.428431596127157,1.2027902055606412,0.6695153169724797,0.6399777153684219,0.2654915765130941,0.5873833189934454,0.6991300718536452,0.7021545186283501,0.0013396519370929064,0.226047046758007
0.43,0.37392230649801106,0.32834254981936106,0.420218431354746,1.211207393017781,0.6715984473017895,0.6426349882348907,0.260782057496453,0.6817988196773379,0.6976576721482554,0.7019618582913884,-0.0026453281396681574,-0.374765886147795
0.44,0.37759841965254193,0.33254666916153097,0.4159553089375404,1.196899931660068,0.6736080454125485,0.6452361415776137,0.25472212543468,0.6660007144257045,0.6961072425509087,0.7017881342924954,-0.01573117398453251,-0.3798823143693334
0.45,0.38121051615290247,0.3367018625933846,0.4088541597839426,1.1653167985604282,0.6755435718885416,0.6477772595434529,0.2499129937509549,0.6688733650244072,0.6944808270962172,0.7014775528359066,-0.027541945271112138,-0.35608016555422306
0.46,0.3847583560621667,0.3408037060040375,0.4045803183173736,1.1882916982662974,0.6774045049325796,0.6502552538060175,0.2394098709378324,0.6954139182674293,0.6927804888583128,0.7010354628674255,-0.04025649570695839,-0.35922649543780816
0.47000000000000003,0.38824171454479484,0.3448499936468839,0.3996472160129298,1.1541443678023358,0.6791903405249468,0.6526682842256981,0.23501416771542158,0.6469484216532178,0.6910083090369534,0.7004673082119406,-0.05208741595132935,-0.35947676857246313
0.48,0.3916603819056715,0.3488393892850975,0.3908883905658053,1.1529839569412983,0.6809005925765556,0.6550151097024698,0.23256085985572925,0.6665028728036021,0.6891663860369692,0.6997783578690042,-0.06543401456349393,-0.36704997528124844
0.49,0.3950141636254276,0.3527708855202486,0.38334177158160343,1.1574654393474075,0.6825347930767631,0.6572946666971465,0.2241932289757906,0.6839419953533,0.6872568345414259,0.6989736284287832,-0.07733432479980258,-0.3581337869023173
0.5,0.39830288039203754,0.35664377892509364,0.38089411865589745,1.1550269655586134,0.6840924922358005,0.6595059997911552,0.21563953988357162,0.6658051523710018,0.6852817845788874,0.6980578715149448,-0.0875212995329089,-0.3752570330470701
0.51,0.40152636812868525,0.36044403387141016,0.3737217188892883,1.212679999057463,0.6855732586217731,0.6616538119804849,0.2062016384178519,0.6710657760138821,0.6832433805851539,0.6970373130006382,-0.0949700991006997,-0.3439355962851575
0.52,0.4046844780178903,0.36419135732783,0.36925069604526817,1.1733727280021773,0.6869766792921894,0.6637219884513602,0.20166789030228136,0.6992870754031435,0.6811437804598642,0.6959116627813929,-0.10982788071046107,-0.36021317943324294
0.53,0.40777707652189227,0.36788358031110435,0.3655756047428134,1.1462923884214977,0.6883023599199775,0.6657220736041651,0.1937745693593181,0.6782858836393039,0.6789851546183456,0.6946885231428489,-0.11674230881148742,-0.36196147554879454
0.54,0.4108040453992843,0.37149189844092534,0.35402903961954746,1.3119030575494195,0.6895499249139491,0.6676622370811074,0.1881177976403825,0.6273746983883254,0.6767696850390985,0.6933745048066922,-0.1279853939974339,-0.3490418531193518
0.55,0.4137652817178962,0.37505173041932194,0.35005852855202924,1.1764598091416096,0.6907190175336764,0.6695128082367315,0.18180293911215228,0.7151585690982875,0.6744995643073054,0.6919653293149235,-0.13458382009355707,-0.34721664456574813
0.56,0.4166606978639217,0.37856038893289107,0.3442121221687424,1.158322168996459,0.6918092999987437,0.6712952922862073,0.17483022823268463,0.6995060164227511,0.6721769946547579,0.690470203739124,-0.14157102935587532,-0.3577550776533802
0.5700000000000001,0.4194902215472888,0.3820011823147223,0.33470373887502847,1.2422736066752775,0.6928204535923426,0.6730123043186892,0.16818585097009559,0.6378539772048039,0.6698041869965883,0.6888938568475333,-0.15287829616055973,-0.3656522187255089
0.58,0.42225379580327305,0.3853823262900308,0.33108177231380803,1.1514751751770373,0.693752178759175,0.6746468328487317,0.16094283766033138,0.7105738381581466,0.6673833599652051,0.6872356389828577,-0.1603162865594619,-0.33317316407761666
0.59,0.4249513789903524,0.38869295833692924,0.323921562246545,1.1903834553864414,0.6946041951976383,0.676213206222125,0.15549639081698682,0.7123298894911879,0.664916738941824,0.6855022333922357,-0.1648538903173804,-0.34644090411332507
0.6,0.42758294478430525,0.39194290098282697,0.3153240661105983,1.252396533916489,0.6953762419462609,0.677703882629043,0.14309127871210742,0.6620781017455682,0.6624065550859907,0.6836945945975766,-0.17222523763889852,-0.3539377990779222
0.61,0.4301484821685545,0.39513536741689476,0.3138169181854096,1.1732015071035906,0.6960680774643617,0.6791126809586225,0.14126207958321957,0.7241848105351538,0.6598550443634899,0.6818151397354999,-0.17945034478637364,-0.33067521552743806
0.62,0.43264799542075805,0.3982709237258129,0.30902205108459246,1.1461407818206917,0.6966794797069105,0.6804484535333446,0.12900595392868214,0.7047765246491605,0.6572644465730432,0.6798685958133016,-0.18617907441481973,-0.3596232631012819
0.63,0.43508150409565216,0.4013310365203392,0.2989730693683539,1.1810614047591543,0.6972102461935641,0.6817120448243261,0.12584936868026464,0.7434881963179704,0.6546370043721853,0.6778588615290729,-0.1926798227532344,-0.34660287094280434
0.64,0.4374490430041502,0.40433308456047873,0.29150212619595245,1.1391204445996916,0.6976601940718572,0.682898388884553,0.11970539882159931,0.7389804753505727,0.6519749623027228,0.6757862291367315,-0.19472682491993706,-0.3552510921234679
0.65,0.4397506621887035,0.4072695783227508,0.28844486043102513,1.146393421265579,0.6980291601745299,0.6840026067346173,0.10926555652011269,0.7388595363612055,0.6492805658161697,0.6736548439414134,-0.20612630280645589,-0.3468486114147214
0.66,0.44198642689493045,0.41013684011622864,0.28221037338469235,1.1730222656052636,0.6983170010709717,0.6850337184230443,0.09735431289731175,0.734482836407874,0.6465560602995596,0.6714677269581111,-0.21074487105705944,-0.33985616927823903
0.67,0.4441564175395211,0.4129496257716144,0.27638764092995804,1.1567131755875106,0.6985235931127679,0.6859819870299894,0.0966187264048545,0.7370941559533899,0.6438036901020299,0.6692254352706578,-0.2195009711948043,-0.33516628923239394
0.68,0.4462607296744261,0.4157012456832914,0.26947978614771523,1.1108453764535062,0.6986488324733338,0.6868542627333578,0.08806810519578995,0.7351273133006139,0.6410256975625771,0.6669329305552804,-0.22130060860195996,-0.34982717897068505
0.6900000000000001,0.4482994739473385,0.4183817192829565,0.2619129406506085,1.1821845989403037,0.6986926351816234,0.6876530375063027,0.07634891689734717,0.6853972042459561,0.6382243220393803,0.664593482426304,-0.2270641046847607,-0.34634909985554235
0.7000000000000001,0.45027277605847904,0.4209986238905158,0.2531429157532115,1.1480294820816428,0.6986549371499043,0.6883659545521065,0.06859604174735937,0.7333441698072062,0.635401798941086,0.6622066972523103,-0.23202120950022503,-0.3391565420313531
0.71,0.45218077671369605,0.42355462771503577,0.25077564816176323,1.1224489342860842,0.6985356941955869,0.689001368111033,0.06066722386286704,0.7430077148348943,0.6325603587604524,0.6597768596090808,-0.23516516504060492,-0.32922270363484635
0.72,0.4540236315738916,0.4260466468630813,0.24319373520766746,1.1275251512841153,0.6983348820571049,0.6895582999785311,0.05441373579132459,0.7614895235473867,0.6297022261107476,0.6573066378817582,-0.23921497361196273,-0.3403522402169063
0.73,0.45580151120078694,0.42847362773592534,0.23547600272447905,1.1122181238634155,0.6980524964038382,0.6900359031692397,0.04688278440056411,0.7489532299460993,0.6268296187652906,0.654798309262646,-0.23975166903620004,-0.3357990656465661
0.74,0.4575146009990411,0.4308270441365299,0.23048568796487534,1.15771952595924,0.6976885528400784,0.6904371545651096,0.037425948457888165,0.7390086240666136,0.6239447467005326,0.652255315946049,-0.24559277174989108,-0.3393097150992667
0.75,0.45916310115473746,0.4331113461900166,0.21941923436243474,1.1672580112527613,0.6972430869030335,0.6907557267594617,0.030346756465036553,0.7833665179805586,0.6210498111430643,0.6496782216838226,-0.24947340460116496,-0.32013154682307643
0.76,0.460747226570253,0.43533758710412507,0.21596029727525198,1.122045340240992,0.6967161540548731,0.6909899173906662,0.02142709072665057,0.7649919530372854,0.6181470036209409,0.6470688484201027,-0.252578791646336,-0.3501956379675969
0.77,0.4622672067955283,0.43750277553971684,0.213570898051171,1.1137396030211806,0.6961078296688156,0.6911460206910237,0.017402202793204008,0.7706504540888146,0.6152385050197082,0.6444315620331396,-0.2563602097659622,-0.3234482024527745
0.78,0.4637232859557535,0.4396042521170021,0.20414169855141304,1.1071764362442806,0.6954182090092633,0.6912226511431366,0.006414452451083497,0.7631114285293193,0.6123264846435195,0.6417684296406129,-0.2554360431719304,-0.35662505866243543
0.79,0.46511572267549106,0.4416202833354009,0.20038490416904264,1.1553495818831083,0.6946474072059899,0.6913516342712925,0.004203811388075453,0.4258105254470466,0.6094130992817215,0.6390751625337749,-0.254654617512643,-0.3946962416985744
0.8,0.466444789999252,0.443570296952081,0.1836441235962632,1.0270254121172822,0.6937955592223879,0.6914979932768509,0.042679556176592276,0.6305134213853973,0.606500492281292,0.6363443422214529,-0.2727580446240462,-0.3868046844107826
0.81,0.4677107753085468,0.44546840935119514,0.18771667883766616,1.280036033590793,0.6928628198177881,0.6916176505530257,-0.0035034930645960623,-0.4497167781897603,0.6035907926255077,0.6336304183492638,-0.2524006354763815,-0.2683572711427715
0.8200000000000001,0.46891398023543224,0.44730296845424894,0.1745823136345748,0.9693751157757865,0.6918493635038588,0.6917132293369685,0.025648611842043083,0.3557117010876898,0.6006861140192167,0.6308722177667716,-0.2743915533951259,-0.3815698403477855
0.8300000000000001,0.4700547205725744,0.44909726078672685,0.17666097709837134,1.2176564069804814,0.6907553844951024,0.6916287722014185,-0.02246506221717638,-0.49213054967795367,0.5977885539810885,0.6281339085455108,-0.25949813596823074,-0.2547366640757085
0.84,0.4711333261798524,0.4507919879585259,0.16339268286918773,1.0294524574895985,0.6895810966534608,0.6915179643593933,0.00293599885156005,0.3367093498152324,0.5949001929432137,0.6253514551069221,-0.27771864354186165,-0.4139977210477069
0.85,0.4721501408875244,0.4524346585157507,0.15707212002094942,0.9723056713032711,0.6883267334270481,0.6913228217605595,-0.00765008517902053,0.2646386226716215,0.5920230933584159,0.6225698147145771,-0.2751785820130293,-0.4353095675804846
0.86,0.47310552239598125,0.4539886411363356,0.15598765895525646,1.201008626021984,0.6869925477830306,0.6912853569384668,-0.003278073799404484,-0.8903494806838992,0.5891592988156453,0.619767683021852,-0.2684826325521123,-0.3292133705887096
0.87,0.47399984217211283,0.45551075105352723,0.1482467883357692,1.115274401190679,0.6855788121346725,0.6911473890311405,-0.0141979807372494,-0.9071318444850268,0.586310833163809,0.6169765331494869,-0.27004627602256803,-0.33799158278974334
0.88,0.4748334853423129,0.4569818906296538,0.1408908610356403,1.0904567590851417,0.6840858182625704,0.690887265977603,-0.025728038500031483,-0.9067732415272136,0.5834796996444,0.614183693477374,-0.270600840732749,-0.33206886278681813
0.89,0.47560685058214847,0.4583929258348699,0.13461330170993432,1.0782111644482906,0.6825138772301014,0.6905044892508966,-0.03639796219991757,-0.9152861219507739,0.5806678800332732,0.6113895449421373,-0.2700345691693622,-0.3336220443921064
0.9,0.47632035000272344,0.45974064313186647,0.12960046447962847,1.0647421062379414,0.6808633192931104,0.6900014826468551,-0.047484319322680185,-0.9083972915822489,0.577877333791922,0.6085956329290063,-0.27394386310645163,-0.3341635870043936
0.91,0.476974409033762,0.4610242050904979,0.12619512469289315,1.0930565553549245,0.6791344938038643,0.6893815943397702,-0.06330664721811456,-0.8904616008328284,0.5751099972286019,0.6058039167571233,-0.26968860184571325,-0.3287496594704632
0.92,0.4775694663034434,0.4622361511015131,0.11574792499424784,1.0814311677792243,0.6773277691093011,0.6886498565266211,-0.07465381182477558,-0.9070161184973387,0.5723677826696375,0.6030170683903329,-0.26718414532220586,-0.31971171797094833
0.93,0.47810597351501755,0.4633902652198541,0.11457654792468695,1.0835254110761607,0.6754435324436094,0.6878051823936214,-0.08383163237609037,-0.8877667163150339,0.569652577641257,0.600235639805987,-0.26853211458854276,-0.34852897163818486
0.9400000000000001,0.4785843953202311,0.46448272144581776,0.10480386729363896,1.0880604453005687,0.6734821898151653,0.6868544868400134,-0.09028177498524519,-0.8838629030407597,0.5669662440622824,0.5974630928992974,-0.2726288937273326,-0.34183444680002006
0.9500000000000001,0.47900520918959744,0.4655131047726613,0.0992549631286977,1.0740435982308913,0.6714441658878663,0.6858001649204125,-0.10530023040324143,-0.8810381142301349,0.5643106174480087,0.5947013718650209,-0.27212063891232374,-0.3297780657173772
0.96,0.47936890527954124,0.4664815713552343,0.09161993535830974,1.0765354172105936,0.669329903856897,0.6846446736523379,-0.11000983671549336,-0.8797639884499409,0.5616875061255919,0.5919524908527318,-0.2675308636233634,-0.3323783573005626
0.97,0.47967598629645214,0.46736908592687143,0.08580355034334462,1.173465074792864,0.667139865318964,0.6833984625274446,-0.121503711865744,-0.8702093578847835,0.5590986904612693,0.5892211168896412,-0.2647888758637663,-0.3612521494793464
0.98,0.47992696735768103,0.46820574688842476,0.07991957376272127,1.106830227183921,0.6648745301370403,0.6820414157947765,-0.1366164105912037,-0.8560556966251713,0.5565459220997231,0.5865020970015982,-0.26483897119364375,-0.3244885426151402
0.99,0.48012237584951245,0.46898965607762777,0.07597000175618242,1.088997727036039,0.6625343962996626,0.680593621489472,-0.14198051702868936,-0.877447940995348,0.5540309232159025,0.5838029467592645,-0.2607982322111387,-0.3247353739957564
1.0,0.4802627512821513,0.4697163684694102,0.06864210703194004,1.1040591023796584,0.6601199797748207,0.6790549938526492,-0.14662976413625498,-0.8734355984958506,0.5515553857796027,0.5811252359671103,-0.26039093996618584,-0.31943618787281347
1.01,0.480348645141756,0.4703815960885309,0.0655371259903367,1.0902118749982541,0.6576318143584887,0.677427166404501,-0.15965175303954782,-0.853835826504265,0.5491209708331038,0.5784708377347239,-0.2539990656577351,-0.3385571941476925
1.02,0.48038062073955984,0.4709895797630571,0.05387685204037239,1.0838691276127361,0.6550704515178408,0.6757094767032634,-0.16789397872868786,-0.8363567152484385,0.5467293077821654,0.5758407272147419,-0.255791141092849,-0.3216859529493792
1.03,0.48035925305811294,0.4715385970496982,0.050932492582558914,1.1139227548923558,0.6524364602292015,0.6739045684821426,-0.17459702776895866,-0.838692536053456,0.5443819937006615,0.5732374301178785,-0.2517330889926239,-0.32320169424072054
1.04,0.480285128594688,0.4720309560111676,0.047528122641870105,1.1053381571696685,0.6497304268107804,0.6720130144465547,-0.18678397550242767,-0.8365067311620464,0.5420805926491411,0.570662267096426,-0.25147952625540776,-0.31875538227173017
1.05,0.4801588452018848,0.4724667457107884,0.03946601735558888,1.0831913253256844,0.6469529547502417,0.6700372997003664,-0.19373753552398973,-0.8369022026921455,0.539826635007593,0.5681174179271384,-0.24732568232882549,-0.33391536401864746
1.06,0.4799810119254762,0.4728452112884924,0.031808247726900635,1.0988651699209457,0.6441046645271628,0.6679787937530152,-0.19939312945218202,-0.846006022474453,0.5376216168226848,0.5656047256922042,-0.24463264432070247,-0.3192027988289047
1.07,0.47975224883953427,0.4731661795198684,0.03091784037161394,1.089185374596755,0.6411861934304348,0.6658382910976679,-0.209791819853227,-0.8170239893699951,0.5354669991697422,0.563125796909639,-0.2394170958303211,-0.3191311841085534
1.08,0.4794731868788774,0.4734326279416808,0.023741095577974495,1.1062667689485715,0.638198195370664,0.6636162569538809,-0.21932549241535457,-0.8179246623868655,0.5333642075297291,0.5606820861031578,-0.23659892526975104,-0.3421141800059647
1.09,0.4791444676688822,0.47364427963915146,0.02102406848208533,1.086599472595828,0.6351413406876287,0.6613148451707782,-0.22492865012132382,-0.8334905596602037,0.5313146311814813,0.5582756241134281,-0.23198561451699845,-0.33153865222335277
1.1,0.47876674335269975,0.4738015196968506,0.013148596758019737,1.101776325065609,0.6320163159528526,0.6589348915046234,-0.23247759059802336,-0.8116781423215583,0.5293196226094432,0.5559079869393289,-0.22971517739280325,-0.33323792555579856
1.11,0.4783406764159212,0.4739047402878178,0.007489641293782697,1.0765126609125986,0.6288238237673545,0.656477481638867,-0.23912276819005723,-0.8140492340294233,0.5273804969271452,0.5535808008343217,-0.22893564890510545,-0.3383470026221561
1.12,0.47786693950873627,0.4739544257399737,0.0015704491313479664,1.0801872353263708,0.6255645825546382,0.6539436009398363,-0.24847430541159934,-0.8075575598281265,0.5254985313166597,0.5512956419872022,-0.22300441858871234,-0.31457128787986216
1.1300000000000001,0.47734621526562704,0.4740159505978432,0.01055793209947462,0.4734607868342351,0.6222393263489838,0.6512949251554754,-0.2586791061878738,-0.4282704197203067,0.5236749644842633,0.5490429520546151,-0.22363323069860644,-0.2975996189777671
1.1400000000000001,0.47677919612264397,0.47407985664630514,0.008672683820600212,0.32515493603452317,0.618848804579107,0.6485964025121482,-0.26641523029681047,-0.4526640364655334,0.5219109961325257,0.5468413514476671,-0.21979946587496146,-0.29206339258474007
1.1500000000000001,0.476166584132309,0.47412039156653796,-0.0010528880565895845,0.47446455288385364,0.6153937818472526,0.6458466905661874,-0.2639098956147971,-0.8405665943093104,0.5202077864490404,0.544691101416309,-0.20742303713740157,-0.3057273726989877
1.16,0.4755090907761913,0.47417727396049264,-0.0018503690741061688,0.03843433630726159,0.6118750377037911,0.6430000855053051,-0.2754053412580055,-0.5236666218492951,0.5185664556120071,0.5425849206296155,-0.20778683732155895,-0.3140979273370045
1.17,0.47480743677520193,0.4742044716309364,-0.006090443142566948,-0.038474397550839735,0.6082933664173852,0.6401000656501443,-0.2806976589708526,-0.5792462008117363,0.5169880833128652,0.540532553770856,-0.19953816460348842,-0.31505330037304385
1.18,0.4740623518976562,0.47423184825661796,0.003812392772866211,0.1622873994997325,0.6046495767407996,0.6371060852396832,-0.2980174268926501,-0.9389486479432728,0.5154737082961742,0.5385278161662289,-0.19509609925180194,-0.32316931929078685
1.19,0.4732745747651501,0.47418477909397605,-0.013214439225670846,-0.30459861412493056,0.6009444916724248,0.6340872170515304,-0.28789154688677404,-0.6302019909087225,0.5140243279169254,0.5365813435262791,-0.1901871082651058,-0.32566829409121595
1.2,0.47244485265629876,0.4741232629639252,-0.015527876989348762,-0.5595420804406316,0.5971789482135887,0.6309692997015995,-0.29409926417971943,-0.5622226928934172,0.5126408977154714,0.5346832692658472,-0.18964710545634683,-0.29457889146668403
1.21,0.4715739413083876,0.47406779467198956,-0.002240283901100066,-0.5328195121512587,0.5933537971217293,0.6277679676761991,-0.31714574046655114,-0.6850620531947778,0.511324331010238,0.5328400582139713,-0.1799603170759046,-0.31694505515169236
1.22,0.4706626047169822,0.47399185695408336,-0.008087789612687933,-0.7969030971851557,0.5894699026595068,0.6245154695235011,-0.32297529832695426,-0.6634711508550285,0.510075498508392,0.5310526795516454,-0.1779808091237711,-0.3166849129461544
1.23,0.46971161493355124,0.4739643658447342,-0.0034870540408279997,-1.156219943958338,0.5855281423399303,0.6211831142287453,-0.32715588254841793,-0.7274696496516373,0.5088952279346183,0.5293169298528693,-0.17100730805637088,-0.305908365721854
1.24,0.46872175186114806,0.4738993319171933,-0.009554385329778588,-1.2895691910270861,0.5815294066675784,0.6178147429377218,-0.33009896861594545,-0.7689197717361351,0.5077843036781615,0.5276499356017693,-0.16471729815236277,-0.321688749461487
1.25,0.4676938030482049,0.47376380430730347,-0.01646474862306385,-1.3239512063453276,0.5774745988759923,0.6143912172854256,-0.3327488743232613,-0.7951490899722518,0.5067434664582705,0.5260459936655842,-0.15552661777072863,-0.3502853020391719
1.26,0.46662856348048964,0.4735478445304853,-0.02474419860628838,-1.3467351419107698,0.5733646346613243,0.6109053125828431,-0.3413439373359103,-0.7997167625571199,0.5057734130081888,0.524503193722313,-0.15158015412055126,-0.33014981184251757
1.27,0.4655268353712769,0.4732524013000649,-0.035434574782488404,-1.3713321815393393,0.569200441912321,0.607353710614034,-0.34693759089418735,-0.7949959257427248,0.504874795777813,0.5230211113696748,-0.14648443607877032,-0.343075549564172
1.28,0.4643894279497861,0.4728773037552649,-0.04307929619780895,-1.3820789562580351,0.5649829604367256,0.6037398001808285,-0.35224329032895235,-0.7966438127191535,0.5040482226551457,0.52160133722781,-0.13703564929126288,-0.32720680668009605
1.29,0.4632171572479383,0.4724251454075068,-0.04891423395403322,-1.3531905414192618,0.5607131416841838,0.6000617728439743,-0.35609906842119654,-0.779243993119939,0.5032942567066521,0.5202441264183868,-0.13482943115704113,-0.34541639057499696
1.3,0.46201084588548486,0.47190047024968634,-0.060462654164508405,-1.3751026448404027,0.5563919484657383,0.5963209089204361,-0.36436268335782734,-0.7753339265375025,0.5026134159366289,0.5189504061346311,-0.12887021875115529,-0.335766588933076
1.31,0.4607713228535622,0.47130721548387694,-0.06403105011608116,-1.341771307865431,0.5520203546699959,0.592518560545777,-0.37530582264691204,-0.7631299229774202,0.502006173065683,0.5177211951616557,-0.12293533317039583,-0.32948316964921653
1.32,0.4594994232967255,0.47064896247820354,-0.07284648246964909,-1.3336002710588002,0.5475993449760592,0.5886560209516621,-0.37848098054990686,-0.762525949366603,0.5014729553284083,0.5165574455111918,-0.11564348017190366,-0.32544980267205
1.33,0.45819598829351554,0.4699289901225574,-0.07569753812719751,-1.3435845273040643,0.5431299145633071,0.5847344895784359,-0.38086457870594426,-0.7615157261644036,0.5010141442903457,0.5154600380192732,-0.10713357260735085,-0.32869656131381464
1.34,0.4568618646356133,0.46915435437061737,-0.08444820220522416,-1.3428626870832918,0.5386130688181134,0.5807534200058415,-0.3876245201519642,-0.7565053490232692,0.5006300756842994,0.51442920122179,-0.10182588299461516,-0.32411417121437747
1.35,0.4554979046056374,0.4683217456927526,-0.08718447605879852,-1.3366596574075789,0.5340498230375982,0.5767188082309084,-0.394411959769686,-0.7539666938049268,0.5003210392660757,0.5134673464568997,-0.09507232889096952,-0.32268687080326075
1.36,0.4541049657536391,0.4674342327768586,-0.0936921414085149,-1.3464623434516554,0.5294412021304963,0.572627919026017,-0.4001882131810209,-0.7599499113889029,0.5000872786897056,0.512573932699054,-0.08654383382519876,-0.3456307646066283
1.37,0.4526839106723514,0.4664952601726954,-0.09873955772860511,-1.3449526829063072,0.5247882403152416,0.5684822983371364,-0.40718645687541183,-0.7488788077135362,0.49992899140219815,0.5117497177700568,-0.08238672336878673,-0.3232790753290174
1.3800000000000001,0.4512356067712453,0.46550754430971675,-0.10435803782575027,-1.3206648032499073,0.5200919808153546,0.5642832454957846,-0.4137586049933469,-0.735854074248288,0.4998463285578718,0.5109953944317639,-0.07623890038775631,-0.3199250981510563
1.3900000000000001,0.4497609260494527,0.46447769066567623,-0.10347110013466522,-1.3138063161982845,0.5153534755522303,0.5600306683101403,-0.4153003315719449,-0.7368992901708986,0.499839394952295,0.5103110827366004,-0.06838117246696443,-0.31726963233979366
1.4000000000000001,0.448260744867611,0.4634004021897433,-0.11520428550044852,-1.3148310216378019,0.5105737848354194,0.555729426031817,-0.41939022518145336,-0.740503066561991,0.4999082489758652,0.5096986830634535,-0.061740185693265066,-0.3372893644105924
1.41,0.44673594371868436,0.4622794200020369,-0.11651429726306768,-1.3250143555042908,0.5057539770504982,0.5513774762866639,-0.42481295208404335,-0.7362013812147277,0.5000529025870453,0.5091575435212605,-0.05473688902789487,-0.334904305240392
1.42,0.44518740699782167,0.4611173349776932,-0.12132467803676053,-1.2985099600433534,0.5008951283446239,0.546976325056102,-0.4292704310711213,-0.7062347691133424,0.500273321305267,0.5086882155482019,-0.045778853628849474,-0.3452501485993427
1.43,0.4436160227713046,0.4599160857543388,-0.12349752747928973,-1.2994841220550282,0.4959983223098706,0.5425272372549952,-0.4363201161368142,-0.730374089835123,0.5005694242235051,0.5082911447443363,-0.04158463539998411,-0.3268582939202817
1.44,0.44202268254464705,0.45867742242822285,-0.12499574812843112,-1.3020253865317886,0.4910646496644453,0.5380313208905934,-0.44158332438814707,-0.7349788747169241,0.5009410840405182,0.5079666668290993,-0.0330966259690192,-0.3225188446851735
1.45,0.44040828102990054,0.4574029607216606,-0.13157480225333207,-1.3042093346356782,0.48609520793187977,0.5334896941895872,-0.4430791954498631,-0.7190089993528662,0.5013881271127416,0.5077150679668448,-0.028376878692600315,-0.3427327913293728
1.46,0.43877371591222414,0.456094121359854,-0.13472694161389237,-1.3021945302287392,0.48109110111829834,0.5289034551801065,-0.44484307226762754,-0.7063665977144739,0.5019103335258128,0.5075365853936441,-0.023038873249706476,-0.3341699372507953
1.47,0.4371198876157776,0.45475237138951885,-0.13584803304100473,-1.2900974274694854,0.4760534393878605,0.5242736338910827,-0.4486517666520559,-0.7040006697390417,0.5025074371856986,0.5074313849899408,-0.011805635163774728,-0.31931671235158465
1.48,0.43544769906899417,0.4533827446681834,-0.14297026677961794,-1.2875450272010798,0.4709833387364783,0.5196033055231939,-0.4593302732803048,-0.6982086439561784,0.5031791259293887,0.5072549919228503,-0.006606746731222511,-0.3068366276825682
1.49,0.43375805546929463,0.45198949447745024,-0.1400132737605697,-1.326961227745277,0.46588192066390793,0.5148945840757915,-0.4565140360351464,-0.633850843670157,0.5039250416551115,0.5070339389156007,-0.06459880800304185,-0.3112738740490629
1.5,0.43205186404729506,0.4505635987085251,-0.14793713589793098,-1.3396240603154823,0.4607503118443167,0.5101401002330527,-0.4680126430202276,-0.7592499657231884,0.5047447804720152,0.5068749705807829,0.004534216434506745,0.30012186375557615
1.51,0.4303300338305737,0.449109593063717,-0.14343824787365855,-1.2493452306719954,0.455589643795429,0.5053514227583787,-0.46731911157686457,-0.6458667494837707,0.5056378928692584,0.5067037691652791,-0.04472941891985914,-0.24230329319548397
1.52,0.4285934754070504,0.4476202080791019,-0.1543953076140289,-1.3022592239637047,0.45040105254634755,0.5005146435332082,-0.4729107335144382,-0.7574041409647839,0.5066038839044389,0.5067502083616829,0.02465101752232895,0.28411608510001446
1.53,0.42684310068803955,0.44610768746538015,-0.15464337255298868,-1.2508898042917977,0.4451856783041583,0.49564976573772473,-0.4736613069628176,-0.6334307446829222,0.5076422134112835,0.5067802772830675,-0.02504358517789071,-0.2526641758429661
1.54,0.42507982267103506,0.4445669511303348,-0.156486285739691,-1.3190218683724722,0.4399446651194163,0.4907389784412389,-0.4759208753047182,-0.7626134982057957,0.5087522962265172,0.5070225115797169,0.04467921476868754,0.26886564405432245
1.55,0.42330455520228577,0.4430068127078346,-0.1596987956902252,-1.300087671173971,0.4346791605506197,0.48579904635477794,-0.4861681821300704,-0.7351322273484059,0.5099335024358158,0.5072296663436541,0.050575592058403826,0.3017898695547034
1.56,0.4215182127392207,0.44142822325889464,-0.1605321147636351,-1.2895925496609097,0.42939031532777017,0.4808277337176609,-0.4877513378804056,-0.7064925406554674,0.5111851576387457,0.5073888084578247,0.06161012266324898,0.3706630928520884
1.57,0.4197217101127821,0.43982969836896174,-0.1596154811201078,-1.2930607676257653,0.424079283015128,0.475828968249449,-0.4883624548942584,-0.6937592061800077,0.5125065432325808,0.5075263028827884,0.009540741246338132,0.36899014533717467
1.58,0.41791596228972794,0.4382078779798248,-0.16379191763776033,-1.266205221257175,0.41874721967326256,0.4707909215636268,-0.4920583802242236,-0.6842622891647546,0.5138968967148811,0.5077606525507078,0.017610502723766408,0.3787504645754396
1.59,0.41610188413495747,0.4365635803058142,-0.1667039679957964,-1.2726630072319993,0.41339528352050214,0.4657215450057296,-0.4930721021224656,-0.6753608838129712,0.5153554120047128,0.5081106845260129,0.02962036179927079,0.3938110229189478
1.6,0.41428039017392493,0.434902169327551,-0.16722828250926264,-1.2565576323898402,0.40802463459388866,0.46062199807646775,-0.49972409296059833,-0.6588529365357677,0.5168812397823757,0.5085717884871083,0.0429173119091716,0.36813108974846853
1.61,0.412452394355197,0.4332245226147434,-0.16905747717346592,-1.2510449382082087,0.40263643440973945,0.4554945326327996,-0.5026508711081662,-0.6720000538785499,0.5184734878474995,0.5091401156274667,0.05122385203482458,0.36481409204443643
1.62,0.41061880981321197,0.43154329465144636,-0.1681089654942778,-1.316826117430333,0.39723184562392316,0.45033510399046883,-0.5049770747062733,-0.6588929501914883,0.5201312214953712,0.5098098921705407,0.05944756099405643,0.3611118344552323
1.6300000000000001,0.408780548631303,0.42984204129611525,-0.1723546000799535,-1.264114774549843,0.3918120316919498,0.44515912286869297,-0.5007505322012112,-0.6645734191693439,0.5218534639113268,0.5105823874930826,0.06994921623667638,0.3677676018236448
1.6400000000000001,0.40693852160504,0.4281300450160084,-0.17234006371582325,-1.28224436765141,0.3863781565289847,0.4399540859308294,-0.5067767146053584,-0.6688775530703113,0.5236391965830614,0.5114495318308198,0.07936934984318408,0.3611605646123787
1.6500000000000001,0.405093638005953,0.4263992714478091,-0.1746578440092577,-1.250884168988022,0.38093138416988653,0.4347285655917188,-0.5106572492584301,-0.6880468412716214,0.5254873597306791,0.512410715831141,0.08873095276841046,0.3598890324691794
1.6600000000000001,0.4032468053456912,0.42465305636672257,-0.17963406157798376,-1.2689502443513456,0.37547287842937543,0.42947949207778285,-0.5121123617031137,-0.679557067473994,0.5273968527543145,0.5134614283440471,0.0998450214604228,0.3767978266474051
1.67,0.40139892914068165,0.42289666938775194,-0.17720166098215454,-1.237339043942377,0.3700038025624365,0.4242079179859675,-0.5119368200511011,-0.6698378153140685,0.5293665346991399,0.5145987811478786,0.10758540698484001,0.34769585951867327
1.68,0.39955091267733867,0.42113091829299903,-0.17833079253697154,-1.273719630341203,0.36452531892505974,0.41891614055985843,-0.5173051924379631,-0.6665737270297315,0.5313952247375711,0.5158205441907703,0.1135803756314128,0.38639986128450443
1.69,0.3977036567778903,0.4193629819457659,-0.17883857155427724,-1.2374725594191438,0.35903858863542715,0.4135994642067295,-0.5213601824834636,-0.6653689395475947,0.5334817026684754,0.5171231429313398,0.12219273384781032,0.366313067564437
1.7,0.39585805956687437,0.41759216276716155,-0.17571454041365167,-1.2823574979197123,0.35354477123564104,0.4082740016788362,-0.5180846832605017,-0.6716118751364082,0.5356247094331781,0.5185063182894,0.12852180934610372,0.36077697569918643
1.71,0.39401501623836205,0.41580664319946176,-0.18311167627322156,-1.2493289163207812,0.3480450243541085,0.40293125611278335,-0.521412169781367,-0.6538451670704376,0.5378229476480576,0.5199676643259936,0.13921913163685484,0.3634049085405604
1.72,0.39217541882397033,0.414010940752511,-0.18146142552342065,-1.2293550783464413,0.34254050336867675,0.3975716588723799,-0.5215762204043122,-0.6633892190595093,0.5400750821535136,0.5215035364721989,0.14439311739335037,0.3689980512740841
1.73,0.3903401559617183,0.4122109176744822,-0.18002712785301922,-1.2169602746906496,0.33703236107062756,0.3921961734173932,-0.5272368777638176,-0.6646409883791952,0.5423797405790838,0.5231117168044737,0.15497694351643126,0.35079641329824063
1.74,0.388510112665784,0.41040713553879754,-0.1840165838398469,-1.217466509523952,0.3315217473296336,0.38680729707153444,-0.5237279447319947,-0.6554657806791623,0.5447355139244796,0.5247906607159571,0.158041544910556,0.37328314382301125
1.75,0.3866861700972212,0.40860059861368975,-0.18227125802153774,-1.2328084229821488,0.3260098087597759,0.3814062456398823,-0.5269442959690446,-0.6380220016031138,0.5471409571563057,0.52653838456488,0.16572755015760104,0.3601004717279216
1.76,0.3848692053356909,0.40679214200700803,-0.18128009465997388,-1.223317700687617,0.32049768838673165,0.3759941634332223,-0.5253882756774324,-0.6358241086380942,0.5495945898202177,0.5283529438584096,0.17447286182825064,0.3547353838181308
1.77,0.3830600911522651,0.40498277130521393,-0.18159109646932983,-1.2331061907554486,0.31498652531622623,0.37057215071455407,-0.5250057661029992,-0.6549414130916921,0.5520948966682719,0.5302324093381381,0.1781010260091489,0.362459123244055
1.78,0.38125969578335867,0.40317334151324785,-0.1800705737975315,-1.2369530834799358,0.3094774544038591,0.36514139123089706,-0.5283978472222152,-0.6431486595443998,0.5546403283012121,0.5321749210453809,0.18289422233068603,0.3521237616308844
1.79,0.37946888270584783,0.40136473679995255,-0.1817480538493739,-1.2074971076009797,0.3039716059263978,0.35970301208067684,-0.5289555132214493,-0.6725340205376223,0.557229301825427,0.5341786231193467,0.1898288319075615,0.3492466943593639
1.8,0.3776885104134248,0.39955780507409744,-0.18108828870109264,-1.2334387042370125,0.29847010525464795,0.35425816792737574,-0.5288241619379368,-0.6558897322427857,0.5598602015243186,0.5362416949866248,0.19557205785720588,0.35919372694167834
1.81,0.37591943219425206,0.3977534615926512,-0.18750769293398786,-1.2159588852850192,0.2929740725279929,0.3488079496177557,-0.5276880536758491,-0.6493012258119337,0.5625313795438021,0.5383623147140775,0.20057439823349435,0.3547490185290417
1.82,0.3741624959099654,0.3959526014892371,-0.18289060244019736,-1.209632848107684,0.28748462233070743,0.3433535236343308,-0.5336654203114706,-0.6561925052831794,0.565241156591662,0.5405386915820575,0.20587730597163922,0.3630250996769389
1.83,0.37241854377608313,0.3941537823539128,-0.18201772568724353,-1.1978543579794234,0.282002863370143,0.33789654985421835,-0.5332233480241799,-0.639910614604202,0.5679878226504763,0.5427692412057404,0.21037015516177518,0.3613129089543503
1.84,0.3706884121438754,0.3923618969609282,-0.17919919260617526,-1.2017394416894747,0.2765298981568831,0.3324366348942235,-0.527806834798416,-0.6234350837888589,0.570769637703825,0.5450516068871968,0.21842377540509458,0.35448459103529334
1.85,0.36897293128374725,0.3905806899882652,-0.17530268899668175,-1.2065069300603624,0.27106682268696874,0.3269722136287315,-0.5346137359104929,-0.6511352183276291,0.5735848324754781,0.5473837415732704,0.22150256126715756,0.34462134158055674
1.86,0.36727292517019,0.38880960233979067,-0.17762069884049406,-1.2316373891729626,0.2656147261262866,0.3215142602661427,-0.532846955364936,-0.658768442404727,0.5764316091812722,0.5497652794039823,0.22560555380140127,0.35296181851885616
1.87,0.3655892112683539,0.387041081460624,-0.17625605299790098,-1.2030544942697794,0.26017469049722486,0.3160573752170757,-0.5293440461072019,-0.6451788958331368,0.5793081422933601,0.5521942953431774,0.2310557789895637,0.34612813422895833
1.8800000000000001,0.36392260032229395,0.38528595153793843,-0.17837934233468128,-1.2535359289503272,0.2547477903676822,0.3105976332526037,-0.5320739099251245,-0.5914264604521097,0.5822125793165329,0.5546666430349582,0.23207441427837114,0.3555019144375355
1.8900000000000001,0.3622738961449432,0.38354465055955483,-0.1726625831979935,-1.2164445637419559,0.2493350925425356,0.3051422707225906,-0.5332537271786497,-0.6427537679949878,0.5851430415762857,0.5571830205684559,0.2383963478905957,0.3545395364428739
1.9000000000000001,0.3606438954098644,0.3818140695355469,-0.17410085428370395,-1.2399197923454863,0.2439376557576548,0.29969930370552467,-0.5290915871388883,-0.6550830358641091,0.5880976250183205,0.5597416628232299,0.24412014975599025,0.3541220879826523
1.9100000000000001,0.35903338744483226,0.3800820394856516,-0.17655612309568505,-1.2056090372510702,0.23855653037655844,0.2942612753450364,-0.5302462586603512,-0.6428532834409001,0.5910744010191461,0.5623407718782515,0.24810823965900514,0.3378058455924746
1.92,0.3574431540272961,0.3783608831336095,-0.16987941169852736,-1.1757899560360405,0.23319275808980738,0.2888268484852234,-0.529665161629736,-0.6293404023925836,0.5940714172074604,0.5649764108207863,0.2520048581351456,0.35003071088061105
1.93,0.3558739691817761,0.37665830439805914,-0.16883393754987744,-1.2417343544874968,0.22784737161722302,0.2833957526490873,-0.5288919718105373,-0.6212259768395192,0.5970866982959644,0.5676465057777438,0.25638413201687843,0.3441432336740815
1.94,0.35432659897924135,0.37496820530565744,-0.1676609832018398,-1.1982949710337572,0.22252139441302787,0.27798064809390705,-0.5244225197826677,-0.6565319131514418,0.6001182469232847,0.5703526076029005,0.25866320249742825,0.35852083568217946
1.95,0.35280180133851935,0.3732952160066054,-0.16292886349475166,-1.224986329667098,0.21721584037399022,0.272569994948379,-0.5276960467878531,-0.610416317243817,0.603164044505649,0.5730893699917835,0.2647788802639762,0.34653537125733513
1.96,0.3513003258297884,0.37163509761037483,-0.16551723203489865,-1.1896748519813585,0.2119317135506712,0.2671768306367482,-0.5223010466885984,-0.6302181920919987,0.6062220520979776,0.5758581247931613,0.2631709561540842,0.33853164079899495
1.97,0.34982291348019834,0.36998683455373715,-0.1639919615031414,-1.1765650280614162,0.2066700078618564,0.26179416087095914,-0.5210609366895558,-0.6241686684969435,0.6092902112640319,0.5786549082042554,0.26432688188604875,0.33456612246043804
1.98,0.3483702965816714,0.3683541198047453,-0.16437284330025945,-1.1851707752357494,0.20143170681226152,0.25642381572097356,-0.5269235562647346,-0.6447392881197602,0.6123664449552738,0.5814777597380711,0.268685942188557,0.3459363650940008
1.99,0.34694319850092825,0.3667448659148727,-0.16277046353689842,-1.218500523549398,0.196217783213599,0.25106344918794643,-0.5218202784998482,-0.5952908615073129,0.6154486583980688,0.5843237567947223,0.2769921686926289,0.33647545948241253
2.0,0.3455423334917863,0.3651531174199055,-0.15665613640746187,-1.1734429377833018,0.19102919890908965,0.24572524560371137,-0.5223355635741419,-0.6508841627839506,0.6185347399888826,0.5871942136911168,0.27479895169659063,0.36282427672236023
2.0100000000000002,0.34416840650977865,0.3635771559347397,-0.15676095547679847,-1.1736325514075958,0.1858669045015056,0.2404021099157456,-0.5186244651216368,-0.6484225663322167,0.6216225621970946,0.5900850392470338,0.2759979360428174,0.35575560340095097
2.02,0.3428221130291386,0.3620201053786595,-0.1558472121327172,-1.153516447068294,0.18073183908482374,0.23509564074898834,-0.5189545816872628,-0.6361781241032175,0.6247099824750694,0.5929941523402077,0.2753689492810558,0.33353599288410746
2.0300000000000002,0.3415041388621955,0.3604835995716525,-0.15396717836662618,-1.1513860848230473,0.17562492997957782,0.22980739873364006,-0.5142353946461822,-0.6506829748485606,0.6277948441751137,0.595919745943645,0.2776273997559595,0.3526636073757274
2.04,0.34021515998122454,0.35897462310491546,-0.15262239543506256,-1.2239916032008336,0.17054709247198277,0.22453464101326426,-0.5128380482202125,-0.595347825107036,0.6308749774729394,0.59885868547629,0.28198137809444573,0.3452100748078181
2.05,0.3389558423427992,0.357487218113744,-0.14971375511920684,-1.1769614693327797,0.16549922955691782,0.21928896698293182,-0.5069993634273978,-0.6386861448572183,0.633948200297267,0.601812029353582,0.28038464703479066,0.35172010925511976
2.06,0.33772684171468453,0.3560195954581926,-0.1470565947766539,-1.1597551348803758,0.16048223168484224,0.2140634847948941,-0.5089435040651733,-0.6286082309297356,0.6370123192651804,0.6047756673034186,0.2839388248572258,0.3451964843506148
2.07,0.33652880350531944,0.3545746966544237,-0.14667063342512168,-1.1472377210020426,0.15549697651272312,0.2088596923581904,-0.502208518281238,-0.6394710853844531,0.6400651306228562,0.6077474384879753,0.28019515716339677,0.34348913183644786
2.08,0.3353623625959253,0.3531540715678137,-0.13921632804576883,-1.1387589125190272,0.15054432865905032,0.2036790519660873,-0.5035800533811763,-0.6473482734490558,0.6431044211912882,0.61072544220374,0.28530781070660827,0.3455505463653658
2.09,0.33422814317528743,0.3517587716115396,-0.13742747097851366,-1.1266902336159748,0.14562513946301403,0.1985227210571602,-0.4996309253316967,-0.652550178226689,0.6461279693166122,0.613707661579002,0.2831735608259747,0.32548875993130694
2.1,0.33312675857724505,0.3503896999022797,-0.13626063178929484,-1.1215114528873433,0.14074024674791832,0.19339170019924554,-0.4951014286664108,-0.6170897288757231,0.6491335458246549,0.6166920145131859,0.2830896748137134,0.34550302670523453
2.11,0.33205881112093605,0.3490475401902238,-0.13052156018881136,-1.1542941824580695,0.13589047458890263,0.18828700109331994,-0.49546356122297436,-0.6462400017267841,0.6521189149793063,0.6196764111801283,0.28402551436187495,0.3466260324010599
2.12,0.33102489195383067,0.34773297750909155,-0.13377508643713426,-1.1342201954664737,0.13107663308504117,0.18320953558355674,-0.4939899470816443,-0.6548751830608124,0.6550818354443364,0.6226587193599951,0.2808044032917375,0.35523147410486783
2.13,0.33002558089759665,0.34644668425393277,-0.12998475236074036,-1.1244623125024014,0.1262995181358921,0.17816022083996144,-0.4912889839639017,-0.659375835508826,0.6580200612482529,0.6256368011985887,0.2821835884539665,0.35637766158995937
2.14,0.3290614462968323,0.3451892970184485,-0.12475943000285235,-1.10663517230829,0.1215599112225614,0.17313994661425833,-0.4883337980148827,-0.6433972736819528,0.660931342751818,0.6286085038441979,0.2824707927176092,0.3459888121164116
2.15,0.32813304487070627,0.3439614723189961,-0.12393976752869884,-1.1260130992174664,0.11685857919335166,0.16814959123429724,-0.48423733694289933,-0.6397391466689211,0.663813427617818,0.6315716653441421,0.2830905191255899,0.33203396883280556
2.16,0.32724092156753926,0.34276379420534775,-0.1216744630936211,-1.1202644267265645,0.11219627405405633,0.163190059701964,-0.481654110478161,-0.6506877399507862,0.6666640617827015,0.6345241234056473,0.28183762569529086,0.36780925083654276
2.17,0.3263856094223656,0.34160198820245535,-0.11911884726846975,-1.1360237890473919,0.10757373276297055,0.15826046535923288,-0.4791780681868639,-0.633600940983763,0.6694809904296803,0.6374630667041356,0.2819290714208353,0.3384177247095297
2.18,0.32556762941750794,0.34046826463349356,-0.11279867977761807,-1.1167704281298207,0.10299167703067016,0.153366395442726,-0.47595419304112246,-0.6476061372128679,0.6722619589629026,0.6403880287644086,0.280683066665999,0.3403350195635255
2.19,0.32478749034620247,0.3393650831255504,-0.11280069594401242,-1.114971596504944,0.09845081312463322,0.14850487347249314,-0.47416222754080634,-0.6382328204392065,0.6750047139822979,0.6432954556355538,0.27716930064635203,0.3460287789051799
2.2,0.32404568867930517,0.3382939054790168,-0.10462086993299738,-1.129688287947529,0.09395183167874882,0.14367713377969124,-0.468599842979607,-0.6508769208001444,0.6777070042586992,0.6461832864625572,0.2752629159776817,0.3403912416213515
2.21,0.3233427084351145,0.3372557339875617,-0.10121479942397028,-1.1133018132093013,0.08949540750778584,0.13888417542460385,-0.46606897929144914,-0.6521435534306439,0.6803665817088375,0.6490493890087105,0.2782178892228558,0.33248175445510786
2.22,0.3226790210523431,0.3362512764525247,-0.10195114280027863,-1.1232354588630025,0.08508219942686326,0.13412692194375334,-0.4640030089419748,-0.6475561919140799,0.6829812023698224,0.6518916031797746,0.2711420605963024,0.344401596462483
2.23,0.32205508526626697,0.33528110945289824,-0.09799469022519587,-1.1300304717868503,0.08071285007599027,0.129406181815981,-0.4600041880803615,-0.64555392636633,0.6855486273726976,0.6547077330966216,0.2741921957017176,0.35245354472844437
2.24,0.32147134698808794,0.3343500563760042,-0.09258923635012145,-1.1497417913541594,0.07638798574971878,0.12471985355225813,-0.45390350955665903,-0.6380938827406626,0.6880666239146865,0.6574947027801473,0.26518281554392936,0.3604804240751371
2.25,0.320928239187534,0.33345375705754826,-0.09141264710937036,-1.1060083769342466,0.07210821623196709,0.12007632578704104,-0.448771149248335,-0.6355638439449913,0.6905329662297202,0.6602525209405908,0.26008308607303854,0.3536359936465624
2.2600000000000002,0.3204261817787297,0.33259087499869466,-0.08910673550347004,-1.0976749037620204,0.0678741346360601,0.11547057620366433,-0.44760460878501096,-0.6600491089936901,0.692945436556862,0.6629774661057788,0.2629769671492836,0.35805943262108175
2.27,0.3199655815093661,0.3317634988492972,-0.08398910243338022,-1.090521543652617,0.06368631725003657,0.11090373467201323,-0.4424371354385498,-0.646118604113998,0.6953018261062226,0.6656672650157208,0.25697757713162866,0.3449829308844499
2.2800000000000002,0.31954683185319344,0.3309727586210222,-0.07697620849408511,-1.0976384633599476,0.05954532338727206,0.10637683915320029,-0.4425049983234254,-0.6644049872486377,0.6975999360219821,0.668319828579648,0.25483804796563,0.35832923435744857
2.29,0.31917031290586806,0.33021940223805013,-0.07622407737043473,-1.0756877867604557,0.05545169524245605,0.1018907071261049,-0.43347693154809547,-0.6651941119235281,0.6998375783421142,0.6709329967208281,0.2479605838219941,0.3464065884676707
2.3000000000000003,0.31883639128417623,0.3295039877491415,-0.07198513586293366,-1.0849571995066718,0.05140595775297524,0.09744610844971127,-0.4314532720260271,-0.6643299192213024,0.7020125769544343,0.6735045957581014,0.24361731596459607,0.3603881456257996
2.31,0.3185454200286608,0.32882706059524225,-0.07075515777684102,-1.1082912448684887,0.047408618465738794,0.09304370346545025,-0.42825968496056127,-0.671481178439065,0.7041227685485646,0.6760324238710108,0.24169459642705254,0.3432720568934672
2.32,0.318297738509676,0.32818905065657117,-0.06581854320677283,-1.1064918386281313,0.04346016740948666,0.08868415151465642,-0.42355671300336745,-0.6743155521886949,0.7061660035634444,0.6785142940415155,0.23326279106589398,0.34218138653339214
2.33,0.31809367233689184,0.32759051029290664,-0.061110397832093,-1.0833780071501982,0.03956107697262168,0.08436804832713049,-0.41657520083786886,-0.654890022245678,0.7081401471299816,0.6809479993422968,0.2338345895631309,0.3491523801434297
2.34,0.31793353327227225,0.32703177042179327,-0.05657114985953154,-1.0892944963993738,0.03571180178659883,0.08009607289353628,-0.41380785140555787,-0.6681551170379565,0.7100430800084785,0.6833313822376819,0.22594714109597178,0.36235630519962
2.35,0.3178176191465474,0.32651330168185255,-0.049127281380452706,-1.0865798003342668,0.03191277861490996,0.07586875498201703,-0.40577941474349555,-0.6781903266951702,0.7118726995204273,0.6856622447446091,0.22290163397277069,0.35773890054328467
2.36,0.31774621377920154,0.3260354970574561,-0.04314088959627362,-1.0770047601696964,0.02816442624769394,0.07168670646759032,-0.40683069042739933,-0.6640663856306401,0.7136269204743149,0.6879384263492689,0.21483061024817485,0.3523225416696236
2.37,0.3177195869019971,0.3255987817806061,-0.0456441389266782,-1.0657807471424148,0.02446714540200584,0.06755046244078661,-0.40141364135783225,-0.682459666423374,0.7153036760850469,0.6901577630534034,0.21650945148924208,0.35266246612597796
2.38,0.31773799408605174,0.3252034819973767,-0.04065900911903187,-1.0726445040311758,0.020821318627774033,0.0634606063786881,-0.3981465778535109,-0.6859918660251164,0.7169009188866136,0.6923181190342935,0.20443468184061642,0.3374684049789649
2.39,0.3178016766724889,0.3248517151307613,-0.033531144627140165,-1.0667320218185208,0.01722731021947313,0.05941704108529697,-0.38976990779536297,-0.6799112188737536,0.7184166216376341,0.6944171315252216,0.1994170117596279,0.34326898224175134
2.4,0.31791086170667804,0.3245409549837797,-0.035441896422273536,-1.0693828012016322,0.013685466133539631,0.05542190470309516,-0.3894136452533412,-0.6665897402651582,0.719848778219397,0.6964532660453038,0.19775875587146216,0.3309060286898822
2.41,0.3180657618760812,0.3242722181980898,-0.026112924758736986,-1.0803217591015797,0.010196113911552118,0.051474383193958154,-0.38234534438333817,-0.6883410563041776,0.7211954045260389,0.6984239414947011,0.19177941113141125,0.3687772217371406
2.42,0.3182665754517207,0.32404606323967045,-0.019322723132605073,-1.0599109267540874,0.006759562609204628,0.04757511852881575,-0.3778179828929146,-0.6729472501667956,0.7224545393464912,0.7003271201646138,0.18153271853056052,0.34318835123923974
2.43,0.318513486233284,0.3238629863242928,-0.020104572601479048,-1.071781142249908,0.003376102731083991,0.04372459170159855,-0.3735392629210735,-0.6777852011401783,0.723624245237837,0.7021607290894504,0.1719217714733857,0.35560574547422463
2.44,0.3188066634978777,0.32372332901005946,-0.017595519079446124,-1.0532459211695477,4.6006171282308994e-05,0.039923308703937836,-0.37158648259841326,-0.6857471287020259,0.7247026093897168,0.7039227221833975,0.17019236174207586,0.35825545628172617
2.45,0.319146261952445,0.3236274255915492,-0.013379733851130454,-1.0552741184077243,-0.0032304738401507938,0.036171692821937766,-0.35937403808998497,-0.6778835586095078,0.7256877444794352,0.7056110539077242,0.15949526269941766,0.363993567339251
2.46,0.31953242168985707,0.3235755506739867,-0.0023931679799794924,-1.0712165012767112,-0.006453102784887976,0.032470150631725654,-0.35910242332489706,-0.7099479855352462,0.7265777895174115,0.707223694599251,0.15055935471328144,0.3664074141704377
2.47,0.3199652681486914,0.323567926346684,0.0011023992033982466,-1.0412211929893345,-0.009621664898135984,0.028819107916923884,-0.3506216981677613,-0.69953837871416,0.7273709106826312,0.7087586410732034,0.1444231684981959,0.33826400366858833
2.48,0.32044491207670417,0.3235147296224931,-0.0037586403218511834,-0.7876768887536035,-0.012735963204554751,0.025248845916186903,-0.3536495994094499,-0.6311324584395485,0.7280653021477571,0.7102248483702633,0.13744823384876162,0.37409924872424233
2.49,0.32097144949800893,0.32347551866888996,-0.00010175497882689369,-0.6789164082157191,-0.015795819548283546,0.02170610165310921,-0.3491595510292185,-0.605193862495302,0.7286591868935581,0.7116010302115153,0.12561441904933757,0.35379394024082794
2.5,0.32154496168396735,0.32343705277913987,-0.016520194446318182,-0.6393666567322959,-0.018801074617061708,0.018244262673209895,-0.3231433022725672,-0.5892211090647317,0.7291508175123242,0.712897624123843,0.12435495427715253,0.3556842261160841
2.5100000000000002,0.32216551512780156,0.32343216464143887,0.003124226732789925,-0.32781052166812086,-0.021751587960437607,0.014778043788796815,-0.34303663383162536,-0.5939663103852996,0.7295384769999399,0.7141010619565541,0.11141921912788104,0.3640806716749671
2.52,0.3228331615229316,0.32338426634266826,-0.00988115131837597,-0.22144811509956677,-0.024647238002064475,0.01142640893682145,-0.32074665982198935,-0.5631246721010048,0.7298204795362827,0.7152271308419925,0.1088591134748902,0.3638503116111786
2.5300000000000002,0.323547937745047,0.32338675754720336,0.005144947844739586,0.23767571954818714,-0.02748792204607453,0.008062679022853904,-0.331944683585466,-0.8320874969844829,0.7299951712536401,0.7162520547689035,0.09476866280889377,0.36189724672881246
2.54,0.3243098658379141,0.3234184067316162,-0.001268369736324004,-0.03275935778193724,-0.030273556277539915,0.004778405290759591,-0.31288809068471835,-0.5036836297434308,0.7300609309928143,0.717186393632006,0.08772274787883476,0.3717189008481435
2.5500000000000003,0.3251189530029244,0.3234827988376308,0.0010749475109602556,0.10137927752688944,-0.03300407575701092,0.001549053325545367,-0.30612621083728,-0.4904379200466129,0.730016171046617,0.7180316576640637,0.08427066524413297,0.36018139499907026
2.56,0.32597519159238575,0.3235571846133116,0.01574426359937355,0.7318275652733821,-0.035679434409143146,-0.0016445082984828914,-0.3244284496840516,-0.86647919129344,0.7298593378904376,0.7187809602065015,0.07136453352849831,0.36127207108779075
2.57,0.3268785591065582,0.3236274058038647,0.016544060033331493,1.0085964023397214,-0.038299605005413295,-0.0047644715884000086,-0.3143465416687553,-0.834626659072171,0.7295889128995959,0.7194367993861885,0.06190806055634099,0.35730447779128044
2.58,0.32782901819443705,0.32370368725733195,0.0021048147015672474,1.0910944781131202,-0.040864579140932056,-0.007811857769294121,-0.2934957161443829,-0.8003222274554056,0.7292034130531729,0.7199948536419393,0.05167739780697944,0.33901607117925336
2.59,0.32882651665828005,0.3237793767334456,0.006526909435963004,1.306131169451893,-0.04337436720536317,-0.010832926333688502,-0.2914341836911394,-0.7253086523120421,0.7287013916240377,0.7204496155725455,0.04436572973928811,0.348402450844515
2.6,0.32987098746188,0.3239118262508162,0.015059863616867987,1.389484699455983,-0.0458289983479557,-0.013817559770576842,-0.2884579171320965,-0.6956695314220055,0.728081438854785,0.7207961452688523,0.0369221275855657,0.3850331035501597
2.61,0.33096234874258085,0.3241208933168069,0.02052937203335569,1.4317656625243866,-0.04822852043670656,-0.016753380634116816,-0.28674064466238697,-0.6851708549842743,0.727342182619301,0.7210372384255292,0.01910378409290789,0.37205703400044027
2.62,0.33210050382703254,0.3244122573269537,0.03247225602438371,1.4338189770111,-0.05057300001166237,-0.019634827309766317,-0.27825600977465537,-0.6866661070913442,0.7264822890696909,0.7211732683649094,0.01219610353952264,0.35988989724976334
2.63,0.333285341250683,0.3247861739163434,0.03660742080003481,1.433230452488178,-0.052862522232380166,-0.022459924164833688,-0.273462831244518,-0.6953288220512724,0.725500463268297,0.7212033357047661,0.0001385628191536961,0.35880711393084525
2.64,0.3345167347810014,0.32523183905445024,0.04676768046648078,1.5015108479461554,-0.055097190819561076,-0.025234415326266278,-0.26558071016339324,-0.6296874681334647,0.7243954498045463,0.7214171705831993,-0.0004990366464910715,-0.25714454156314603
2.65,0.33579454344442644,0.3257584633000996,0.05276272810593518,1.4075551112315703,-0.0572771279908795,-0.027951002393732098,-0.2642854723455306,-0.727889904198932,0.7231660333963776,0.7216271915768886,0.03925257307546485,0.29053485437823723
2.66,0.33711861155703654,0.3263634026933948,0.05778186973538226,1.513944322458345,-0.05940247439102725,-0.030597410576888813,-0.24758152006145695,-0.6910224583223927,0.7218110394759943,0.7215817280902617,-0.02561472445557672,-0.2517868917675786
2.67,0.33848876875892764,0.32703883747487184,0.06933776686375559,1.3883143489003666,-0.061473389015993474,-0.03320002290860467,-0.2537291037737106,-0.7450596517656086,0.7203293347597028,0.7215082779649674,0.014905050881193668,0.2849098451012165
2.68,0.33990483005229943,0.32779140617609315,0.07412010478615702,1.4627911391630426,-0.0634900491316121,-0.03573712845974641,-0.24540532546608104,-0.6561256148866482,0.7187198278016023,0.7211805581899624,-0.0569796346988214,-0.24058538791358305
2.69,0.3413665958432318,0.3285994516651232,0.08323453581003279,1.4335450273322428,-0.06545265018639247,-0.03823204177916218,-0.23801566494349394,-0.7061334337434871,0.716981469530896,0.721119774098726,-0.006582235173739463,-0.3269479957496159
2.7,0.3428738519871473,0.3294800851939886,0.08702379923058655,1.4181416049327569,-0.0673614057186739,-0.04066228776854023,-0.23238115699822195,-0.723663143122271,0.7151132537725968,0.7209114145102801,-0.022330228340883388,-0.3276620341720313
2.71,0.34442636983794617,0.33042777385788186,0.09427038799753559,1.4029081649093091,-0.06921654725812121,-0.04303507862702181,-0.22754675652286566,-0.7318400882565986,0.7131142177514198,0.7205340994132495,-0.03667176335107343,-0.3266121379526784
2.72,0.34602390630080193,0.3314380503880597,0.10071819380833473,1.3982024364612853,-0.07101832422160591,-0.04535213711905359,-0.22425329535116423,-0.7282930025730394,0.7109834425786423,0.719990873844979,-0.054511984561538745,-0.326182567820284
2.73,0.3476662038886046,0.33250820424425687,0.10380909702739174,1.387961757847119,-0.07276700380349499,-0.04761432841905821,-0.22072637690688304,-0.7396572723557845,0.7087200537217415,0.7192846843529704,-0.06930530181098588,-0.3135836185504138
2.74,0.3493529907820394,0.3336362594176252,0.11340135259789555,1.3862213447262515,-0.07446287086039069,-0.04982211066082855,-0.21506273018865785,-0.7594464761367514,0.7063232214565994,0.7184182477068644,-0.08393391714080586,-0.34556471932273725
2.75,0.3510839808932825,0.33482071231233623,0.11889416508531386,1.3970316012948956,-0.07610622779035445,-0.051975828897758654,-0.21070207619613374,-0.7409685474108013,0.7037921613021001,0.717393982764656,-0.10019197161251306,-0.32706394611523515
2.7600000000000002,0.35285887393330284,0.3360602640643559,0.12604881511356925,1.4084586920068873,-0.07769739440665416,-0.05407570061087959,-0.20067798798963907,-0.771101472968851,0.7011261344369295,0.7162140520127523,-0.11835512399030014,-0.32090021111621153
2.77,0.35467735548274926,0.3373538274296159,0.1293996832379483,1.4112271456942191,-0.07923670780607699,-0.05612200320063051,-0.19804775000965816,-0.758410771187667,0.698324448098409,0.7148803292161219,-0.12801387312941725,-0.3275989526154609
2.7800000000000002,0.35653909706640863,0.3386977507919133,0.13145397666113495,1.4123683210996358,-0.0807245222318444,-0.05811317575819828,-0.19138773902939168,-0.7768162319026054,0.6953864559631888,0.7133950271081482,-0.14499069929411054,-0.3275363725956109
2.79,0.35844375623121494,0.34009409151525194,0.13831106190604367,1.4152616020947981,-0.08216120893118317,-0.06005411293101666,-0.18738804663545233,-0.7319646429612263,0.6923115585096518,0.7117581840819591,-0.15898577979657308,-0.32475086096604755
2.8000000000000003,0.3603909766277902,0.3415430458217556,0.14109776103329805,1.416460982646292,-0.0835471560075851,-0.0619415638711083,-0.180060087663257,-0.7539660162287734,0.6890992033618635,0.7099720169636916,-0.17253315832166743,-0.30300952093864547
2.81,0.36238038809549966,0.34304280323558617,0.14520918032542532,1.395077469170646,-0.08488276826781352,-0.06377599164332974,-0.1738967211251491,-0.7563589154520014,0.6857488856149373,0.7080376476502959,-0.18748703631108748,-0.3159726373346643
2.82,0.3644116067509947,0.34458794619783195,0.15322050648763294,1.4467844355026132,-0.08616846706369845,-0.06555589422938296,-0.16937832420181428,-0.7543878364759119,0.682260148141661,0.7059566451011116,-0.2006469296292908,-0.3270238181276341
2.83,0.3664842350802297,0.34618393235468553,0.1603527590696809,1.4112468963333304,-0.087404690128773,-0.06728716640716013,-0.16637589085137988,-0.7641110110186017,0.6786325818802714,0.7037278589983522,-0.2133637473509494,-0.32213047543287693
2.84,0.36859786203392164,0.3478295075374017,0.16311096134532882,1.4067970261474052,-0.08859189140980467,-0.06896574347990038,-0.15965920427890867,-0.7642681645782964,0.6748658261032432,0.7013534712943119,-0.22862662573436554,-0.31366981169251457
2.85,0.3707520631264368,0.34952297536550203,0.17005212704762523,1.3960336650525855,-0.08973054089326943,-0.07059244243267772,-0.15418187830075053,-0.764262197190971,0.6709595686669827,0.698833953801547,-0.24427706025862594,-0.31128332999882735
2.86,0.3729464005380738,0.351263249930652,0.17089973239055864,1.375883417890358,-0.090821124426831,-0.07216782135466158,-0.15072643249831152,-0.7638094794487519,0.6669135462423192,0.696169745965234,-0.25882433596328097,-0.3243914182634365
2.87,0.3751804232207225,0.35304954890540313,0.1746232070397501,1.380350414823845,-0.09186414353587545,-0.0736923555749797,-0.14993170052915786,-0.7735127954517353,0.6627275445256923,0.693361254590574,-0.27427708206157864,-0.31273004923681663
2.88,0.37745366700686883,0.3548712088548105,0.1846904323805524,1.4085315670529155,-0.09286011523516353,-0.07516402538819456,-0.14238218857260304,-0.7603891490592287,0.6584013984309471,0.6904097819432635,-0.28131480884972826,-0.32524713366437197
2.89,0.3797656547219235,0.3567450937538707,0.18629096650007937,1.399075604779643,-0.09380957183565768,-0.0765899988781813,-0.1361094809720807,-0.7801654480785747,0.6539349922616527,0.68731309809654,-0.30187016891064433,-0.3114971668189944
2.9,0.38211589629984133,0.35865645853793227,0.18910115498991664,1.4411330527074324,-0.09471306074658607,-0.07796095737426804,-0.12759916934921603,-0.7936934300496049,0.6493282598638679,0.6840750839536874,-0.3095044652482803,-0.30576528030744315
2.91,0.38450388890200726,0.3606164567441027,0.19462857248426516,1.4100268206533757,-0.0955711442728068,-0.07928928321942941,-0.12876823535333634,-0.7954295797038137,0.6445811847592842,0.6806917722202359,-0.32834389323107555,-0.32822577325178925
2.92,0.3869291170393576,0.36262308510283564,0.19685565916954578,1.400540700279792,-0.096384399407533,-0.08056677562805711,-0.11900675667729362,-0.7846412009656671,0.6396938002586916,0.677166372933597,-0.33683432047876793,-0.30920491754014395
2.93,0.38939105269770663,0.3646734468430265,0.20322279690830017,1.3965402629950407,-0.09715341762049094,-0.08179493280284444,-0.11739358416935615,-0.7838832976461529,0.6346661895557104,0.6734988341753567,-0.350679470701562,-0.2979198539857424
2.94,0.39188915546624753,0.36676604012295433,0.20502312497733544,1.3839856239654131,-0.09787880464156859,-0.0829747586823693,-0.11198888580598576,-0.8007402744367519,0.6294984858007481,0.669689176508242,-0.3665219559661831,-0.31741772648399746
2.95,0.3944228726691989,0.36889995656688906,0.2093228028102259,1.3970933948865192,-0.09856118024003424,-0.08410695736258814,-0.10872982737869916,-0.7791123128421731,0.6241908721551409,0.6657375348000523,-0.3825303067423733,-0.3098392079765039
2.96,0.3969916395005571,0.3710743770772557,0.21787146578206254,1.3690130035988841,-0.09920117799938194,-0.08519205562707802,-0.09904653902180655,-0.8110433998944934,0.6187435818254603,0.6616441153024661,-0.3945083135842815,-0.31288750904489604
2.97,0.3995948791619315,0.3732782251426208,0.21793948289350817,1.4101915799933602,-0.09979944508788818,-0.08622815259450858,-0.09988432442734495,-0.7931191620815888,0.6131568980779517,0.6574100873269186,-0.4084670309229307,-0.3023629774045231
2.98,0.40223200300341866,0.37552941218741337,0.22163425771787598,1.3997285743248582,-0.10035664202494085,-0.0872228941736158,-0.09421774108956396,-0.7842472375888159,0.6074311542331103,0.6530329428490984,-0.4211767810787394,-0.3087588560238311
2.99,0.40490241066748844,0.3778163504279735,0.2249240305723966,1.4400532964426789,-0.1008734424432205,-0.08816727124366264,-0.08974665065696318,-0.8318719772953518,0.6015667336403714,0.6485163480674397,-0.4356902588437887,-0.3200535686956896
3.0,0.40760549023584086,0.38013244808840596,0.22913379341385387,1.4338521864447842,-0.10135053284680794,-0.08906963670668962,-0.0865297214021867,-0.7887540634465767,0.5955640696329354,0.6438583036217164,-0.4477389254987569,-0.30037415512428384
3.0100000000000002,0.410340618379202,0.3824947049219205,0.22885624074860453,1.4241692942978947,-0.10178861236529128,-0.08992758564594872,-0.07615005642465943,-0.804932697078102,0.589423645462726,0.6390589490615607,-0.4620175723235828,-0.2780276323955252
3.02,0.4131071605100185,0.38489528658429245,0.23890026915266716,1.4116408091126498,-0.1021883925039562,-0.09074476795239363,-0.0753752939844955,-0.8116137548144493,0.583145994215516,0.6341193323237808,-0.4775956595724558,-0.2967097936991814
3.0300000000000002,0.4159044709380163,0.3873345951723252,0.23802166808635405,1.3902735058515432,-0.10255059689012704,-0.09151393198941248,-0.0727156137435267,-0.8131108408153197,0.576731698706233,0.6290405397464468,-0.4896581553873236,-0.29310274862423513
3.04,0.41873189302858066,0.3898092245779694,0.24635425879454081,1.4163888534063052,-0.10287596101575447,-0.09224462534882927,-0.06961266982065295,-0.8100760002229525,0.5701813913544951,0.6238218200007304,-0.5018197164657237,-0.2857127282334447
3.0500000000000003,0.42158875936392526,0.39232439617186776,0.24399889645593598,1.4106172061171591,-0.10316523197631337,-0.09293244853883328,-0.06494582440063476,-0.7957077241884843,0.5634957540404089,0.618463727774764,-0.5140121074729881,-0.2898840304639442
3.06,0.4244743919070023,0.39487595649252427,0.25191958284816696,1.4075318807146346,-0.10341916820610746,-0.09357775352543533,-0.061741132006835585,-0.8328257637637484,0.5566755179406923,0.6129673977481306,-0.5309699429627236,-0.2976882111698686
3.0700000000000003,0.42738810216812056,0.39745098393829426,0.24904852270045622,1.4061584314580085,-0.10363853921005384,-0.09417917720727277,-0.058470547511064605,-0.8081822933997159,0.5497214633451728,0.607334089795323,-0.5409482601683364,-0.29852530744917244
3.08,0.4303291913742261,0.4000679852990079,0.2576246320422168,1.3983109001377338,-0.10382412529203928,-0.09474532009471319,-0.053276568906228304,-0.7965615666116251,0.5426344194537376,0.6015612018942779,-0.5609036072036327,-0.29386087070753186
3.09,0.4332969506408054,0.4027200733815644,0.25890434394690787,1.3974851341713248,-0.10397671727992747,-0.0952706571202458,-0.04604303233956739,-0.821973809209557,0.535415264153801,0.5956516557891202,-0.5681635044481831,-0.2908166709062123
3.1,0.4362906611463674,0.4053945371742667,0.26206487832673214,1.4210221529172322,-0.10409711624730696,-0.0957530966598925,-0.046277701191356005,-0.8123319956482496,0.5280649237783844,0.5896071120178442,-0.582696828864654,-0.27917234952500203
3.11,0.4393095943094629,0.40810365555563777,0.2638741212176214,1.4169392109164345,-0.10418613323206852,-0.0961996604929119,-0.04310986662685204,-0.8170408145591553,0.5205843728448898,0.5834251181891957,-0.5955350709468856,-0.28324354065137275
3.12,0.44235301196819654,0.41084360805608483,0.27225666930376813,1.398739071261299,-0.10424458895189581,-0.09661326364328889,-0.03646034953585244,-0.819386318306323,0.5129746337746733,0.5771073469880305,-0.6070023203153795,-0.2783214941286906
3.13,0.4454201665621882,0.41361991688552424,0.27133386956662603,1.4049280208933874,-0.10427331351676378,-0.09698913782232953,-0.033759090122723066,-0.8231754342730598,0.5052367765935227,0.5706546665942948,-0.6221626182797714,-0.278612704320947
3.14,0.44851030131693664,0.41642786224066947,0.2773007498511975,1.3946722865719465,-0.10427314613853111,-0.09732777710247066,-0.030724125341617285,-0.8174406115999667,0.49737191861315105,0.5640685666936076,-0.6357942910014951,-0.2840172211694523
3.15,0.451622650430542,0.4192653062982386,0.274304847198888,1.3830959298623435,-0.10424493483772035,-0.09763069585256816,-0.02453306992276616,-0.8289133132166455,0.48938122409383367,0.5573495206090561,-0.6466090917369063,-0.3154614179800013
3.16,0.45475643926274284,0.4221240274376932,0.2788490885754823,1.4563283227359927,-0.10418953614757716,-0.09789424498192169,-0.02237899040198336,-0.9205101141984603,0.48126590388831614,0.5504997931153218,-0.6606018551101744,-0.30724251055527346
3.17,0.4579108845262139,0.4250113628068871,0.2846083200634936,1.4042990083193725,-0.1041078148154999,-0.0981321214516288,-0.022049854446143793,-0.8252390291248437,0.47302721506712986,0.5435160260096691,-0.6716742611780552,-0.295059251952057
3.18,0.4610851944800872,0.4279251389633504,0.2845255189137729,1.3821481297262648,-0.104000643501938,-0.09833112408416,-0.017167490764334627,-0.8216589072902827,0.46466646052546007,0.5364030022640273,-0.6824752753524612,-0.2879278151744229
3.19,0.46427856912564025,0.43086324831016637,0.2901926446721522,1.4259773524576604,-0.10386890247684626,-0.09850377332782521,-0.014604071873989388,-0.8315519899045469,0.4561849885717212,0.5291594947361163,-0.6964333265955558,-0.2773297241860263
3.2,0.46749020040410855,0.43382111926736056,0.2914979826404933,1.4301344454590268,-0.10371347931379882,-0.09864153146482392,-0.012383851431335486,-0.8286649761014109,0.44758419249799536,0.5217880172973177,-0.7096439274561027,-0.29025364567782963
3.21,0.4707192723965707,0.4368047350566103,0.29170502375657553,1.4372998023757273,-0.10353526858185089,-0.09874799835624176,-0.0080787207358026,-0.8439056781235428,0.4388655101325079,0.5142891026117802,-0.7239552572604337,-0.29672127883415195
3.22,0.4739649615258577,0.43980838176318376,0.2991799394849133,1.4213687281394662,-0.1033351715352514,-0.09882803228788627,-0.0047144567897529415,-0.8360661697190843,0.4300304233743024,0.5066625229894921,-0.7339581763962615,-0.26851735598536497
3.23,0.4772264367604366,0.44284897345281166,0.29724902312242596,1.3968679007748863,-0.10311409580109812,-0.09888169700848029,-0.002809670828752119,-0.8420008989739388,0.4210804577103119,0.49890934781094637,-0.7490605951949607,-0.2790581624740541
3.24,0.48050285982021934,0.4459161977494674,0.30284919097271557,1.3864131739486578,-0.10287295506503957,-0.09890463715783802,-0.004337243551107049,-0.8391735786354146,0.4120171817150001,0.4910329074862044,-0.761674055082087,-0.28788967929073805
3.25,0.4837933853842421,0.4490434561905946,0.31687321649131994,1.4211407279182218,-0.10261266875511729,-0.09913316065497978,-0.04586178552418475,-0.7885935570172339,0.40284220653278247,0.48306039103450815,-0.7596391775104399,-0.2692723486160976
3.2600000000000002,0.48709716130016956,0.45215644399236116,0.3041083356014648,1.0965930864098687,-0.10233416172384645,-0.09925446971591381,-0.008502999088727113,0.3067878028443439,0.3935571853434137,0.47492667433505487,-0.7881082395447709,-0.37603829428932045
3.27,0.4904133287955674,0.45528433108393895,0.30904809127173105,1.4762080104404243,-0.10203836392864449,-0.09940786652777088,-0.030644144125765133,-0.7063652758767439,0.3841638128105703,0.4667012944261263,-0.7822878809158973,-0.23448340730598613
3.2800000000000002,0.4937410226908943,0.45837008849298266,0.3022643653893945,1.622866636212095,-0.10172621011069236,-0.09945358432258762,0.0063955936114343335,-0.4703991631032059,0.37466382451382163,0.4583218015300366,-0.8102905563557278,-0.23265778789987435
3.29,0.4970793716141571,0.46152247535844354,0.3088944929988717,1.2365936212583024,-0.10139863947234554,-0.09957298336380659,0.0034356413763323977,0.3641016434193237,0.36505899636423944,0.44984278414071904,-0.824912358187043,-0.36921204319793166
3.3000000000000003,0.5004274982171818,0.46472167099460515,0.3199392207243492,1.52398774008695,-0.10105659535318015,-0.09975858998858236,-0.028363418021035407,-0.4207865909926591,0.3553511440038466,0.4412615152283635,-0.8198435351316125,-0.18254545296272318
3.31,0.503784519393441,0.4679140522727524,0.31336044468282315,1.2485866938585812,-0.100701024904792,-0.09982025205367437,0.01367196203491327,0.43931019402454585,0.34554212218916774,0.43253229983776487,-0.8449226576176802,-0.33970597770708655
3.3200000000000003,0.5071495464973879,0.4711397843774631,0.3208318080390902,1.534096670421344,-0.10033287876443514,-0.09991621307389033,-0.022999621991019136,-0.432680540178136,0.33563382415910004,0.4237213804270132,-0.842511347968138,-0.1966569804413222
3.33,0.5105216855652395,0.4743612480709388,0.31507281945654203,1.244825047084155,-0.09995311072761195,-0.09989173760653113,0.02233717217543381,0.43718310986876946,0.3256281809873784,0.41476696048987594,-0.8685114685629105,-0.34916621594042363
3.34,0.5139000375371612,0.4776162789115647,0.32667575237167273,1.5190622922637351,-0.09956267741971739,-0.09990673243156044,-0.01591117707759639,-0.4314493182674877,0.3155271609198638,0.4057343513776751,-0.8616416198963726,-0.19643241767301248
3.35,0.5172836984807881,0.48086605812664834,0.3187528661925605,1.235043382411126,-0.09916253796683087,-0.09980669170677686,0.029369131677747157,0.43979237237810603,0.3053327686969365,0.39656141718450283,-0.8895372902303295,-0.3446773933691564
3.36,0.5206717598160338,0.4841479014038554,0.3289304169996161,1.5252069024017905,-0.09875365366577492,-0.09975141558784106,-0.009818530967554888,-0.43840998767947936,0.2950470448612547,0.3873136324820827,-0.8837035689177797,-0.20747312672238827
3.37,0.5240633085411344,0.4874228157908118,0.3197371258645368,1.2404189515628168,-0.09833698765352478,-0.09958623197152487,0.03159738824038535,0.42351508572282054,0.2846720650511413,0.37792871041049547,-0.9092782139505857,-0.3565957137201986
3.38,0.5274574274598617,0.4907280055527016,0.32724414108541655,1.5016602412385458,-0.09791350457609241,-0.0994706063499591,-0.0031049302126213677,-0.45651012249057954,0.27420993927990134,0.36847239320197067,-0.904074624426586,-0.1933051508823046
3.39,0.5308531954098604,0.49402450480477605,0.319732119336738,1.2177805097329741,-0.09748417025697148,-0.09924967099314085,0.03975411671802565,0.4209646269076529,0.263662811201326,0.35888227633137953,-0.9298635112642701,-0.33298468018080996
3.4,0.5342496874920463,0.4973706634746685,0.3307287058652569,1.2473944268641703,-0.09704995136525829,-0.09920976574784547,-0.006557324341724244,0.45772438294632967,0.2530328573617008,0.3492346187526286,-0.9291631942667995,-0.32616277519976017
3.41,0.5376459753010092,0.500690074300637,0.33481065884025285,1.5603538749078096,-0.09661181508354917,-0.0990517638548587,0.004504884509200099,-0.37646897759888115,0.2423222864385887,0.33945503402234756,-0.9365606392732283,-0.17224821786945596
3.42,0.5410411271563678,0.5040156302701988,0.3192629730152413,1.1977505144616276,-0.0961707287757161,-0.09888467319040362,0.04694816538200211,0.6897264277308749,0.23153333846671198,0.32957196640557757,-0.9619149836249874,-0.2994695788288641
3.43,0.5444342083350149,0.5073646568998218,0.3303961671762999,1.2960975914309025,-0.09572765965467031,-0.09876438819196101,0.002255740545586765,0.48127639818407714,0.220668284051219,0.3196293344270719,-0.9565297933921881,-0.3234721280757662
3.44,0.5478242813041964,0.5107176136544446,0.3342953186592232,1.2343045911509587,-0.09528357445021081,-0.09865014049679686,0.0022950541247123337,0.7022910354204238,0.20972942356866514,0.309577011365227,-0.9661903359550718,-0.30153416996128635
3.45,0.5512104059553713,0.5140622919826561,0.3370165059171095,1.3432080079797764,-0.09483943907706958,-0.09851275565078393,0.002509647872554889,0.5090992210577406,0.1987190863560051,0.2994274573042868,-0.9754064008099066,-0.32331811134842936
3.46,0.5545916398387859,0.5174314070745363,0.3305991505988417,1.3062532234231503,-0.09439621830324955,-0.09847723870664386,0.009559693907396541,0.822337460133981,0.18763962988793828,0.2891979405084495,-0.9819133988618834,-0.27450687909644683
3.47,0.5579670383987133,0.5207762194483889,0.3322643912285329,1.3697606621239031,-0.09395487541876824,-0.09841103656717039,0.00630304908889701,0.845382374025071,0.17649343894291344,0.2788770378789435,-0.9955566952930859,-0.2595661555987483
3.48,0.5613356552092947,0.5241252038765825,0.3281870286905127,1.3533479667757746,-0.09351637190490027,-0.0983172085723269,0.009775374897207707,0.8310831575355482,0.1652829247581414,0.26846854658162445,-0.9993233814506847,-0.2647247120539784
3.49,0.5646965422109262,0.5274646605111762,0.328988610260536,1.3878386060008565,-0.0930816671040334,-0.09818777679567325,0.013901722307232986,0.8363304650301329,0.15401052417393052,0.25797944291313385,-1.0087677218732556,-0.2535533706157656
3.5,0.5680487499471313,0.5308140584007889,0.3266406549381666,1.3530427471271134,-0.09265171789023416,-0.09803382505997305,0.017263231714558094,0.838063125031546,0.14267869876770575,0.24740870312793214,-1.0200927069520636,-0.2568228681270705
3.5100000000000002,0.5713913278018633,0.5341663123464,0.32954656422158346,1.380657923404747,-0.09222747834062549,-0.09785210161380493,0.018587135776844867,0.821759888498643,0.1312899339780364,0.23676119904717544,-1.026583927025148,-0.2433195620320807
3.52,0.5747233242371745,0.5375078036685138,0.33003103142772455,1.374634259329445,-0.09180989940768972,-0.0976437816612549,0.022076667479012838,0.8443229613106531,0.11984673821902993,0.22603995119906214,-1.0331129223932476,-0.2557681792878803
3.5300000000000002,0.5780437870312007,0.5408311459763097,0.32841889978335204,1.4539016299490195,-0.09139992859258347,-0.09740951812424369,0.021125487824351134,0.8324910009340174,0.10835164198544125,0.21524797408739732,-1.0384496749191998,-0.24642338750352752
3.54,0.5813517635163914,0.544164050325053,0.32601092902439266,1.37450734088983,-0.09099850961958372,-0.09716934254390869,0.026634327523054366,0.8549041226890478,0.0968071969488482,0.20437987295686255,-1.0475465578454435,-0.2613479720521487
3.5500000000000003,0.5846463008179399,0.5474990343188383,0.3283126091963858,1.3754502342413497,-0.09060658211175104,-0.09691708051556319,0.030110491390186192,0.830927890009559,0.08521597504526073,0.19344364321641153,-1.0533511546569572,-0.2502394913088674
3.56,0.5879264460923415,0.5508397466437628,0.3266311985002577,1.3640755407898646,-0.090225081267928,-0.09664949391070865,0.02975589034319718,0.8306240957767095,0.07358056755451464,0.18244151539999323,-1.060393842535678,-0.25784519026635766
3.5700000000000003,0.5911912467660314,0.5541784849049788,0.32912133598643584,1.3251305543411134,-0.08985493754115832,-0.09636931314475239,0.027808342617588386,0.8235358130392832,0.061903584171825024,0.17137651031887471,-1.0629785226962327,-0.27223148961774635
3.58,0.5944397507740371,0.5575117647275584,0.326728718592684,1.3193155796937734,-0.08949707631863826,-0.0960800906957894,0.0326159014129535,0.8251408405199169,0.050187652071861766,0.16025040446137945,-1.0735428686609727,-0.2431416021556376
3.59,0.597671006798588,0.5608322740799117,0.3238850768623857,1.3514382505271632,-0.08915241760329794,-0.09577924662340709,0.03580138288875792,0.8150707980199616,0.0384354149657213,0.1490666655947352,-1.0761294182471908,-0.24185297867257202
3.6,0.6008840645076234,0.5641401280370423,0.3302067550524164,1.3446339077531853,-0.08882187569710819,-0.09548222737937304,0.02981138161782125,0.8266378078725339,0.026649532151168193,0.13782463539795403,-1.08224677526035,-0.25032655804841786
3.61,0.6040779747931411,0.5674444615451599,0.3288097382243925,1.3263300806198766,-0.08850635888622065,-0.09518255244741877,0.02770721385648684,0.8236385488567264,0.01483267755652816,0.1265276110506741,-1.0911905419913013,-0.25916799619506303
3.62,0.6072517900093238,0.5707400452948109,0.32242763501402455,1.3029054140956609,-0.08820676912802773,-0.0948810606886183,0.032449095022854556,0.8038993793640655,0.002987538778599058,0.11517930041499347,-1.0961007130828164,-0.2487040648758593
3.63,0.6104045642103912,0.5740244805101974,0.32403326866782384,1.3086159804897792,-0.08792400174025619,-0.09458018749868698,0.03174954137463229,0.8115745510517733,-0.008883183885017715,0.10378186433034141,-1.0936022150270763,-0.25509241276236116
3.64,0.613535353388111,0.5772962133773923,0.32361351953584233,1.3153777502023152,-0.0876589450921758,-0.0942818854201417,0.031120252533600762,0.8181246176479887,-0.02077677840880221,0.09233765640279147,-1.0994319619059107,-0.2615925543128959
3.65,0.6166432157089157,0.5805407826205129,0.320295742444241,1.3544289311294808,-0.08741248029803046,-0.09398327193018585,0.02850962645861696,0.8387200487374272,-0.03269052201701051,0.08085104226214593,-1.10888411777957,-0.24984697390704413
3.66,0.6197272117505667,0.5837739331416996,0.3145894954105422,1.3259031887049983,-0.08718548091278676,-0.0936933417767786,0.03158645217593044,0.8336183650021111,-0.04462168216581258,0.06932062487826132,-1.1095598249944683,-0.2422821080949062
3.67,0.6227864047383008,0.5869782841478379,0.30983136721104537,1.4586106082796209,-0.08697881263028823,-0.09340746747074725,0.02803735698651308,0.7398165537795405,-0.056567517529457094,0.05775342852830617,-1.1138409007859589,-0.2570936606548927
3.68,0.6258198607804116,0.5901762581551953,0.31572086751463513,1.326494466726883,-0.08679333298392093,-0.09314365504106208,0.030279507783150434,0.8381354077641159,-0.06852527899010119,0.04614413919823351,-1.117720418673915,-0.2649702913662867
3.69,0.6288266491031953,0.5933671202570722,0.31170511627032954,1.3023943045519664,-0.08662989104987356,-0.09288492816626275,0.022806152022983202,0.8343415012083713,-0.08049221063087825,0.03450219953199969,-1.11984242359137,-0.2443950445096795
3.7,0.6318058422852133,0.5965434359290044,0.3101658496556925,1.3119137201773867,-0.08648932715309414,-0.09263463018376722,0.027235946878754465,0.8138534445352383,-0.09246555073184415,0.022829920520852424,-1.1213896009196507,-0.2649097433200914
3.71,0.634756516490806,0.5997017151472115,0.30693360125274444,1.286889835296046,-0.08637247257602737,-0.09239554644714001,0.02544158269667536,0.815617706257596,-0.10444253276837269,0.011129285352659007,-1.124361219745692,-0.25274434820055947
3.72,0.6376777517028067,0.6028398558688761,0.30999691154796283,1.2958784564039891,-0.08628014927023303,-0.09216943795681187,0.01881747116982363,0.8099162379894411,-0.11642038641163341,-0.0005973116009818109,-1.1311784259864632,-0.25002371373266014
3.73,0.6405686319543898,0.605956439797232,0.3032096993750569,1.2709944278798195,-0.08621316957096509,-0.09195776329955001,0.022605722035820706,0.8176442595305597,-0.12839633853072718,-0.012347344621511668,-1.1309224550467678,-0.25343313074698925
3.74,0.6434282455600078,0.6090424260660143,0.29663100416874505,1.347493719392312,-0.08617233591481252,-0.09175626883367187,0.01961097139570976,0.7540029041618597,-0.1403676141961046,-0.02411622414750861,-1.1318290737470582,-0.26111758858699435
3.75,0.6462556853453443,0.6121062877659605,0.30102550920698845,1.2905352829430958,-0.08615844056048226,-0.09158074014572024,0.018293528653530924,0.8381811085979017,-0.1523314376838469,-0.03590642150622877,-1.136402464070471,-0.2530284955992356
3.7600000000000002,0.6490500488762444,0.6151504074593797,0.29645358165666763,1.2776064809203267,-0.08617226531281243,-0.09142124780814685,0.01636640601608607,0.7954128991617873,-0.16428503348043225,-0.04771169653415396,-1.1370065356574974,-0.2615533145097498
3.77,0.6518104386865469,0.6181710088240633,0.29737376961543627,1.2700658805296554,-0.08621458125011097,-0.09127948987208707,0.01599199897326033,0.8077767553621924,-0.17622562728756463,-0.059529284500670174,-1.1381593225433249,-0.23903774424219643
3.7800000000000002,0.6545359625047792,0.6211660512503036,0.2957398615781604,1.2661498521767258,-0.08628614845489053,-0.09115711818409389,0.011903826854217387,0.8270216605891617,-0.188150447026688,-0.07135675242082304,-1.1421998155302329,-0.25229473491881765
3.79,0.6572257334796464,0.6241341583715124,0.2917857989751558,1.264625335450381,-0.08638771574810195,-0.0910553731345048,0.010848475259768607,0.8130457788101259,-0.20005672384276493,-0.08319150385388413,-1.1390449524626083,-0.25288884888193985
3.8000000000000003,0.6598788704042651,0.6270742496191163,0.2854891072596221,1.2783088807671366,-0.08652002042692997,-0.09097535098612636,0.012012908748971258,0.7908995456033066,-0.21194169310694358,-0.09503088154936784,-1.1390895423604877,-0.27292531725800334
3.81,0.6624944979390848,0.6299853801976976,0.2845303646818674,1.2526268142752377,-0.08668378800625434,-0.09091801638643025,0.004312741870687782,0.8145337093020057,-0.2238025954176901,-0.1068721863492588,-1.1385655410910116,-0.24598613985795584
3.8200000000000003,0.6650717468334412,0.6328666411055489,0.2799062078978839,1.2598622161816484,-0.08687973196383952,-0.09088430055651538,0.008364462960527124,0.8109065692164129,-0.23563667760001097,-0.11871270155533933,-1.1418955695905273,-0.24268701525683534
3.83,0.6676097541456871,0.6356919535906914,0.2811369130254865,1.6069546781649051,-0.08710855348934332,-0.09074998885206154,0.014223005959244112,-0.29077250026723866,-0.24744119370234682,-0.13056313733908728,-1.1311053730325848,-0.12566793929112058
3.84,0.6701076634618484,0.6385051380981841,0.27721674989221406,1.2533901827887217,-0.08737094123722278,-0.0906261496775504,0.002095826894028375,0.4712687923531952,-0.2592134059907639,-0.14238809925045745,-1.134526041800643,-0.30355031984635766
3.85,0.6725646251127461,0.6412753719236148,0.2664060397614847,1.1518027666880686,-0.08766757108360823,-0.0904450348323619,0.047174779102307184,0.6802256086001007,-0.2709505859400241,-0.1542310278113751,-1.1508834367236334,-0.27171629769672245
3.86,0.674979796389535,0.6440418481656275,0.2741695066756858,1.154999322822959,-0.08799910588723231,-0.09037067018487215,-0.0033000522792235214,0.43195292477933367,-0.28265001522116084,-0.1660176956959709,-1.1351474829249746,-0.32887528076696293
3.87,0.6773523417576072,0.6467420327838708,0.2695362414676034,1.3128417575027838,-0.08836619525447686,-0.09022748922205404,-0.009970497667440752,0.28712641327972094,-0.29430898668515126,-0.17780776360990835,-1.1307663447711347,-0.35323767090031644
3.88,0.6796814330687987,0.6493943169326132,0.2565979338592771,1.1579067720416487,-0.08876947530862514,-0.09005253658911729,0.03238683091509769,0.4163725472600396,-0.30592480534230654,-0.1896117039732888,-1.1438326536182253,-0.2993986464672472
3.89,0.6819662497718588,0.6520502742189558,0.2641331355994221,1.4155953976601814,-0.08920956846337952,-0.08999296524452133,-0.009952788382457103,-0.470347877783468,-0.31749478933698105,-0.20135312726664936,-1.121385635533836,-0.1814248257888483
3.9,0.6842059791211206,0.6546594452426145,0.25328756382403206,1.0733565630979325,-0.08968708320072297,-0.08990472529531207,0.024932145494916794,0.3758391925477839,-0.32901627091722185,-0.2131032035892766,-1.140341560634999,-0.3308670194121844
3.91,0.6863998163833246,0.6572272378274151,0.25425033522993995,1.4028309195794757,-0.0902026138531947,-0.0899398412747213,-0.01672370679989531,-0.4599381688978728,-0.34048659739896225,-0.22479184131807659,-1.1221980832601577,-0.19394422662493827
3.92,0.688546965042545,0.6597615447193099,0.24411627067786038,1.06219187859913,-0.09075674039064313,-0.08996184267714687,0.014702728149271805,0.40621060632004946,-0.3519031321243884,-0.23649123255613655,-1.1345078416847272,-0.3239018432542283
3.93,0.6906466370031665,0.662277972776671,0.24738011361249618,1.3578668155523794,-0.09135002821152971,-0.09010621791624872,-0.031499076458927314,-0.48691375850861646,-0.363263255414087,-0.24812460432575545,-1.1154560160832256,-0.1717944072137585
3.94,0.6926980527908613,0.6647091989397144,0.2327085707343535,1.1290054348454035,-0.09198302793884311,-0.09021309731204469,0.006017487417347126,0.4166211697521101,-0.3745643655126055,-0.2597541296795324,-1.1280173770043456,-0.33064407006203345
3.95,0.6947004417515189,0.6671145510623301,0.23107051906332488,1.0662826087803479,-0.0926562752206952,-0.0903565852095283,6.013968470362739e-05,0.32783916549974446,-0.38580387952703804,-0.27134007624331147,-1.1221544108725938,-0.3453466547855542
3.96,0.6966530422480744,0.669492933345132,0.23799194099864374,1.3749269241468172,-0.09337029053565338,-0.09051988778467286,-0.04028422348315652,-0.7301324822639953,-0.3969792343582754,-0.28287014256614595,-1.1040702435053928,-0.20292665274232016
3.97,0.6985551018551936,0.6718025557976687,0.22526612370022076,1.1763089186163986,-0.09412557900287927,-0.09064180089058174,-0.00975616772649919,0.13885835890791703,-0.4080878876245408,-0.2943817497341228,-1.1142718857167542,-0.3679462001146305
3.98,0.7004058775517596,0.6740545447014445,0.21954302496628267,1.3481471245692433,-0.09492263019712538,-0.09069001483659371,-0.005961309090123386,-0.8167928661271374,-0.4191273185768485,-0.3058547980331734,-1.1080590397223036,-0.26003522886095715
3.99,0.7022046359111185,0.676296378675423,0.2174931077143235,1.2286404482156636,-0.09576191796865613,-0.09078666688311718,-0.008477024216753797,-0.8573906133547515,-0.43009502900602137,-0.3172665450381892,-1.1016286345681154,-0.26509956690920167
4.0,0.7039506532890344,0.6785076237161434,0.21234574967449218,1.1842691582074223,-0.09664390026814323,-0.09094982716997091,-0.018222351522609998,-0.8900191668142331,-0.44098854414090205,-0.3286260402794713,-1.0955878652949784,-0.2529331611911177
4.01,0.7056432160093081,0.6806775386048176,0.2104036992188982,1.1789418162011385,-0.09756901897659354,-0.09118204889095574,-0.02350573997102857,-0.8954551233868516,-0.45180541353741244,-0.33993290573266366,-1.0877645889625047,-0.26500474188875034
4.0200000000000005,0.7072816205470128,0.6828011242802529,0.20888118227848296,1.1652601055459788,-0.09853769974036658,-0.09148299882336555,-0.025979079768022172,-0.8974888467551869,-0.4625432119580959,-0.35118546868914635,-1.0879026700095324,-0.23592292020271277
4.03,0.7088651737093024,0.6848759777861948,0.19978492972955258,1.1721488859049998,-0.09955035181132632,-0.09185123439240366,-0.035174231028629495,-0.8779977084204504,-0.47319954024179467,-0.36238150887924314,-1.0801593287858122,-0.2638605482253624
4.04,0.7103931928137467,0.6869008370580234,0.19822594336583693,1.1655525207685524,-0.10060736789218563,-0.09228493499471331,-0.042541345763856125,-0.8914349047841098,-0.48377202616313336,-0.3735185777750278,-1.0704481917181408,-0.2856189620749289
4.05,0.7118650058641505,0.6888748698369903,0.19352974275608703,1.152558782193757,-0.10170912398708551,-0.09278225099943882,-0.047041087741039794,-0.8996558020650148,-0.49425832528144176,-0.3845941337073208,-1.0685404158044598,-0.2817265658004239
4.0600000000000005,0.7132799517238106,0.6907974600259599,0.18613177526281474,1.15345500825338,-0.10285597925746334,-0.09334145001625926,-0.05581274565047632,-0.8655668609177313,-0.5046561217788007,-0.39560562453093545,-1.0645914553882652,-0.25982516473519346
4.07,0.7146373802861714,0.6926680690785124,0.18410239452466673,1.1771706229002834,-0.10404827588324847,-0.09396096540907238,-0.05959953393830306,-0.8719201578343757,-0.5149631292868633,-0.40655050897572004,-1.0558881834770057,-0.2517255008928781
4.08,0.7159366526428332,0.694486156566808,0.1785472501647596,1.1540297136817779,-0.10528633892943665,-0.09463937487384351,-0.0681031130109921,-0.8681765109957734,-0.5251770917021436,-0.41742626096569146,-1.0522492828592493,-0.25247143612895684
4.09,0.717177141248874,0.6962412286324424,0.17220611365537075,1.1768852371699074,-0.10657047621807933,-0.09537299756922588,-0.07535516451408865,-0.8586779420940382,-0.5352957839894237,-0.42822939737435395,-1.0422145362477824,-0.25357198509590584
4.1,0.7183582300854422,0.6979503379845179,0.16562862418253124,1.1634309812213435,-0.1079009782057313,-0.09616763405644134,-0.07736972871043286,-0.8763444307929951,-0.5453170129729816,-0.4389602263289978,-1.0329615553799165,-0.2715821990089997
4.11,0.7194793148195828,0.6996012812789459,0.16085090951099792,1.175781846880827,-0.10927811786639868,-0.09701511572418992,-0.08258641352503669,-0.857218229571738,-0.555238618115314,-0.44961344484368027,-1.0289398021864806,-0.26781314666028544
4.12,0.7205398029612515,0.701203112803176,0.155115458304812,1.1636616756788742,-0.11070215058001673,-0.09791952264086314,-0.09190040843333797,-0.855482710488877,-0.5650584722830512,-0.460188607684043,-1.016612006322764,-0.25434997184675867
4.13,0.7215391140174857,0.7027461202008358,0.14581120261583047,1.1970581205275297,-0.11217331402650221,-0.09887443677150827,-0.09497385621896215,-0.8510616560643173,-0.5747744824997619,-0.4706811520648112,-1.0145521879901707,-0.2728997396182936
4.14,0.7224766796436866,0.7042364355530473,0.1420188923732562,1.1786925939674722,-0.11369182808540731,-0.09988653492879117,-0.09940423735117662,-0.8613454381216323,-0.5843845906853422,-0.4810914448396059,-1.004985281093706,-0.2507500552460297
4.15,0.7233519437919811,0.705672524092158,0.1402992703913305,1.1550594207290164,-0.11525789474120904,-0.10095018147788846,-0.10404894570352985,-0.8602076201725022,-0.5938867743817012,-0.49141536941873454,-0.9965708049116198,-0.2800533771464897
4.16,0.724164362856622,0.7070524509664542,0.13213379247721882,1.1481547380674073,-0.11687169799426778,-0.10206555275032048,-0.10714988431391285,-0.8705786775603398,-0.6032790474644569,-0.5016508379892244,-0.98534691778231,-0.25292616434213216
4.17,0.7249134058163931,0.7083750501208302,0.1244098525184833,1.1617121485852793,-0.11853340377747901,-0.10323252476981702,-0.11601071182295318,-0.861310229728547,-0.6125594608403611,-0.511795727217953,-0.9775254882685839,-0.26013311663574573
4.18,0.7255985543739828,0.7096395412474822,0.12161931485488847,1.1363664832235791,-0.1202431598786474,-0.10445090890031106,-0.12179441085228589,-0.8576829239268504,-0.6217261031301686,-0.5218478869890054,-0.9680800533914732,-0.25594291437346217
4.19,0.7262193030922928,0.7108451851390161,0.11328113636040822,1.140926392058317,-0.12200109586860769,-0.10572037398489209,-0.12209988507736298,-0.8321903277728755,-0.6307771013366954,-0.5318051391822859,-0.9594118178411186,-0.2690812122453901
4.2,0.7267751595276444,0.7119897368132255,0.10606040995345627,1.1488829179380875,-0.12380732303511582,-0.10703906565551069,-0.12992556780984396,-0.8466312825278274,-0.639710621497784,-0.5416650181455948,-0.9520773491610692,-0.25686689394692724
4.21,0.7272656443598566,0.7130731451757772,0.10336777046128728,1.1391050218108014,-0.12566193432253203,-0.10841095560017165,-0.1351899530128831,-0.8432925566001095,-0.6485248693239414,-0.551426143032892,-0.9439757872902136,-0.2661744996831237
4.22,0.7276902915191547,0.7140982043516789,0.09437107873336359,1.1285214074002428,-0.12756500427731635,-0.10983310097374581,-0.1385546701724299,-0.8358579499114799,-0.6572180908203679,-0.5610862858254682,-0.9313677307262174,-0.25933265567911346
4.23,0.7280486483098844,0.7150629474235837,0.09136004175697406,1.1384749346818042,-0.12951658899935178,-0.11130504588088862,-0.14401173607027276,-0.8257605404627545,-0.6657885728931608,-0.5706429942062308,-0.9232527817951237,-0.2520778792374437
4.24,0.7283402755309987,0.7159664622274627,0.08542946945038359,1.125402976131004,-0.13151672609911252,-0.1128269051212436,-0.14438081805729575,-0.8357819340910234,-0.6742346439394289,-0.5800943660783269,-0.9095531029527585,-0.2735100074456264
4.25,0.7285647475932868,0.7168080285238102,0.07832402542486469,1.126418220064132,-0.13356543466069537,-0.11439860430660119,-0.15539393676286503,-0.8437378656958701,-0.6825546744211091,-0.5894384602901853,-0.9073209216872852,-0.2517755823723357
4.26,0.7287216526333171,0.7175870557308114,0.0748257327021222,1.1270842615926104,-0.13566271521071793,-0.1160200852448774,-0.15765819267251083,-0.8381420500836838,-0.6907470774222326,-0.5986733641345371,-0.8922004984953877,-0.2567471859638218
4.2700000000000005,0.7288105926240651,0.7183029999334924,0.063561447611003,1.0990470302309647,-0.13780854969310505,-0.11769124025397487,-0.1664175432697517,-0.8542023071532682,-0.6988103091894466,-0.6077971846205716,-0.8795547874700385,-0.2614465786578455
4.28,0.7288311834821983,0.7189553413167427,0.05993218073414831,1.1187748181634152,-0.14000290144976188,-0.11941196075245664,-0.1675901951478699,-0.8296504207828914,-0.7067428696555562,-0.6168080629156849,-0.8694220789028986,-0.28341364950650294
4.29,0.7287830551719945,0.7195436183690392,0.055687773842681955,1.1151466183020309,-0.14224571520714963,-0.12118217138657027,-0.17309126276809672,-0.810063212995587,-0.7145433029459025,-0.6257041871593997,-0.8569139392687769,-0.26265009539161455
4.3,0.7286658518058619,0.7200673412558131,0.043166406434218846,1.1146107024700356,-0.1445369170687609,-0.1230017317716062,-0.1811453512847532,-0.8326808168391974,-0.7222101978673576,-0.634483762900318,-0.8481028835791986,-0.27562930219115583
4.3100000000000005,0.7284792317414418,0.7205260575137731,0.04305508343167141,1.0889966820891832,-0.1468764145135066,-0.12487057612746885,-0.17975323892309367,-0.8237593984912583,-0.7297421883797592,-0.6431450572238736,-0.8363380528221356,-0.26401905666070097
4.32,0.7282228676752664,0.7209193870968298,0.033188496599512826,1.0917001590396962,-0.14926409640000582,-0.12678861972611072,-0.19225577477109468,-0.8309254298286496,-0.7371379540495884,-0.6516863720289228,-0.8227543155663747,-0.2848550970835259
4.33,0.7278964467329492,0.721246875504455,0.026774952194402867,1.0950170372972963,-0.15169983297678907,-0.12875571082981999,-0.1872407278857763,-0.8218471343197911,-0.7443962204857277,-0.6601060331042367,-0.8142691123856413,-0.2949537942434909
4.34,0.7274996705558847,0.7215065642580719,0.02541203611491266,1.1125942023236135,-0.1541834758984038,-0.13077125954755844,-0.19652899617373146,-0.8120586530296381,-0.7515157597571103,-0.6684022354686282,-0.8030156429693246,-0.2775002535235016
4.3500000000000005,0.7270322553844378,0.721700568390764,0.015117722137562031,1.0763957674279174,-0.15671485824742218,-0.13283653598628392,-0.20124393939010196,-0.8279153092524569,-0.7584953907921146,-0.6765739080521381,-0.7894036751003682,-0.26341424589703594
4.36,0.7264939321376005,0.7218278867219179,0.009704078879357248,1.0697476097034833,-0.15929379456234602,-0.1349503127211612,-0.20592428924871184,-0.8197490017332419,-0.7653339797595317,-0.6846191128374737,-0.775607556594441,-0.28847758059829787
4.37,0.7258844464890954,0.7218879748231788,0.00132553099926183,1.1022407632641729,-0.16192008087139992,-0.1371126292608045,-0.21467278753461197,-0.8212709854088736,-0.7720304404309752,-0.6925364125034866,-0.7646594303661434,-0.2735394740097827
4.38,0.7252035589399094,0.7219424468053831,0.006476618709736098,0.4974865189962123,-0.16459349473220142,-0.13936519834703115,-0.22242933197692552,-0.36017381047692565,-0.7785837345245765,-0.7003366518581261,-0.7544219426977997,-0.24876377015218196
4.39,0.7244510448872363,0.7219798285974623,0.0020996137324296445,0.3481733208207664,-0.16731379527730011,-0.14163752529581658,-0.22368752753530963,-0.44821870764185784,-0.7849928720298401,-0.7079989749242585,-0.7420342018516418,-0.24402537469384258
4.4,0.723626694689815,0.722016503693731,0.011429119555972598,0.5091169229455682,-0.17008072326557008,-0.14397744815070185,-0.23612602535846242,-0.8507534128538197,-0.7912569115135335,-0.7155311689111851,-0.7286959815985956,-0.2667730518188252
4.41,0.7227303137296426,0.722038775821207,0.00981372201590925,0.32353696580769115,-0.17289400113944106,-0.14634097728927697,-0.24225067564634425,-0.9068895790840419,-0.7973749604064839,-0.7229264565438013,-0.7191030718991319,-0.2665374193787815
4.42,0.7217617224700495,0.7220405154182558,-0.007379136164754538,-0.269545310819486,-0.17575333308795482,-0.14873679008311283,-0.2283107390092282,-0.6080323963147203,-0.8033461752711912,-0.730186426139773,-0.7011408751687374,-0.27257633234125944
4.43,0.7207207565101225,0.7219959760819109,-0.006438320568717306,0.06605014043981278,-0.1786584051156211,-0.15119129864419273,-0.24734888267565877,-1.0202418616310043,-0.8091697620501295,-0.7373048055791575,-0.6858666921605281,-0.30015271130657856
4.44,0.719607266635459,0.7219641717700478,0.0020348990834769924,-0.6516135399483034,-0.18160888511706,-0.1537249189507537,-0.24889918298864333,-0.6058753810916878,-0.814844976294661,-0.7442992803547849,-0.6734739028970553,-0.26153200633371726
4.45,0.7184211188652451,0.721890834852668,-0.00846442783485034,-0.889120502490252,-0.18460442295740376,-0.15627483167601444,-0.25610751079294064,-0.6586757538178835,-0.8203711233744633,-0.7511474319624363,-0.666438889436741,-0.26194257037486685
4.46,0.7171621944956372,0.7218441214729849,-0.006853941813327395,-1.1872257251568537,-0.18764465055843635,-0.15887569066803592,-0.25533169332180916,-0.7676643616218312,-0.8257475586674021,-0.7578580877493717,-0.6489716573750492,-0.2891277958060581
4.47,0.7158303901394467,0.7217238640441913,-0.017373680877700186,-1.3313784795211947,-0.1907291819904458,-0.16149711770335134,-0.25619994999437584,-0.8057103270653263,-0.8309736877297652,-0.7644191991231737,-0.6368996255761001,-0.2941756740442686
4.48,0.7144256177621074,0.721503912674541,-0.029988025957128323,-1.397254888387499,-0.19385761356975764,-0.16415775179931416,-0.26111624664909217,-0.8028196479227232,-0.8360489664468027,-0.770836278721992,-0.6177801541442833,-0.28922622143185
4.49,0.7129478047139262,0.721173917492067,-0.03860517897579636,-1.4124360651070624,-0.19702952396192347,-0.16686385151995858,-0.26733109214698403,-0.8198313078183214,-0.840972901163513,-0.7771106641044567,-0.6108040195126871,-0.295419269541718
4.5,0.7113968937585982,0.7207320817292303,-0.047728580840134927,-1.4120631115267226,-0.20024447429053566,-0.16961800651288614,-0.2720017300828906,-0.8210777192848168,-0.8457450487956327,-0.7832424634482523,-0.5951090077169168,-0.30833683662249545
4.51,0.7097728430979899,0.7201799784545257,-0.06391482854417835,-1.405089734364206,-0.20350200825162784,-0.1724208352282625,-0.27820877184349185,-0.803224999292097,-0.8503650169207824,-0.7892311539089977,-0.5809777177685733,-0.2915649205338434
4.5200000000000005,0.7080756263931764,0.7195203204089914,-0.07152165798342477,-1.4096017606264126,-0.20680165223363733,-0.17527207458922592,-0.28250314584305586,-0.8224154408503704,-0.8548324638497428,-0.7950759661516706,-0.5648442474918848,-0.3010537489288213
4.53,0.7063052327817299,0.718758783070901,-0.08130194465090801,-1.4308508466208734,-0.21014291544287983,-0.17817292628255796,-0.2803981908467998,-0.7974952685358783,-0.8591470986778347,-0.8007765559482677,-0.5548176465453776,-0.2873512553616645
4.54,0.7044616668912541,0.7178951989160464,-0.09082139829763743,-1.422830065266014,-0.21352529003451437,-0.18111794001509207,-0.28895738826586403,-0.8011681173030588,-0.863308681316389,-0.806330872124963,-0.53932014561758,-0.3025654580465105
4.55,0.7025449488491632,0.7169350308406853,-0.1003637679469633,-1.413329966103627,-0.21694825124894207,-0.1841118160133125,-0.29224552801392084,-0.8128713558085813,-0.8673170225042954,-0.8117395541434443,-0.5230180038253194,-0.2848688841407317
4.5600000000000005,0.7005551142886999,0.7158760897666945,-0.10756493614553725,-1.388805042186634,-0.2204112575536122,-0.18714871157425483,-0.3026876145078857,-0.7914373561217591,-0.8711719837996335,-0.817000413700083,-0.5107186113652908,-0.31561751977665303
4.57,0.6984922143511918,0.7147214078559416,-0.11673146463688067,-1.3867774156820534,-0.22391375079018067,-0.19023156769812244,-0.3009979449060588,-0.7911518290631231,-0.8748734775513916,-0.8221138841556456,-0.49376846505069727,-0.3171948081542313
4.58,0.6963563156845451,0.7134742301155107,-0.126283026806247,-1.3918718713276454,-0.22745515632698488,-0.19335923488138199,-0.31104178038126234,-0.7870101422644471,-0.8784214668512936,-0.827079268974029,-0.47900265379675255,-0.29642180115212313
4.59,0.6941475004379776,0.7121397072484847,-0.1353435116338495,-1.393832125949557,-0.23103488321678384,-0.1965314334930881,-0.312739743175077,-0.7856108941908272,-0.8818159654657529,-0.8318961759431994,-0.4609967040354917,-0.28833413501053695
4.6000000000000005,0.6918658662529884,0.7107147777113471,-0.1458656323755257,-1.37863787889409,-0.23465232435971503,-0.19974556316103928,-0.3200866141422684,-0.8126144797416817,-0.8850570377479894,-0.8365634669337844,-0.45114430075614104,-0.30720162018820935
4.61,0.68951152625057,0.70920260510595,-0.15625905303010204,-1.3904591241646969,-0.23830685667142126,-0.20300250848358917,-0.3175687916988497,-0.797364197521876,-0.8881447985303478,-0.8410812326161753,-0.4364183675123662,-0.3040266565523496
4.62,0.6870846090146616,0.7076099022035516,-0.16351036329847496,-1.4225724235249935,-0.24199784125629797,-0.2063046472804038,-0.32112634442549653,-0.753457957482404,-0.8910794129968671,-0.8454498925303798,-0.42141305830987835,-0.3006942324878006
4.63,0.6845852585718527,0.7059323412062569,-0.17291988697642371,-1.4079984582445166,-0.2457246235857989,-0.20964255030076256,-0.3281871562423229,-0.7843313452239203,-0.8938610965361564,-0.8496669552287777,-0.40752327893584683,-0.2928473852572579
4.64,0.6820136343673366,0.7041689596514716,-0.18034574764895706,-1.3976213536284434,-0.24948653368175788,-0.21302219781139756,-0.3326436973850548,-0.7674676733368372,-0.89649011457464,-0.8537336070340114,-0.39402863910944347,-0.32711655829605574
4.65,0.6793699112371219,0.7023227644612229,-0.18987315501439314,-1.371094450905024,-0.25328288630466017,-0.21644248569146,-0.3404107556133127,-0.7621048962696712,-0.8989667823902462,-0.8576497561520632,-0.3791305971234208,-0.31119628869972193
4.66,0.676654279376509,0.7003954014870578,-0.19970434502265438,-1.3830849363483637,-0.2571129811468139,-0.21990234571126516,-0.34181452679213215,-0.7790498270255496,-0.9012914649066155,-0.8614151264977167,-0.36863636168162905,-0.2986305724580353
4.67,0.6738669443048375,0.6983880623659265,-0.2069014389069768,-1.3920394066035393,-0.2609761030303583,-0.22340099912641476,-0.3427865564748983,-0.7641565274484852,-0.9034645764679243,-0.8650295879492852,-0.35101053742979177,-0.31650287943147054
4.68,0.6710081268265142,0.6963098600225675,-0.21136301731905038,-1.418831083452603,-0.26487152211004766,-0.22694034435290658,-0.34971015898347374,-0.7572425564618369,-0.9054865805944075,-0.8684939441520164,-0.3372823295198826,-0.3099065312935358
4.69,0.6680780629883301,0.6941480187827581,-0.2182088954319807,-1.3922381074299526,-0.2687984940807533,-0.2305124184406799,-0.35102635038174496,-0.7608260658084777,-0.9073579897186924,-0.8718058588186987,-0.3198113777431987,-0.3092698781972536
4.7,0.6650770040330781,0.6919150855375986,-0.224241490289278,-1.4240641662595404,-0.2727562603896114,-0.23412530658185418,-0.3548062635570489,-0.7386623399865627,-0.9090793649030533,-0.8749681872954592,-0.3106008976522668,-0.33067760090392195
4.71,0.6620052163494803,0.6895986829246585,-0.23574852118880385,-1.3901409431778302,-0.276744048452766,-0.23776984616982938,-0.3582584755908849,-0.7430434945350364,-0.9106513155377012,-0.8779783632836019,-0.29396640075838193,-0.3254117477909711
4.72,0.6588629814184384,0.6872032613988502,-0.24405318366552703,-1.374590758872297,-0.2807610718766249,-0.2414513548449428,-0.3615148210633923,-0.7419798494324852,-0.9120744990202392,-0.8808384358617553,-0.2730916880524612,-0.30805753759313287
4.73,0.6556505957556202,0.6847311504212202,-0.250444321159845,-1.3946643899939315,-0.2848065306835713,-0.2451682914044396,-0.36513013966184404,-0.7507929968748907,-0.913349620416416,-0.883548385908909,-0.2661182685132356,-0.3209411492062763
4.74,0.6523683708503972,0.6821836878316813,-0.254402674908288,-1.3911490335579288,-0.2888796115420582,-0.24891956833210668,-0.36673991129064987,-0.7319082878783172,-0.9144774321023184,-0.886108373056423,-0.2474418668448591,-0.318189071546234
4.75,0.6490166331011439,0.6795616660836732,-0.2615220163504854,-1.4046785329016573,-0.29297948800101625,-0.2527042838717613,-0.3726329154230236,-0.7355221043274495,-0.915458733388152,-0.8885186606223032,-0.23524418587594723,-0.31200474911957776
4.76,0.6455957237469181,0.6768657167844201,-0.26811103960672367,-1.3899171289286567,-0.2971053207285018,-0.25652168535428116,-0.3737327539542107,-0.7342282355259493,-0.9162943701237656,-0.8907796127080775,-0.2246997258019085,-0.32515645286511696
4.7700000000000005,0.6421059987955396,0.6741065371393036,-0.2768132067220195,-1.454315395168327,-0.30125625775451303,-0.26037559588555004,-0.3789621273503784,-0.7429205243097655,-0.9169852342860839,-0.8928930083851051,-0.20416397389878296,-0.33678696339872294
4.78,0.6385478289480819,0.6712693926876327,-0.28486757115293726,-1.4119998721709621,-0.30543143471789846,-0.26425264643574586,-0.38444739191631244,-0.7447021293160971,-0.9175322635486183,-0.8948556649966243,-0.19101572337561804,-0.33009576354556724
4.79,0.634921599519795,0.6683557136353754,-0.29268503748292485,-1.4358964244304995,-0.3096299751172854,-0.26816214725870113,-0.38338570022948243,-0.7508438719246214,-0.9179364408332362,-0.8966708867966368,-0.1762070384005477,-0.31528330891610556
4.8,0.6312277103574816,0.6653684120237355,-0.29732473258173303,-1.4102119591684168,-0.31385099056594545,-0.27210224680492273,-0.3862729690353985,-0.7313565017607105,-0.9181987938443683,-0.8983390535821169,-0.16314523373030906,-0.34144636559101593
4.8100000000000005,0.6274665757533437,0.6623089941542868,-0.305112250287156,-1.3889336847870284,-0.3180935810505273,-0.27607164883903,-0.3854890693881617,-0.733830373464641,-0.9183203945858536,-0.8998606241435153,-0.14724212929765618,-0.32578933951097067
4.82,0.6236386243553242,0.6591782973734087,-0.3140149264684453,-1.3805709131612356,-0.3223568351935645,-0.28006930592679613,-0.3918949162346332,-0.7151898328236646,-0.9183023588606138,-0.9012361851243359,-0.13450024603490518,-0.33296593195126656
4.83,0.6197442990739598,0.65597692104569,-0.32135995804048123,-1.4106243546178474,-0.3266398305196956,-0.2840943203789207,-0.39112663557096927,-0.7317840846061803,-0.918145845753372,-0.9024664230467826,-0.12251648778878355,-0.3260359765374141
4.84,0.6157840569857722,0.6527053591388362,-0.3260146686975491,-1.4067114348670224,-0.3309416337254959,-0.2881458469453519,-0.3983186841578134,-0.7308405051314919,-0.9178520570966164,-0.9035520888824293,-0.11005661537412757,-0.3177000086362924
4.8500000000000005,0.6117583692332202,0.6493640636617721,-0.3355748566659009,-1.4078349101560368,-0.3352613009528512,-0.2922230735049656,-0.4016999529796955,-0.7021888334481204,-0.9174222369200411,-0.9044939867914519,-0.0920972362185259,-0.33269791838529245
4.86,0.6076677209212391,0.6459534879952593,-0.34185231597708066,-1.3899604496751183,-0.3395978780657844,-0.29632514114100794,-0.40509851508596,-0.7199705129706282,-0.9168576708836849,-0.9052929698453881,-0.07654767808516429,-0.3252070829448901
4.87,0.6035126110103846,0.6424867324050375,-0.3453328452757422,-1.4753891245933572,-0.34395040093065066,-0.3004568892346456,-0.4018291350190844,-0.7236896459683599,-0.9161596856949942,-0.9059515796819192,-0.0653928454089712,-0.32739869667881316
4.88,0.5992935522066171,0.6389453033912605,-0.35528491878255136,-1.4196651250359988,-0.3483178956996149,-0.3046018530061507,-0.4060008691162587,-0.7274263079631058,-0.9153296485100639,-0.9064663454561894,-0.05329075515244697,-0.3510778382685312
4.89,0.5950110708477497,0.6353308301131085,-0.3619835626714029,-1.4326003585852818,-0.3526993790973235,-0.30877160957707217,-0.41015551383321974,-0.7361352216856113,-0.9143689663192891,-0.9068416021302462,-0.041625674399824765,-0.35655919618469245
4.9,0.5906657067865839,0.6316469103227411,-0.36877029983942433,-1.4140566929797087,-0.35709385871068533,-0.31296391341666513,-0.41288058505801917,-0.7072176790053095,-0.9132790853176852,-0.9070781575133042,-0.025821609625682217,-0.33999718855010796
4.91,0.5862580132707673,0.6278952846646405,-0.37494374092256244,-1.4368236092538103,-0.36150033328166664,-0.3171772081443473,-0.4115132931136971,-0.7180849926071453,-0.9120614902601326,-0.9071768805218908,-0.013756204492868433,-0.3425883024703211
4.92,0.5817885568193973,0.6240937502227359,-0.38031270915502075,-1.4321812687460753,-0.3659177930030201,-0.3214060553863383,-0.4142349184633102,-0.7054823215692937,-0.910717703801813,-0.907413628328287,-0.06390299136677383,-0.3261928394543994
4.93,0.5772579170964067,0.6202171846901872,-0.39025023580936197,-1.45033697176876,-0.37034521981684576,-0.3256564157692491,-0.42005189615472005,-0.7645765962146236,-0.9092492858241014,-0.9075279213978744,0.01033540578998748,0.2703991201596254
4.94,0.5726666867807555,0.6162700842410723,-0.3938076476250591,-1.3982624359340896,-0.37478158771589837,-0.3299210618380674,-0.41967032461666864,-0.6643005044930638,-0.9076578327461976,-0.9075894664890501,-0.028587373110227125,-0.24035840282219798
4.95,0.5680154714334678,0.6122516230786463,-0.40076687107232317,-1.4495001481032097,-0.3792258630475471,-0.3342125675696997,-0.4253059446171437,-0.746843429924639,-0.9059449768227701,-0.9073756648737332,0.04331089857069807,0.2494746719442021
4.96,0.5633048893615384,0.6081747194724723,-0.40663022790036535,-1.4311705799587855,-0.38367700482029493,-0.3385087424565671,-0.42213001275338696,-0.7452618028076522,-0.9041123854279074,-0.9072598975650055,-0.006833020717318465,0.25878145239222006
4.97,0.5585355714787491,0.6040319852095312,-0.41391274272015294,-1.4410245303830878,-0.3881339650127632,-0.34282527939016283,-0.4230317660740663,-0.7270558390173315,-0.9021617603256651,-0.9069980439266815,0.008062622212130026,0.34222302079659567
4.98,0.5537081611634254,0.5998388720081809,-0.4206804399778795,-1.455628734081907,-0.39259568888504254,-0.34715982632204045,-0.42952292439200507,-0.7265681970537112,-0.900094836927506,-0.9067094602528444,0.026610881476081316,0.3583797675033049
4.99,0.5488233141131705,0.5955694727112604,-0.42762193914446694,-1.43929971571783,-0.3970611152923182,-0.35150352490907827,-0.42553978927277636,-0.699652902799566,-0.8979133835369393,-0.9062400464877945,0.04372778134088659,0.34217447825773945
5.0,0.5438816981966061,0.5912340447724029,-0.43392758143859034,-1.424560583527641,-0.4015291770006777,-0.3558612140210085,-0.4263704829335304,-0.708180728414503,-0.895619200581666,-0.9055979139940608,0.05981619391431357,0.36613932278808103
5.01,0.5388839933021653,0.586835904291081,-0.439015380371673,-1.4130490430333469,-0.40599880100498853,-0.3602305383036513,-0.42982362617865694,-0.7015115961281012,-0.8932141198335439,-0.9047885991926239,0.078873257699372,0.35655097820181864
5.0200000000000005,0.5338308911839691,0.5823766221246954,-0.4467647018589588,-1.437016443728108,-0.410468908848768,-0.3646098644101386,-0.43118555267413755,-0.6984298684590592,-0.890700003616692,-0.9038174624595766,0.0886107115467985,0.37012038123850743
5.03,0.5287230953048236,0.5778571811662522,-0.44979770821250853,-1.4151823993823232,-0.41493841694592615,-0.3689980248336397,-0.4325857693622529,-0.6963915452028614,-0.8880787440040533,-0.9026896509775675,0.1052287480887415,0.35422019437482666
5.04,0.5235613206763776,0.573278254206128,-0.45813794762528637,-1.4084608896869837,-0.41940623690430373,-0.37339393446923747,-0.432073069021963,-0.7161892848097823,-0.8853522620027467,-0.9014100310169394,0.1182814861271675,0.33053422639668467
5.05,0.5183462936964822,0.568640477110202,-0.4673769453084678,-1.4164562154824365,-0.42387127585088447,-0.3777966062513483,-0.43196635556276564,-0.702473565914726,-0.8825225067285445,-0.899983216477719,0.13072563829652709,0.3591396063479643
5.0600000000000005,0.5130787519837878,0.5639444268976833,-0.46691332025006493,-1.4227071413718,-0.42833243675859956,-0.3822050069892226,-0.43034930459342935,-0.7139230932303099,-0.8795914545697983,-0.8984135661916206,0.14837528130644273,0.33203212295334866
5.07,0.5077594442096229,0.5592099240480932,-0.47039190737578324,-1.5046748469330624,-0.43278861877461083,-0.38662408341158017,-0.43331139117692064,-0.7065633586789942,-0.8765611083411728,-0.8967070623408788,0.16537594870899505,0.34247775778086975
5.08,0.5023891299271894,0.5544054094009138,-0.48048958493781857,-1.446524416603637,-0.43723871754997895,-0.39103611994386916,-0.4387509845344527,-0.6905783175155694,-0.873433496427515,-0.8948625828840272,0.17496955795309593,0.3531777903975238
5.09,0.4969685793981287,0.5495388668177896,-0.4820774746823914,-1.4319991847098352,-0.4416816255706128,-0.39545381161205967,-0.433448923517775,-0.7169903631200553,-0.8702106719182198,-0.8928879213833244,0.18664761141951847,0.34677998150552636
5.1000000000000005,0.4914985734164835,0.5446143543191118,-0.49045854504331143,-1.420193246482147,-0.44611623248939464,-0.39987442958834324,-0.432848186577594,-0.6897633752001582,-0.8668947117324355,-0.890786253777735,0.1997470095768424,0.34952271605093027
5.11,0.4859799031301177,0.5396339131368141,-0.4913313165959131,-1.435946845197694,-0.4505414254593855,-0.4042961700986405,-0.43593852024921625,-0.6712226778821039,-0.8634877157354747,-0.8885608091598457,0.2138467990064987,0.32909971592016646
5.12,0.4804133698596184,0.5346129446177948,-0.49776158595067266,-1.5523421658175156,-0.45495608946800264,-0.40872669361284364,-0.43664798886465306,-0.613803491254692,-0.8599918058467789,-0.8862168760805963,0.22197870671415168,0.33205470133475207
5.13,0.47479978491474484,0.5295355634434643,-0.5045491926668403,-1.4413409014208802,-0.45935910767206756,-0.4131405003513427,-0.4339844209668489,-0.7046537239934089,-0.856409125139814,-0.8837524261037716,0.2355826871217542,0.34353889977450464
5.14,0.46913996940844804,0.5243960685032738,-0.5156337899085365,-1.434830511197688,-0.46374936173362324,-0.4175551015911105,-0.43305570261608956,-0.6950452812696902,-0.8527418369342467,-0.8811738992687171,0.24639187144614422,0.34856906386618114
5.15,0.46343475406852486,0.5192189052521031,-0.5169870877679198,-1.4697010659055416,-0.46812573215641196,-0.4219719293296318,-0.4329027294289861,-0.7197893496797507,-0.8489921238807848,-0.8784859861946078,0.2558140873438378,0.32550708666619343
5.16,0.45768497904694483,0.5139749498385214,-0.5238420529285202,-1.4358950748347676,-0.472487098622917,-0.4263775333413475,-0.43404496177161084,-0.6900814010767448,-0.8451621870390491,-0.8756877260366441,0.2660447647937131,0.31711273997384876
5.17,0.45189149372688997,0.5086759726636385,-0.5235476906325546,-1.4387803789519524,-0.4768323403318584,-0.43077982782048024,-0.43136595977726594,-0.695246392534983,-0.8412542449488477,-0.8727847756057797,0.2751377479257303,0.3286866319805542
5.18,0.44605515652756783,0.5033473887615517,-0.5273563653713903,-1.5061085004874533,-0.48116033633604144,-0.4351829529178987,-0.43268610508879396,-0.70526662991466,-0.837270532695235,-0.869781622639768,0.2871329945967857,0.32540096957481646
5.19,0.440176834706838,0.4979840874331942,-0.5341987756427804,-1.504815221616959,-0.4854699658804546,-0.43957276537373097,-0.4345382603890258,-0.7069551138856172,-0.8332133009677349,-0.8666771801099113,0.2964221433031825,0.32688633232141057
5.2,0.4342574041617015,0.49254266603803626,-0.5433975664987036,-1.4630058096477527,-0.4897601087405055,-0.4439449710995935,-0.4301167263467377,-0.6973224142646308,-0.8290848151141149,-0.8634727767970243,0.3067942210829563,0.32012874159008364
5.21,0.42829774922669794,0.48706459855298245,-0.5455979160469709,-1.542300468841685,-0.49402964556030554,-0.44832064944932015,-0.42950864295836444,-0.6887531746730826,-0.8248873541890783,-0.8601778909455853,0.3170785470740763,0.32853826852000323
5.22,0.42229876247027187,0.48152656145645517,-0.5511323195120534,-1.4710400190417228,-0.49827745819088026,-0.45267201816896885,-0.4284105873299744,-0.6961509185849706,-0.8206232099982875,-0.8567876663214413,0.3242876678170678,0.3339604453382375
5.23,0.4162613444891415,0.4759336415814346,-0.5531238728714108,-1.4542122649426938,-0.5025024300282173,-0.4570157072288338,-0.4273079943263173,-0.6887459788506795,-0.8162946861380842,-0.8533093464182646,0.3314510480525241,0.32468189083048915
5.24,0.41018640370073883,0.4703170591405344,-0.5606055714419766,-1.6616534654476582,-0.5067034463510338,-0.461363441285471,-0.4299767473374934,-0.525563612590397,-0.8119040970313123,-0.8497485959376745,0.3387649299022375,0.3184242273256152
5.25,0.40407485613375016,0.4646507244578384,-0.5648894622969514,-1.4947408835196683,-0.5108793946581733,-0.46567116853492657,-0.425385332021368,-0.704837624692014,-0.8074537669596186,-0.8460985401228825,0.34983625230825804,0.33370115629479835
5.26,0.3979276252168319,0.4589350511256468,-0.5661046452627468,-1.4691500541885658,-0.5150291650055159,-0.4699783103264493,-0.42970645893275017,-0.6880870028247336,-0.8029460290926435,-0.8423682517861518,0.3575964643286564,0.33608238963518117
5.2700000000000005,0.3917456415655321,0.45317869968321844,-0.5707382548741712,-1.4773624609748193,-0.5191516503423017,-0.4742579957131292,-0.4234949968205316,-0.6958533617434175,-0.798383224514481,-0.8385595816058272,0.36504756544166794,0.3154978190354253
5.28,0.38552984276748914,0.4474871295020052,-0.5594472734203317,-2.6072410944408198,-0.523245746846768,-0.47859831618513743,-0.42602315668899093,0.07984424788532699,-0.7937677012478134,-0.834690778883144,0.36525681343135125,0.33156322483416345
5.29,0.3792811731659413,0.44172733494666155,-0.5749873717735585,-1.6973447253564484,-0.5273103542609899,-0.4827936173546493,-0.415684357037891,-0.8001146144329336,-0.7891018132761037,-0.8307216848697161,0.37855033385905695,0.3057688848714905
5.3,0.37300058364161476,0.4358653512853794,-0.582901074684032,-1.7063490102112375,-0.5313443762248266,-0.48700835580927127,-0.4152983854835092,-0.6332364794208823,-0.7843879195642601,-0.8266854017681577,0.3839515220189209,0.31967900925508397
5.3100000000000005,0.3666890313930376,0.4299330184413925,-0.5869630137184512,-1.5099565961707084,-0.5353467206088649,-0.49120123680197664,-0.4139934022083401,-0.7084126981606338,-0.7796283830781552,-0.8225815088272612,0.39296351695439186,0.322730116008833
5.32,0.3603474797153363,0.42394232849470265,-0.5966788838126195,-1.4484987872791477,-0.5393162998462606,-0.49538224653986196,-0.4112287010623747,-0.6902009579087672,-0.7748255698034098,-0.8184132575810377,0.40138359087232617,0.3357644447860798
5.33,0.3539768977775618,0.4179082597025626,-0.596499471033854,-1.4418318473031757,-0.5432520312633797,-0.4995445881076695,-0.4116734126388042,-0.6852231880680744,-0.7699818477638225,-0.8141822803276186,0.40720797908662876,0.3317734734342092
5.34,0.34757826039860784,0.41183686450951573,-0.6022543313895484,-1.4100047838009175,-0.5471528374091233,-0.5036841127829074,-0.4059303211426069,-0.6957915234198041,-0.7650995860398649,-0.8098900692354608,0.41074346305005,0.31717384066634463
5.3500000000000005,0.3411525478217764,0.40573103909925434,-0.6070311627227755,-1.405593899452573,-0.5510176463828523,-0.5077985893612001,-0.403560186387849,-0.6753765266278052,-0.7601811537876253,-0.8055386938143347,0.41854740578478294,0.32188215779890406
5.36,0.334700745488038,0.39959242035723014,-0.6067046523521002,-1.42029111377667,-0.5548453921607935,-0.5118864630935787,-0.40243854440131765,-0.6839656047769834,-0.7552289192586018,-0.8011304394025823,0.42191221284270836,0.3223700093442018
5.37,0.32822384380804764,0.3934219344653239,-0.6178453799630954,-1.4199243743740901,-0.5586350149208446,-0.5159464349330408,-0.40335624564842204,-0.6806669647658785,-0.7502452488207455,-0.7966676521432584,0.42659591507441913,0.31979508797383066
5.38,0.3217228379329737,0.38722042686442276,-0.6181434329331978,-1.4237584612974554,-0.5623854613656573,-0.5199773949552589,-0.3956898517800513,-0.6752542044611994,-0.745232505981149,-0.7921527410459592,0.42979225382207514,0.34768748202892696
5.39,0.315198727524195,0.3809886111115279,-0.61989062984259,-1.4343638510154568,-0.5660956850439167,-0.5239782499500064,-0.395319389282981,-0.6776497398429365,-0.740193050410777,-0.7875881087555664,0.43961760672788325,0.3104926105115141
5.4,0.30865251652191494,0.37475182306100696,-0.6218200849445963,-1.4620135070658085,-0.5697646466697083,-0.5279532156631903,-0.38973061941042025,-0.696410199744354,-0.7351292369716309,-0.7829779414137149,0.44236259843041603,0.32419313187833526
5.41,0.30208521291276486,0.36846710867672283,-0.6224805004318693,-1.4240679062360602,-0.5733913144398712,-0.5318861769073361,-0.38625153149810215,-0.6873465468628397,-0.7300434147467495,-0.7783196609894979,0.44613337912487666,0.32758190758142636
5.42,0.2954978284964363,0.36214926538457165,-0.6307292550839566,-1.4466902295232773,-0.5769746643492543,-0.5357887775699384,-0.38538479988663404,-0.6691169337452677,-0.7249379260734279,-0.7736197600077909,0.45020018201833234,0.32023531918235
5.43,0.28889137865141273,0.3558023213539876,-0.6295143866405969,-1.4070669399109152,-0.5805136805037562,-0.5396582628805132,-0.38314580117948305,-0.6956787589991493,-0.7198151055800598,-0.7688801205364226,0.4563681496448521,0.30807312933807024
5.44,0.28226688209984974,0.34945488860826507,-0.6308669332999447,-1.4917915728816242,-0.5840073554310726,-0.5435008433019248,-0.37918179481710795,-0.6968021049439579,-0.7146772792269792,-0.7641055026432035,0.45697581914316154,0.32022856930208937
5.45,0.27562536067167104,0.3430638797193873,-0.630839571237039,-1.43125813939584,-0.5874546903890422,-0.5472927791054066,-0.37298301072094703,-0.7120371710560053,-0.709526763351703,-0.7592910189042865,0.46336715906514253,0.32415865360426543
5.46,0.26896783906792027,0.3366409207617555,-0.6396230108685526,-1.4242024088312872,-0.5908546956715002,-0.5510514100943976,-0.37233951384711644,-0.6899435268988614,-0.7043658637189509,-0.7544447489874823,0.4630008746181862,0.3003136928175899
5.47,0.26229534462344894,0.3301915668583718,-0.6396245118832014,-1.411394865332081,-0.5942063909115474,-0.5547732549053949,-0.3676821215621551,-0.7098637153933244,-0.6991968745758368,-0.7495684049917104,0.4663075452510637,0.3215991952563309
5.48,0.2556089070689826,0.3237186596407877,-0.6429500026333395,-1.4279635223162328,-0.5975088053821334,-0.5584563205069739,-0.365127312608567,-0.684607757542146,-0.6940220777126029,-0.7446640272395432,0.469644450788992,0.3138314713968131
5.49,0.24890955829262987,0.3172237876903177,-0.6420866261512779,-1.3994083124763048,-0.6007609782938711,-0.5620991212859787,-0.36264846263284406,-0.6870895956694135,-0.6888437415292921,-0.7397338150396783,0.4731978623403286,0.30790225122642156
5.5,0.24219833210088898,0.31073496292183916,-0.6422906945284257,-1.4712068747556675,-0.6039619590899821,-0.5657061913665501,-0.3551503620971219,-0.6899800747115344,-0.683664120108718,-0.7347820292950472,0.47395033127844893,0.31878553584221647
5.51,0.23547626397921764,0.3042053688275657,-0.6460761374359159,-1.4342888203916773,-0.6071108077382852,-0.5692600839824067,-0.3530940387204737,-0.6971439613461153,-0.6784854522961283,-0.7298054353637831,0.4769052059151128,0.2976802495207802
5.5200000000000005,0.22874439085221684,0.2976513586493803,-0.6521635882170355,-1.412676967147356,-0.610206595020141,-0.5727736409228319,-0.3508491859895348,-0.7077377226849048,-0.6733099607859144,-0.7248109164568207,0.47841030800843476,0.32139631264666196
5.53,0.2220037508434928,0.2910774311245814,-0.6544403722097155,-1.409187535162624,-0.6132484028162525,-0.5762439622795488,-0.3428864347944688,-0.6648553501329059,-0.6681398512157526,-0.7198002018637655,0.48252922468733483,0.30301568003841645
5.54,0.21525538303525063,0.28448594283973516,-0.6498495895959568,-1.4084536722585288,-0.6162353243892498,-0.5796692730811954,-0.3382798049030781,-0.6707527429504844,-0.6629773112685347,-0.7147753310548014,0.48372001654577296,0.3259115531864773
5.55,0.20850032722768677,0.2778783826413856,-0.6542694259362682,-1.412655921653678,-0.6191664646629542,-0.5830482972278318,-0.3347260354419308,-0.6869402130650513,-0.6578245097824513,-0.7097384867148087,0.4790004025179605,0.3139534698235939
5.5600000000000005,0.20173962369822884,0.2712559315052427,-0.6532175224587196,-1.4017960233392086,-0.6220409404982482,-0.5863799410645294,-0.3314439644368287,-0.6967734302714,-0.6526835958695952,-0.7046919023642866,0.48656832835284214,0.3129686985129547
5.57,0.19497431296069387,0.26461957435375744,-0.6567053572325683,-1.4194969906587012,-0.6248578809654595,-0.5896631825468225,-0.32658717496288603,-0.6892511870967286,-0.6475566980434346,-0.6996378142213346,0.4851642646167943,0.31829174346564043
5.58,0.18820543552441166,0.25799386498008353,-0.6522960566648837,-1.515550539115377,-0.6276164276131763,-0.5929070910192142,-0.3160422521951296,-0.6944562254985654,-0.6424459233555088,-0.6945815840450567,0.4839350113938069,0.33126802710855174
5.59,0.18143403165337926,0.25134397499067346,-0.6609316412592182,-1.4323152990714023,-0.6303157347334132,-0.5960830689304715,-0.31419196281059963,-0.7131559286560561,-0.6373533565416993,-0.6895170286145806,0.48521990958714223,0.3090911716752933
5.6000000000000005,0.17466114112550662,0.24467364934812724,-0.6587317135228289,-1.4286705258487307,-0.6329549696230393,-0.5992123767292,-0.3082778397851743,-0.7089185026466949,-0.632281059178422,-0.684452777095455,0.482147517551559,0.30757861998500136
5.61,0.1678878029920103,0.23798990109388704,-0.6613522283792705,-1.3921310780176752,-0.6355333128413954,-0.6022916505258444,-0.30517628923688433,-0.7025411321766497,-0.6272310688490774,-0.6793906030360974,0.48544345451869214,0.31983504394543183
5.62,0.16111505533701154,0.23129594980265597,-0.6626695895446253,-1.4053970829556814,-0.6380499584640147,-0.6053186691154202,-0.29730338228427167,-0.6933330714952516,-0.6222053983210983,-0.674332251988689,0.48698258641172665,0.3122222980053764
5.63,0.1543439350373994,0.22459367060523483,-0.6654041121480552,-1.3888780557186569,-0.6405041143323722,-0.6082920573478313,-0.29458387904198297,-0.7016559810169576,-0.6172060347339265,-0.669279719753429,0.4835907383633048,0.29802483858027934
5.64,0.14757547752302486,0.21788434728690292,-0.6678843252458065,-1.409672254235616,-0.6428950022995829,-0.6112107181937813,-0.289357138767804,-0.7024548711228412,-0.6122349387982506,-0.664235076662962,0.4874359562684496,0.30134390307915676
5.65,0.14081071653726934,0.21119879602412558,-0.6670868862811346,-1.452077852461527,-0.6452218584719729,-0.6140799650270483,-0.2828781543852896,-0.721647448706136,-0.607294044006821,-0.6592026592741091,0.48295045340393394,0.3361777940294978
5.66,0.13405068389806613,0.20448505266951458,-0.6645821410564897,-1.4341074641934737,-0.6474839334464514,-0.6168809274392267,-0.2797704902687103,-0.7065120723644164,-0.6023852558571718,-0.6541782534825487,0.47893360361157966,0.3014392572449093
5.67,0.12729640925940955,0.1977612443006561,-0.6686331842493733,-1.4059190027064268,-0.6496804925436067,-0.6196279502119428,-0.2698267432443308,-0.7026234530114492,-0.5975104510865484,-0.6491691432959762,0.47839508300473454,0.2903572920092058
5.68,0.12054891987343572,0.19103227277338888,-0.667236369172727,-1.39159664111066,-0.6518108160364573,-0.6223181207174671,-0.2626929822388845,-0.6838537767180897,-0.5926714769193647,-0.644176727481135,0.47731938159458126,0.3095248529606913
5.69,0.11380924035311193,0.18430067984279452,-0.6657076493049532,-1.3878207343235411,-0.6538741993747816,-0.6249497559563607,-0.2590547325768787,-0.6928219158511582,-0.5878701503274878,-0.639202746916708,0.47906998213925206,0.3126877214287685
5.7,0.10707839243560724,0.17756804444222032,-0.6690772473317235,-1.393833789762273,-0.6558699534049648,-0.6275216797062403,-0.2567855243978689,-0.7267826397869176,-0.5831082573036441,-0.6342490920877523,0.47570988768972744,0.3209364189164122
5.71,0.1003573947463925,0.1708356450254558,-0.6624589478364665,-1.3875913655680145,-0.6577974045852886,-0.6300329947118085,-0.2509703371679369,-0.715263852369359,-0.5783875521482484,-0.6293177137638667,0.47199624665511203,0.3159887648718417
5.72,0.09364726256413304,0.16410451720486002,-0.6652815194614056,-1.3907880306011395,-0.6596558951965981,-0.6324828264254032,-0.24221687332088257,-0.7116883911627754,-0.5737097567699373,-0.6244105441443506,0.4720354702337386,0.32096936491676953
5.73,0.08694900758643162,0.15737570594693048,-0.6675127094379697,-1.3971650649153287,-0.6614447835482841,-0.6348704193561017,-0.23845252502575645,-0.6971306138072348,-0.5690765600000951,-0.6195295225852027,0.4686109724989625,0.30114250999771885
5.74,0.08026363769647914,0.15065014287652145,-0.6629018211152896,-1.3888094966380862,-0.6631634441795106,-0.6371949664945428,-0.23172728174825655,-0.6898315499928055,-0.5644896169216419,-0.6146765421758285,0.46545820577859054,0.3265936257108048
5.75,0.07359215673066087,0.14392888622418085,-0.666988255286321,-1.3800020755863074,-0.6648112680556335,-0.6394557674149184,-0.2213031506740183,-0.7198526286091703,-0.559950548212359,-0.6098535014251152,0.4629540452642986,0.31026125830745077
5.76,0.06693556424719212,0.13721282669579368,-0.6621962304421224,-1.3787213051281357,-0.6663876627597407,-0.6416520542448089,-0.21868461846410547,-0.7114846664543927,-0.5554609395030158,-0.605062236585173,0.4597800048058242,0.3148794965691073
5.7700000000000005,0.06029485529582845,0.13050297465571797,-0.6666636343381934,-1.378317083228132,-0.6678920526792608,-0.6437831552449739,-0.21669495207937328,-0.7154003951099949,-0.5510223407505577,-0.6003045861940092,0.45890100814935786,0.3016298244614811
5.78,0.053671020188706994,0.12380035043530334,-0.6627222955759903,-1.3818631502246612,-0.6693238791875796,-0.6458483603636186,-0.20555611168529175,-0.7055079853804588,-0.5466362656266045,-0.5955823454273488,0.45051520678060414,0.302632752453228
5.79,0.04706504427237772,0.11710595941924976,-0.6638021319481807,-1.377288122244339,-0.6706826008206086,-0.647846985418535,-0.1973513550345826,-0.7243544098513311,-0.5423041909215063,-0.5908972782798579,0.4529409116838985,0.3177125265900555
5.8,0.04047790770108234,0.110420674043526,-0.6622719782571379,-1.3775792604490718,-0.6719676934482512,-0.649778315288376,-0.1915724185808536,-0.7029815493073807,-0.5380275559642012,-0.5862511046144119,0.4461223600241104,0.3219492570132769
5.8100000000000005,0.033910585211334665,0.10377709518121943,-0.6587386125067867,-1.4509362279983267,-0.6731786504407115,-0.6516484129946409,-0.18165993106478245,-0.7322612284560355,-0.5338077620581049,-0.581647997144904,0.44123831401263763,0.3077541398558299
5.82,0.02736404589785424,0.09711979394274775,-0.6560000002387423,-1.4013659165579044,-0.6743149828295973,-0.6534375087450572,-0.17846815779048045,-0.7275094457472728,-0.5296461719332572,-0.5770826935606826,0.43791820405962195,0.3111659483144654
5.83,0.020839252990910564,0.09049582704632807,-0.6530528149424746,-1.451472686103644,-0.6753762194637642,-0.6551694032439139,-0.17120594268988457,-0.7473051969228185,-0.5255441092149493,-0.5725655128289288,0.4336829611510413,0.3121303094244114
5.84,0.014337163635138206,0.0838953334417129,-0.6517660052485998,-1.4726553431336342,-0.6763619071598541,-0.6568247351309218,-0.16214028918850854,-0.7625305951869691,-0.5215028579090453,-0.5680916500809815,0.4321312207266041,0.3255649960930345
5.8500000000000005,0.007858728669865367,0.07727520715950296,-0.6625444212020184,-1.396765989575479,-0.6772716108474809,-0.6584018969392587,-0.15779295691671397,-0.7232327411608681,-0.5175236619042041,-0.5636618851177861,0.42537464586822255,0.3390398191078744
5.86,0.001404892411021083,0.07068828746447359,-0.6520448290359674,-1.4695667505636199,-0.6781049137090174,-0.659922074311793,-0.14997300346481168,-0.7453329570003705,-0.5136077244912005,-0.5592856864618824,0.420898239099523,0.3073249680491274
5.87,-0.005023407565334967,0.06409521790986189,-0.6505453026274653,-1.4037258361349885,-0.6788614173139426,-0.6613580810881253,-0.1454012392713618,-0.748413777760476,-0.5097562078995392,-0.5549551854292688,0.4184720805592334,0.30676074323900954
5.88,-0.011425240637799719,0.057510728011076324,-0.6491065936409166,-1.3836422101583354,-0.6795407417477035,-0.6627270514810558,-0.13710003138335658,-0.736663377937294,-0.5059702328515511,-0.5506779269179543,0.4114032761037973,0.3067768254484541
5.89,-0.01779968335268363,0.05094155075133064,-0.6466428540197536,-1.3544032771364802,-0.680142525735055,-0.6640254390744031,-0.12919570508138245,-0.7427385671508487,-0.5022508781341432,-0.5464543939724016,0.4050703208730553,0.3479177839391761
5.9,-0.0241458196352803,0.04439095381696593,-0.6450226289704905,-1.3624369179375002,-0.6806664267578384,-0.6652515022218407,-0.1238073503379469,-0.7332665154959926,-0.4985991801883833,-0.542285534551556,0.40390715976330155,0.30746891419173283
5.91,-0.030462740999301616,0.03788306830049115,-0.6404118286281206,-1.4431836849824962,-0.6811121211671596,-0.6664136290660913,-0.11758385605234327,-0.7110998686503164,-0.49501613271707734,-0.5381756905950987,0.3993275928966033,0.3309947051699095
5.92,-0.03674954675442654,0.03138506514973443,-0.646337889900605,-1.398687113621228,-0.6814793042899359,-0.66748516093354,-0.1079825239960179,-0.7476586473027409,-0.4915026863104956,-0.534117492971274,0.3880637358808099,0.3082653253633611
5.93,-0.04300534421190809,0.02490077580973197,-0.6366333151345416,-1.3490345124182153,-0.6817676905297749,-0.6684864252721553,-0.10180600070189307,-0.7357112731672133,-0.4880597480904041,-0.5301188110910265,0.38217018717687684,0.32196409791550534
5.94,-0.04922924888819581,0.01843669704075903,-0.6387526026949945,-1.3783570310508644,-0.6819770134621567,-0.6694146306845444,-0.0965493506048792,-0.752317262935589,-0.4846881813725377,-0.5261803845031747,0.3773995971857072,0.32878336238902395
5.95,-0.05542038470651396,0.01199585837136769,-0.6364615221730165,-1.336944345660649,-0.6821070259238856,-0.6702681947065012,-0.08932094417560357,-0.7320165652329426,-0.4813888053476527,-0.5223029865684923,0.37271743070228175,0.3066059019655123
5.96,-0.061577884196359,0.005614877783386077,-0.6216061141623986,-1.544660245978818,-0.6821575000967895,-0.6710711053745912,-0.08908500073094762,-0.6044548288095353,-0.47816239478128253,-0.5184932292529666,0.3610471535723159,0.3150165555459056
5.97,-0.0677008886908541,-0.0005550871169179559,-0.60118622738303,-2.125077835687836,-0.6821282275856348,-0.6718356846771403,-0.07787776670269723,-0.6398418658047027,-0.47500967973232117,-0.514761578892807,0.35995220606864137,0.3404682914978592
5.98,-0.07378854852192411,-0.006746258342809363,-0.6148145742294174,-1.9030589112058471,-0.6820190194902355,-0.6724165985249715,-0.05752037306455697,-0.8565802254793662,-0.4719313452905428,-0.5110630263567669,0.3577197939456329,0.30702736566325567
5.99,-0.07984002321323194,-0.013012297387841857,-0.6171375676604444,-1.6149110871208048,-0.6818297064717335,-0.672925747755245,-0.047927937235353164,-0.8532217870964814,-0.4689280313331639,-0.5074267809755789,0.3456998234654902,0.3072078203470106
6.0,-0.0858544816708401,-0.01932415121764665,-0.6285385193178392,-1.442155941021759,-0.6815601388130295,-0.6733751199556526,-0.049210671609083725,-0.7881124804364755,-0.4660003323005407,-0.5038616657469966,0.3430183904324354,0.3157388344849117
6.01,-0.09183110237154533,-0.025631326622481153,-0.6228134358037287,-1.3783337301481329,-0.6812101864733445,-0.6737629717000745,-0.04128360717790991,-0.7669853231914626,-0.4631487969910949,-0.5003694247593743,0.33465726821432606,0.304010812324802
6.0200000000000005,-0.09776907354883875,-0.03188187198914026,-0.6178801451904427,-1.4984804974363672,-0.6807797391368946,-0.6740932000254919,-0.035602395556145375,-0.7399281216250405,-0.46037392837554764,-0.4969522880586807,0.32805631945582164,0.33623996561542
6.03,-0.10366759337644475,-0.03811888934430782,-0.614118667624269,-1.3730509189262683,-0.6802687062556658,-0.6743227204283371,-0.028208299477398995,-0.7961903863735436,-0.4576761834305348,-0.4935965154363257,0.3216060047282678,0.3037848123809377
6.04,-0.10952587014940823,-0.0443347940879502,-0.6119945677019302,-1.344897772456437,-0.6796770170862729,-0.6744808364366354,-0.020504236764222424,-0.7657913063590468,-0.4550559729916628,-0.49031246762443026,0.3175588368850426,0.32760264091080554
6.05,-0.11534312246266316,-0.050519615751427174,-0.6116533767968408,-1.337238725222183,-0.6790046207208917,-0.6745632585371739,-0.014890961380818045,-0.7561387134517076,-0.45251366162607426,-0.48709994827861747,0.30912329478891043,0.33647241046262544
6.0600000000000005,-0.12111857938705589,-0.056652047743531955,-0.6073659175833178,-1.2857079592148262,-0.6782514861122543,-0.6747026940550265,-0.008018441902860452,-0.6389976154460053,-0.4500495675245607,-0.48395550075007454,0.3027129695289004,0.33900790896431016
6.07,-0.126851480642772,-0.06272918471465251,-0.5901299644258442,-1.2780997017573184,-0.6774176020926999,-0.6748576536420631,-0.04640778805988538,-0.6175066119105019,-0.4476639624132735,-0.48086170648336723,0.30929808766183786,0.3695775512331582
6.08,-0.13254107677013302,-0.06878965171300723,-0.6068038755669977,-1.531928521241972,-0.6765029773872744,-0.6749846523307075,-0.0002882219812176019,0.4855973376991686,-0.445357071485057,-0.4778772587384457,0.2776187527429874,0.2572757957491332
6.09,-0.13818662929770825,-0.07483110626682182,-0.5968306472604935,-1.477650031077657,-0.6755076406208744,-0.6749864820384293,0.005523652250809809,0.47032649760440254,-0.44312907335043744,-0.4749567664115634,0.2721987827134006,0.24590312382075358
6.1000000000000005,-0.14378741090771108,-0.08082122518338698,-0.5885250932956626,-1.1766012066344966,-0.6744316403194335,-0.6749927286338873,-0.02026400834781461,-0.3257916218018333,-0.4409801000082813,-0.47209248704365875,0.2856570994924275,0.39703611823708385
6.11,-0.14934270559863436,-0.08679479319446683,-0.5923632067247376,-1.4341555843464793,-0.673275044905149,-0.6748212492858713,0.03175660086037751,0.5084465024969758,-0.43891023683613234,-0.4693372722617056,0.2570948840248233,0.2558342253949338
6.12,-0.15485180884509214,-0.09269092973707525,-0.5754324238307672,-1.4037562078034402,-0.6720379426857509,-0.6747467192713522,-0.013610483317272628,0.5371251087738962,-0.43691952260022976,-0.4666118449786886,0.2629252777167371,0.28034371046485274
6.13,-0.16031402775481515,-0.0985553095098699,-0.5768467891231664,-1.4446836296551806,-0.6707204418378163,-0.6746032735411337,-0.0008473512075469125,0.8455573261706555,-0.43500794948519983,-0.4639833694834253,0.2533501324237294,0.3144590774734978
6.140000000000001,-0.16572868122277792,-0.10439337891812805,-0.5768066465033345,-1.385005058215553,-0.6693226703841337,-0.6743531150133703,0.004508003196811525,0.8503477839282311,-0.43317546314340855,-0.46143656988934134,0.24355029420042568,0.30444415062604424
6.15,-0.17109510008240422,-0.11016159541379286,-0.5667217102058271,-1.434516947703332,-0.6678447761651239,-0.6741330443097895,0.020272355784130426,0.9377748191791793,-0.4314219627639506,-0.45896719301723626,0.2368532175568114,0.3282388764612988
6.16,-0.17641262725383008,-0.11590960588319117,-0.5676292263335774,-1.3215340608168296,-0.6662869268043248,-0.6737798071601282,0.031815200345854194,0.9307947296028624,-0.4297473011612433,-0.4565714684835608,0.22801599528683322,0.32755445555437596
6.17,-0.1816806178891744,-0.12162505622976964,-0.5618687914017175,-1.285961814217967,-0.6646493096679515,-0.6733101922481856,0.04260264835957293,0.9285629688801211,-0.4281512848831915,-0.4542533483851918,0.22233445155893983,0.34264934727497365
6.18,-0.18689843951478757,-0.12729893664469377,-0.5576547219283664,-1.2724880411612687,-0.6629321318185446,-0.6727242454218492,0.05345490059151889,0.924646382651756,-0.42663367433887106,-0.4520118949616526,0.2165744433589031,0.33510955874501025
6.19,-0.19206547217044567,-0.13290430794514563,-0.5549878544242405,-1.3311472335937369,-0.6611356199627183,-0.6720309271568558,0.06642280790176822,0.9215715720556432,-0.42519418394568165,-0.4498493035102208,0.2105502240112767,0.32391533101054754
6.2,-0.19718110854545057,-0.13847875545043997,-0.5481286778291972,-1.2901748996868143,-0.6592600203930262,-0.6712134446632114,0.07683071358602946,0.9044452002831076,-0.4238324822959016,-0.44775824181522783,0.20093265018714074,0.3501740867228652
6.21,-0.20224475411161041,-0.14401193249913694,-0.5426320341890647,-1.2715098880129694,-0.65730559892396,-0.6702908016755064,0.08608249050236218,0.9200309516412691,-0.4225481923425803,-0.44574461719815633,0.19147111666350752,0.33874982880696625
6.22,-0.2072558272530573,-0.14949921179220718,-0.538093349841053,-1.2778472735047435,-0.6552726408221032,-0.669263817435355,0.09287532739033055,0.9221931596922397,-0.4213408916046841,-0.44380783874178825,0.18699439687026206,0.3340765438887504
6.23,-0.21221375939288434,-0.15493854526138034,-0.5356798663545187,-1.2710207374854614,-0.6531614507304576,-0.6681342043335896,0.10525369024432844,0.9211075112965433,-0.42021011239141404,-0.44194759835539804,0.17945541444251378,0.3325594959372481
6.24,-0.21711799511655608,-0.16032890818388096,-0.5314210853696241,-1.27845275173687,-0.6509723525869712,-0.6669040491647258,0.11696496255625793,0.8970702284116879,-0.4191553420456012,-0.4401637470245142,0.17191645471047612,0.32785686416271914
6.25,-0.22196799229207792,-0.16566960853888696,-0.5262693769707749,-1.2897481818005996,-0.6487056895372827,-0.6655754509382081,0.1282002082446506,0.9126326639673903,-0.41817602320607405,-0.4384561697829398,0.16491465631310392,0.35688208348207395
6.26,-0.2267632221868796,-0.17096019400062135,-0.5187635697214795,-1.2564375844591094,-0.6463618238417206,-0.664150396471735,0.1377479890415014,0.885547632415207,-0.4172715540888952,-0.4368247244506226,0.16001997392407066,0.34634091646210025
6.2700000000000005,-0.2315031695813997,-0.17620013240259405,-0.5138098743277301,-1.2559215662131462,-0.6439411367765748,-0.6626307987950002,0.14352514767403532,0.8938568305276814,-0.41644128878734593,-0.4352692493762362,0.14709216416342855,0.3404218456986704
6.28,-0.23618733287932886,-0.1813890513789253,-0.5094544619300635,-1.2892344201012638,-0.6414440285296789,-0.6610183736844866,0.15535752896277327,0.8977359574006242,-0.41568453759053425,-0.4337895089112039,0.14341211300258536,0.32908715036084757
6.29,-0.24081522421449825,-0.18652644118716802,-0.5116152179664333,-1.2662856913848062,-0.638870918090328,-0.6593147649268646,0.1638012732821694,0.8761742631602473,-0.4150005673204985,-0.43238524790120186,0.1373464261307924,0.34548258699703704
6.3,-0.24538636955437662,-0.1916119348341075,-0.5001427659240111,-1.2565974041110515,-0.6362222431335723,-0.6575214486575068,0.17277560224559504,0.8806575718200047,-0.41438860168765973,-0.4310561314102149,0.12954895047561457,0.32900232668429225
6.3100000000000005,-0.24990030880015918,-0.1966450093839455,-0.4956764915169753,-1.2872775468886812,-0.6334984598989152,-0.655639879677971,0.18194869051397716,0.8827977551138413,-0.41384782166448436,-0.42980181370331666,0.11860268054519116,0.33490192800992796
6.32,-0.25435659588341564,-0.20162523179829492,-0.48914719528623707,-1.2798772032136883,-0.6307000430634588,-0.6536713312711838,0.18757808554487126,0.8869262041389184,-0.413377365877196,-0.42862186699268856,0.11237306797925985,0.33655889830761376
6.33,-0.2587547988592838,-0.20653202405371823,-0.4817698169812088,-1.332516644082648,-0.6278274856095308,-0.6516231365627166,0.1995668935715562,0.8641506810864847,-0.4129763310153764,-0.4275181430215156,0.10962847460643507,0.3526332556720687
6.34,-0.2630944999961769,-0.2113988759651632,-0.47657635299131246,-1.2762112791425333,-0.6248812986868357,-0.6494793547085991,0.20144250335773703,0.8666060437566306,-0.4126437722592881,-0.42648371604138513,0.09738775622478264,0.3466284139657974
6.3500000000000005,-0.2673752958619895,-0.21621706065079052,-0.47264039157337684,-1.2795389208389267,-0.6218620114691724,-0.6472551875342134,0.21269641163277117,0.8705200581057775,-0.4123787037247426,-0.4255232173077788,0.09201468409157192,0.34305844511368516
6.36,-0.2715967974067762,-0.22098269002883372,-0.46384374497095926,-1.2656597463860881,-0.6187701710057613,-0.6449498578605993,0.2209389087027673,0.8738293346641255,-0.4121800989253266,-0.4246354460384533,0.0871542185429245,0.33445497623239134
6.37,-0.2757586300418884,-0.225693854560537,-0.46021320025691737,-1.2521842940578447,-0.6156063420672245,-0.6425636396036077,0.22875306525944236,0.8731323266271552,-0.4120468912518004,-0.42381947823780075,0.08439124316987505,0.31357604399888334
6.38,-0.2798604337155456,-0.23034961114482594,-0.45852629917585436,-1.242614698323391,-0.6123711069862715,-0.6400971253749066,0.23527156748038372,0.8346870980447213,-0.41197797446847056,-0.4230744872933919,0.07053774790154613,0.3369746295355031
6.390000000000001,-0.28390186298482467,-0.23494929624948305,-0.44792348164427026,-1.242032514073393,-0.6090650654931322,-0.6375511286730872,0.2458539809608706,0.8593042062417087,-0.4119722032263283,-0.42239970045726855,0.06462455982126358,0.3288351970338715
6.4,-0.28788258708404907,-0.239492426594599,-0.4471381129104033,-1.2611885226302733,-0.6056888345457945,-0.6349264790587084,0.25470615481776293,0.870083503107311,-0.41202839359274795,-0.421794316363652,0.05980202364835874,0.3246260115520912
6.41,-0.29180228998956437,-0.24397859147113518,-0.4369077352126155,-1.2368432966049518,-0.6022430481550907,-0.6322240300604134,0.25941506168027656,0.8565980529242894,-0.4121453235975222,-0.42125750765326886,0.05354593693715549,0.33224744863363825
6.42,-0.29566067048088074,-0.24840735198892722,-0.43340075069289086,-1.251915165426696,-0.5987283572046935,-0.6294446405553799,0.265801388680013,0.8443319685868468,-0.4123217337950157,-0.42078841743021594,0.045761140317126164,0.353161137710019
6.43,-0.2994574421981693,-0.2527782987496857,-0.4306099833575722,-1.2368691827836915,-0.595145429266074,-0.626589121085082,0.27548227827955596,0.834681697446725,-0.4125563278422002,-0.42038614062533874,0.04118730799449629,0.34079035468579966
6.44,-0.3031923336960999,-0.25709107743643606,-0.420462349133792,-1.2508333265982872,-0.5914949484084744,-0.6236582786412344,0.28318713856369826,0.8622633724702632,-0.412847773092337,-0.4200497256829356,0.033113329446219156,0.33163740454390794
6.45,-0.30686508849400285,-0.26134531248848186,-0.4135063536875598,-1.22402906747005,-0.5877776150039619,-0.6206529182086457,0.2909234066220459,0.8462878355629286,-0.41319470120405855,-0.4197781916999871,0.029947938202373885,0.33381837749758086
6.46,-0.3104754651223521,-0.26554068902801053,-0.407840516861891,-1.2447390424544529,-0.5839941455276129,-0.6175738327171577,0.2960935096254254,0.8360578469542715,-0.41359570876560925,-0.41957051174322996,0.02184497131669139,0.33299720600084415
6.47,-0.31402323716554675,-0.2696768114847117,-0.40329215723764494,-1.234936930892525,-0.5801452723528999,-0.6144218203792766,0.30117801353990276,0.8291950243845307,-0.41404935793397424,-0.41942562714385556,0.012816914966833128,0.3242240184349014
6.48,-0.31750819330099034,-0.27374435100091277,-0.399825217877708,-1.3241019588941887,-0.5762317435423355,-0.6112032456330949,0.31006581533461497,0.8780221740473669,-0.4145541770886465,-0.4193441657484607,0.008127008725440237,0.3432207979602292
6.49,-0.3209301373344515,-0.27775749924919,-0.395023254597144,-1.2673343146001634,-0.5722543226334393,-0.6079058178643207,0.31868768205836606,0.7970565422291921,-0.41510866149975506,-0.419175929480425,0.002318320991020803,0.3502651223924918
6.5,-0.32428888823170726,-0.2817174442147764,-0.3861007109694838,-1.2505654824153798,-0.5682137884200984,-0.6045463897156389,0.32497351979834566,0.8074736523701358,-0.4157112740102884,-0.4189499091775701,0.0615896328100377,0.313086801550405
6.51,-0.32758428014644975,-0.28561623526650187,-0.3817005276671966,-1.198144799668657,-0.5641109347293781,-0.601106881770369,0.33513097429805305,0.893990455741265,-0.4163604457321243,-0.41877002797682805,-0.004717619023079409,-0.2789316186712932
6.5200000000000005,-0.330816162444458,-0.28945438963532144,-0.37627853093271685,-1.2425685332883547,-0.5599465701938638,-0.5976061539854307,0.333816034969553,0.7588890927484585,-0.4170545767555853,-0.4185613907770024,0.04385157322718582,0.2551677139066026
6.53,-0.33398439972402744,-0.2932265835663127,-0.3682087793644457,-1.2043625554782609,-0.5557215180195951,-0.5940262894778429,0.3490147345858807,0.8835054705533666,-0.41779203687223243,-0.4185528017893617,-0.020210003880799854,-0.27488058896149115
6.54,-0.33708887183265224,-0.2969406306490089,-0.35987174682124423,-1.25437704435271,-0.5514366157496631,-0.5903892318445639,0.3501996171905206,0.7621277865885683,-0.4185711663105885,-0.4185085790419422,0.0298922316562272,0.25138668485475407
6.55,-0.3401294738799554,-0.30058952596690824,-0.35622090316962296,-1.190571216366816,-0.5470927150235501,-0.5866753440219603,0.3584306366293112,0.8788411012758621,-0.4193902764845054,-0.4186567788240801,-0.03736959730632495,-0.2685583242980547
6.5600000000000005,-0.34310611624686527,-0.3041803559238022,-0.35267358919717623,-1.2518399581155717,-0.5426906813322769,-0.5829060628460688,0.3566718168671301,0.7678602181082265,-0.42024765075385273,-0.4187619617661992,0.0127421385753069,0.2572005759064676
6.57,-0.34601872459103694,-0.30770572126812806,-0.34010903540822335,-1.1935178421231578,-0.5382313937694437,-0.5790616715627482,0.3740060399960813,0.8725953503471898,-0.4211415451972293,-0.4190525132354946,-0.050588805783325495,-0.24993780242971902
6.58,-0.3488672398485181,-0.31117244995542,-0.3361288791012277,-1.2068510966280126,-0.533715744778224,-0.5751591706994901,0.3758256254156353,0.8694894771536956,-0.42207018939636987,-0.4192795862917085,-0.056197346949774386,-0.2883759560423862
6.59,-0.35165161823165614,-0.3145794198394662,-0.329708236965575,-1.248548566425276,-0.5291446398944106,-0.5711988880734956,0.3809782301452364,0.7455227851289593,-0.42303178723193324,-0.4194453055988128,-0.009406576641003101,0.25028807995783586
6.6000000000000005,-0.3543718312232502,-0.31792630638087915,-0.3268594703667395,-1.1900646566850297,-0.5245189974855718,-0.5671754183541512,0.3917004699186425,0.8098362674632524,-0.42402451769033933,-0.41952494211477137,-0.0050896294182309985,-0.3538756997649398
6.61,-0.35702786556695093,-0.32120521529554397,-0.3222293475147622,-1.2063019449593242,-0.5198397484864145,-0.5630846800996531,0.40014924439890487,0.798643377150249,-0.42504653568133155,-0.419689234476132,-0.016639029644036817,-0.3577095928155592
6.62,-0.35961972325390823,-0.32441895164468754,-0.3134810078743653,-1.205476757451423,-0.5151078361304222,-0.5589319858704992,0.3993597237002676,0.7943756816078646,-0.4260959728659226,-0.4199372080556851,-0.02422446872619262,-0.36271487729164587
6.63,-0.3621474215056717,-0.3275690683719051,-0.3076152215320095,-1.2207271790557954,-0.5103242156778585,-0.5547190188181371,0.4085943141738915,0.8027719523475072,-0.42717093849438625,-0.4202636187600683,-0.027076307776584017,-0.3488841610874986
6.640000000000001,-0.36461099275334796,-0.33065604656633685,-0.30121366000096644,-1.2033544132153418,-0.5054898541402191,-0.5504470706443843,0.41107348252722015,0.8062005968810486,-0.4282695202539548,-0.4206633934766264,-0.03571500451785803,-0.3530602497600157
6.65,-0.36701048461302216,-0.3336800326436415,-0.29316996808303336,-1.1994737448141795,-0.5006057300012103,-0.5461170701083937,0.4192609261614101,0.79726256918171,-0.42938978512587234,-0.42113164830981425,-0.042663521002990444,-0.35449093455134434
6.66,-0.36934595985744884,-0.3366296607110471,-0.2874027754383632,-1.2393886081759682,-0.4956728329343466,-0.5417334900907093,0.4249825565738153,0.808482050836569,-0.4305297802514507,-0.4216651250024917,-0.04956848059403127,-0.35750843579362
6.67,-0.37161749638401836,-0.33952389134911426,-0.2793277544327426,-1.2175210496340643,-0.49069216351725103,-0.5372873022817801,0.4345474935904433,0.7894114600245464,-0.43168753380677716,-0.42225568200990415,-0.054557070219522975,-0.35116518747321246
6.68,-0.37382518717900914,-0.3423580823149145,-0.2754044858150202,-1.215423768849339,-0.48566473294274415,-0.5327875340638449,0.4359013702851624,0.7972278729016469,-0.4328610558857109,-0.4229021888092847,-0.06155896899909958,-0.353891233703086
6.69,-0.37596914027813555,-0.34513018953875746,-0.2676564972329095,-1.207283796075536,-0.48059156272681697,-0.5282340557557357,0.4415685182231589,0.7969562882049158,-0.4340483393908132,-0.4236003510708042,-0.06599993575116261,-0.3462711993337829
6.7,-0.3780494787233978,-0.3478327659304312,-0.2604349819527578,-1.2363777572285808,-0.4754736844135673,-0.5236302929985021,0.446160050574961,0.8051104280977811,-0.43524736093183886,-0.4243472929517379,-0.0716506641425114,-0.34349521950782547
6.71,-0.38006634051624966,-0.35046543175529893,-0.25508092604135735,-1.2292970838835409,-0.4703121392771976,-0.5189720071290579,0.4520638867612273,0.7882885981477741,-0.4364560817314224,-0.425137653955232,-0.07181668290162772,-0.3508633084790593
6.72,-0.38201987856709324,-0.35304415618520735,-0.2484969917110623,-1.20268052575702,-0.4651079780211643,-0.5142576471601397,0.45616073877147933,0.7667267137220886,-0.4376724485375959,-0.42596681105951506,-0.07860573714193335,-0.34703658101608265
6.73,-0.3839102606411136,-0.35556328715158225,-0.24410288391624643,-1.186507162403695,-0.45986226047456846,-0.5094947282846354,0.46192821206595946,0.7750979658776617,-0.43889439454274853,-0.426833963344775,-0.08029134204432141,-0.36008024541779166
6.74,-0.3857376693004681,-0.3580203594357956,-0.23729111301737352,-1.1843534210641518,-0.45457605528588474,-0.504682957119468,0.46584868391218887,0.773613268307044,-0.4401198403086722,-0.42773547344052826,-0.08251752283622384,-0.3652002999414125
6.75,-0.3875023018428438,-0.36041449231116907,-0.23297799920724221,-1.19679060543269,-0.4492504396141166,-0.499822700875157,0.47576558891785775,0.7783126135266524,-0.4413466946972909,-0.4286680111045448,-0.08592343284614146,-0.3777520800742416
6.76,-0.3892043702364014,-0.3627453308728065,-0.2275886762351289,-1.1775458554380782,-0.4438864988174805,-0.4949147583183269,0.47586335456424655,0.7660510605751861,-0.44257285580671435,-0.4296284943436118,-0.08855111276053479,-0.3385935190513039
6.7700000000000005,-0.3908441010511188,-0.3650127818072874,-0.2197402674893179,-1.1824329280594355,-0.43848532613970526,-0.48996000201691525,0.47710557466233383,0.7752533900412145,-0.4437962119122168,-0.4306139642362507,-0.09453621702791812,-0.3556450807420768
6.78,-0.3924217353865515,-0.3672169362522999,-0.21167709736472143,-1.1744838299258549,-0.4330480223940558,-0.4849593861389409,0.48109559208310093,0.7739839003002473,-0.4450146424117631,-0.43162155617540815,-0.09744504745341559,-0.35633274573752666
6.79,-0.3939375287960324,-0.36934679561354866,-0.20428899465232514,-1.218084288413526,-0.42757569564515985,-0.47991852359834725,0.48875871264660686,0.7721214799230305,-0.4462260187756899,-0.432650108588978,-0.09782681335085619,-0.34693528861070017
6.8,-0.3953917512073258,-0.371419448730466,-0.20093282271878982,-1.1786986917618933,-0.4220694608887534,-0.4748258379919048,0.49063114413050796,0.7625194695401605,-0.4474282055001603,-0.43369256619846047,-0.096863015752605,-0.3336525501040073
6.8100000000000005,-0.39678468683975743,-0.37343332988919753,-0.19558261242439068,-1.184551316278317,-0.41653043972943204,-0.46969231090354235,0.49655085656389286,0.7436890862497925,-0.44861906106399263,-0.43474954474935884,-0.09850349387468237,-0.3623107547952121
6.82,-0.39811663411783993,-0.3753859867955805,-0.1883558415791114,-1.164924684820905,-0.4109597600565119,-0.46451802268478454,0.5002535891106626,0.7620066885518346,-0.44979643888847437,-0.43581825963707316,-0.10425625329967743,-0.3512209326231014
6.83,-0.3993879055814175,-0.3772765776886159,-0.1809327759198746,-1.1795189273258193,-0.40535855571809515,-0.45930343420839204,0.5058007322361389,0.7631096366639682,-0.45095818829977086,-0.4368959211430179,-0.10212921096360116,-0.3645487363068801
6.84,-0.4005988277923529,-0.37910491437701715,-0.17755974515541995,-1.1544569715197937,-0.3997279661934458,-0.4540493651062716,0.5095591145495375,0.7821746411355203,-0.4521021554935326,-0.4379799080231532,-0.10070270508982997,-0.34877000193038227
6.8500000000000005,-0.4017497412377753,-0.3808710289162125,-0.1691141979448532,-1.1585501702487855,-0.39406913626377116,-0.44875680284698855,0.5166026341386948,0.7467886888785565,-0.453226184501302,-0.43906769725835243,-0.10058220757292442,-0.37070487618122994
6.86,-0.402841000229918,-0.3825750639068676,-0.16337354647124508,-1.1688682726896216,-0.3883832156815158,-0.44342676522600477,0.5184999828369222,0.7387056990939891,-0.4543281181583274,-0.44015680972559057,-0.10198312214591956,-0.367288766689634
6.87,-0.40387297280257306,-0.3842172361280056,-0.15693265812690882,-1.1441560025473125,-0.38267135883825765,-0.438060343607982,0.5231990119455051,0.7503006319992137,-0.4554057990723905,-0.44124481123212844,-0.10373351237752615,-0.3492566310173527
6.88,-0.40484604060417984,-0.3857977907015144,-0.15087261470948446,-1.1631907724982784,-0.37693472443132625,-0.4326586077589861,0.5264721350507993,0.7437926481158601,-0.4564570705932412,-0.442329295069845,-0.10094355144018043,-0.34365765509931506
6.890000000000001,-0.4057605987875843,-0.3873169926348024,-0.1455793126338124,-1.159042330583902,-0.37117447512922747,-0.42722265972800977,0.524056290435253,0.748669941719683,-0.45747977778225263,-0.44340787784431274,-0.10549764908109988,-0.3555461637260931
6.9,-0.40661705589648967,-0.3887751676848833,-0.1346414885385326,-1.160743324182444,-0.3653917772359915,-0.42175359582071326,0.5313514663951358,0.7272576765869347,-0.4584717683818869,-0.44447819741418215,-0.10129499566978374,-0.37366505722718235
6.91,-0.40741583374863266,-0.39017255689019786,-0.13206864078307173,-1.1587760956177768,-0.35958780035453175,-0.41625257133041743,0.531993635789688,0.7398992676668081,-0.4594308937845915,-0.445537929980756,-0.09973546435960354,-0.3670543437704226
6.92,-0.4081573673157072,-0.3915094644489983,-0.12866367954979913,-1.1553804983368794,-0.3537637170491372,-0.41072065972905986,0.5341180285278675,0.737825359240215,-0.46035501000070866,-0.44658474422557337,-0.10200387760444486,-0.3760946907909695
6.93,-0.40884210460007386,-0.39278620587831736,-0.12401520782627524,-1.1631087495689463,-0.3479207025071842,-0.40515901616282396,0.5419241205753924,0.7393644817357015,-0.46124197862501676,-0.44761634233919345,-0.09826945921354112,-0.35101666248931723
6.94,-0.4094705065082778,-0.3939951146396668,-0.11300728097842776,-1.2019539390225336,-0.34205993420018,-0.39957241901871704,0.5448832990194477,0.7397715822339657,-0.46208966780149613,-0.44863176548222783,-0.09455145339982879,-0.3423742583548039
6.95,-0.4100430467214152,-0.39514844918780717,-0.10930713426232636,-1.156403665668334,-0.3361825915442448,-0.39395208060677556,0.545824058585905,0.7255308405333877,-0.4628959531859365,-0.4496251740536927,-0.09341277068914358,-0.3610755015602327
6.96,-0.41056021156237243,-0.39624571228332245,-0.10071888248879737,-1.1631853198157756,-0.33028985556012247,-0.3883067624309517,0.5518821659284701,0.7319357585793711,-0.4636587189059753,-0.45059701615255815,-0.08755520831378709,-0.3544428353199453
6.97,-0.4110224998599779,-0.39728568810580295,-0.10171642560770719,-1.146118366457642,-0.32438290853284457,-0.3826369810158124,0.5497013944412612,0.7279030682857489,-0.46437585851818675,-0.451544841863355,-0.08809790856216347,-0.3484372101588928
6.98,-0.41143042281009357,-0.39826786639109907,-0.09074220871073037,-1.1490758013782856,-0.31846293367113565,-0.37694351616242816,0.5494786871880476,0.7331575409877573,-0.465045275961819,-0.4524663043944399,-0.08902094527911089,-0.3482621681761039
6.99,-0.41178450383368936,-0.39917720457165123,-0.08262438787198478,-1.1879823410282608,-0.3125311147666684,-0.37123077377321434,0.554557558053779,0.6956030758184094,-0.46566488650879667,-0.45336048107725013,-0.08555320295406284,-0.34302845246386365
7.0,-0.41208527843192927,-0.4000406720018627,-0.08228762102512666,-1.157681214216104,-0.3065886358532801,-0.3654898586046777,0.558342360316937,0.6998070097723457,-0.4662326177095937,-0.45422125521742607,-0.08130534086888294,-0.3657797239530555
7.01,-0.41233329403830443,-0.4008501211263104,-0.07414899634746508,-1.144169775946013,-0.300636680866242,-0.35973022449541225,0.5575222750994686,0.7153027424873087,-0.46674641033458486,-0.45504962663632886,-0.07998132299403946,-0.36378183233232436
7.0200000000000005,-0.41252910986785796,-0.4016040893305812,-0.06625304196747712,-1.1340329400409823,-0.2946764333017008,-0.35395192510352397,0.5621634664327245,0.7072500844715054,-0.467204219310501,-0.4558430179905185,-0.0737554770524943,-0.3669396880227315
7.03,-0.4126732967635316,-0.40230215560448374,-0.06459766326211716,-1.14401973306464,-0.28870907587638445,-0.34815568860027263,0.5661011790588621,0.7204110139811358,-0.4676040146515904,-0.45659910053691216,-0.06828014092545816,-0.35442828552226213
7.04,-0.41276643703967364,-0.40294446251575833,-0.05573993762575264,-1.1358921707797085,-0.28273579018768163,-0.34234245448669703,0.5637083735074745,0.7169524576538168,-0.46794378238511464,-0.4573156438341274,-0.06552562951513598,-0.3550070192884626
7.05,-0.41280912432274997,-0.40353137075644874,-0.05174495302336681,-1.146751925081066,-0.27675775637420164,-0.3365133102124736,0.5653668420665804,0.7139367005520524,-0.4682215254707879,-0.4579904844146274,-0.06177591394161191,-0.3593773945440689
7.0600000000000005,-0.4128019633892983,-0.40406334240424624,-0.04828698474794785,-1.1413950005959148,-0.2707761527769097,-0.33066937843795646,0.5687535416157581,0.7193705578667893,-0.46843526471379526,-0.45862149240891786,-0.059979877045682445,-0.35547053997941297
7.07,-0.41274557000116024,-0.4045279511959305,-0.0399785112566604,-1.1695026827252397,-0.2647921556009586,-0.32481486921724384,0.5703497723636687,0.6933047345236977,-0.46858303967100334,-0.45920775685895193,-0.053154817917117174,-0.361858135665728
7.08,-0.41264057073803856,-0.40494850900899676,-0.035351899229779826,-1.153806814419092,-0.2588069385782939,-0.3189423018986003,0.5700247866098834,0.705721122342135,-0.46866290955000056,-0.4597438269482802,-0.04951174426134196,-0.34085351861806795
7.09,-0.4124876028274175,-0.40531838615466687,-0.03007244021678022,-1.151987028249535,-0.2528216726311678,-0.31306002300482205,0.572966321973404,0.7090006267534461,-0.46867295410058296,-0.46023038953041334,-0.04437905788692479,-0.35244801902368267
7.1000000000000005,-0.412287313971893,-0.40563645782910907,-0.027190599855996207,-1.1427403042068702,-0.24683752553663393,-0.3071683201385799,0.5724098487882503,0.7276970063131183,-0.4686112744983384,-0.46066506383080685,-0.039440843594642824,-0.36736891090640816
7.11,-0.4120403621739481,-0.40590254604695675,-0.017802927988698498,-1.139254550783153,-0.2408556615921537,-0.30126796760253444,0.5743064865105993,0.6953141810437667,-0.4684759942199527,-0.4610456624569371,-0.03307394321881114,-0.3676741060323706
7.12,-0.41174741555822525,-0.4061183407741828,-0.018274902750711926,-1.139033592691938,-0.23487724128239104,-0.2953586214447742,0.5765883388427115,0.7103072686369317,-0.46826525990988055,-0.4613698196924797,-0.028763145799039647,-0.3616212615951228
7.13,-0.41140915219133467,-0.4062838557628009,-0.012114848538809198,-1.1230080994471288,-0.22890342094731703,-0.28944471109311937,0.5766065553568628,0.7017343035828818,-0.4679772422380227,-0.46163607344828916,-0.021304221323915785,-0.3684826763337571
7.140000000000001,-0.41102625989924607,-0.40639702931793004,-0.010715757358511912,-1.1116304869890348,-0.22293535245171944,-0.28352522768706306,0.5753745405950907,0.7039612520403707,-0.4676101367480642,-0.4618423283288813,-0.015990316161215243,-0.3732070969231834
7.15,-0.41059943608230737,-0.40645948004706683,-0.0014004162918159853,-1.1470980521454601,-0.2169741828562138,-0.2776011425135437,0.5764983075901243,0.6885538887555245,-0.4671621646961191,-0.46198630239183774,-0.013844752543466446,-0.3574408830808017
7.16,-0.4101293875279394,-0.4065117173017713,-0.021213136091728917,-1.1441968644407374,-0.2110210540898624,-0.27163524181768384,0.5938412713230301,0.6974748254707713,-0.46663157387933196,-0.46205822845148103,0.0004744824311824423,-0.3682167311469952
7.17,-0.40961683022104733,-0.40657021161008206,-0.015597761495963793,-0.9668414377990474,-0.20507710262450002,-0.26568607572255554,0.5927683254491442,0.7490663191999184,-0.4660166394541036,-0.46219654619037287,-0.06436636309210843,-0.3701464537575537
7.18,-0.4090624891522038,-0.4066191369795665,-0.0018043616527792252,-0.31665147732009297,-0.1991434591508667,-0.25974114167066625,0.583093421877907,0.3849616901640813,-0.46531566474359964,-0.4624213001229968,-0.053904792419569,-0.3040139066237196
7.19,-0.4084670981236468,-0.40663443036603164,0.008233992743209758,-0.5212188868528793,-0.19322124825664533,-0.25382468743701325,0.5745001832111151,0.7894681964474336,-0.4645269820342129,-0.46256044196076584,-0.04735138019147697,-0.30203018625457684
7.2,-0.4078313995531381,-0.4066651264625726,0.0037460346072467144,-0.14833583328243644,-0.1873115881065021,-0.24788479571708102,0.5714991995455734,0.35454404788722843,-0.4636489533606384,-0.4626102133070777,0.02321210554443659,0.243267656744248
7.21,-0.40715614427573765,-0.4066649102195126,0.0111975270825321,0.01565786804225059,-0.18141559012422948,-0.2419588426362485,0.5719960148725016,0.5185944088239194,-0.46267997127926164,-0.4626787812537922,-0.027153718559953664,-0.2782655406399877
7.22,-0.40644209134353976,-0.406673723181394,-0.0005454771938118357,-0.21351832970478174,-0.17553435867708722,-0.23601858879066034,0.5815098701778996,0.7864124311913956,-0.4616184596295122,-0.46252427342751457,0.0449566279045906,0.23998143287938667
7.23,-0.4056900078234172,-0.40665050730438584,-0.00415316510247346,0.2776925928833794,-0.16966899076244374,-0.23008449593010935,0.5906355823933684,0.549119705577072,-0.4604628742828961,-0.4623855396561013,-0.002825416733715176,-0.3019676691645418
7.24,-0.40490066859283075,-0.40659706718569316,0.0008228466842069007,0.32133515772470883,-0.1638205756968013,-0.2241770607733329,0.5859867532370948,0.48787246916870036,-0.4592117038793731,-0.46216608564113576,-0.0032800083100093854,0.2444747756082704
7.25,-0.40407485613375027,-0.40657235351481924,0.0017413089093865884,0.6733779788339014,-0.15799019480731535,-0.21825396303987574,0.5795078895605795,0.5215375154211767,-0.4578634705507957,-0.46198140159565165,0.007586421480406853,0.31521381915398955
7.26,-0.40321336032474014,-0.40651665918903634,0.007633031759843039,0.8215898926290578,-0.15217892112588896,-0.21236612161936588,0.5785616515172887,0.5739142706809214,-0.4564167306310961,-0.46182884399645807,0.017771549534585634,0.3418499164741062
7.2700000000000005,-0.40231697823125756,-0.4064048517580306,0.009903335773709089,0.8760935623680997,-0.14638781908594414,-0.2064992386222578,0.5765360822580468,0.5805370367175152,-0.4548700753529392,-0.46154853203524016,0.03319293569357744,0.3129270519664732
7.28,-0.4013865138942214,-0.4063161168400138,0.011591087617498453,1.1421608282666316,-0.14061794422196494,-0.20061482318138926,0.574739536035348,0.6556365380418204,-0.4532221315305377,-0.46112803534267527,0.04560062537859674,0.320488470387117
7.29,-0.40042277811690186,-0.40618607902198517,0.017150694466424442,1.2598915521649117,-0.13487034287188837,-0.19476539598158366,0.567575973424933,0.7166346752841791,-0.45147156222837026,-0.46058952463626185,0.055161479207928306,0.33274394444058497
7.3,-0.3994265882501785,-0.4059908529516456,0.024686214745317205,1.3121979397377057,-0.12914605188245853,-0.18893582921850413,0.5699824806356059,0.7018212302699811,-0.4496170674154994,-0.45992922826723026,0.06944424364422358,0.31855556957033687
7.3100000000000005,-0.39839876797623,-0.4057229880360368,0.03274274914902348,1.3179040628007193,-0.12344609831761034,-0.18312071829997084,0.5676012650266911,0.7161557967471128,-0.44765738460524285,-0.45914646917107294,0.08097057959812749,0.3095092137334112
7.32,-0.39734014709070076,-0.4053819609906549,0.04001617583635383,1.3167214569010732,-0.11777149916998957,-0.17731863315376917,0.565871375549056,0.7132511037533821,-0.44559128947991145,-0.45824182165140437,0.0922730509622659,0.32472027659116715
7.33,-0.3962515612834048,-0.4049699668370783,0.04781473286780845,1.3065399031006155,-0.11212326107568499,-0.17152986532057152,0.5622740854171406,0.7045988408724841,-0.4434175965003746,-0.4572162735917208,0.10138312828354723,0.32362639285259687
7.34,-0.3951338519176139,-0.40449022382591127,0.052869891379071304,1.309992986930331,-0.10650238003226892,-0.16575543267042905,0.5610627862610951,0.7123759376838245,-0.44113515950018234,-0.4560708545852415,0.11133955214195279,0.33464543589358847
7.3500000000000005,-0.3939878658079946,-0.40394625393315425,0.0610438639107653,1.300246573727468,-0.1009098411202255,-0.15999655054106487,0.5616939048228663,0.6979395090050747,-0.438742872264008,-0.45480648139949015,0.12306522121286241,0.32663666646329953
7.36,-0.3928144549972402,-0.40334153700230424,0.0651260994947515,1.3033655934306185,-0.09534661822785767,-0.15425461068811747,0.559012087247026,0.6947620036119382,-0.43623966909017536,-0.4534239449272783,0.1374856630921987,0.328642935567981
7.37,-0.391614476531458,-0.40267931535111545,0.06903184653558657,1.3013787855656025,-0.08981367377974916,-0.14853093795580205,0.5549322268777603,0.7087073557982515,-0.4336245253370198,-0.4519238692862198,0.14948193743266538,0.3370236447469578
7.38,-0.3903887922343676,-0.40196272624479606,0.0734210981563912,1.2777362605164448,-0.08431195846887332,-0.14282686026641866,0.5552946038305779,0.6929213770557001,-0.43089645795286935,-0.4503067261876351,0.15906221511895338,0.3179005685813965
7.390000000000001,-0.3891382684803646,-0.4011946086565808,0.08124904941423661,1.2805352403508643,-0.0788424109924234,-0.13714365900990097,0.5542717806425622,0.6834101987966095,-0.42805452598942373,-0.4485728625033094,0.1741535112201724,0.3015113395700801
7.4,-0.3878637759665063,-0.40037768657043943,0.08304559342053923,1.2779250498203314,-0.07340595779145087,-0.13148258263859172,0.5533981096808561,0.6796966255854588,-0.42509783109831456,-0.44672249521932006,0.17715045967445467,0.31584815266564115
7.41,-0.3865661894834763,-0.3995144318636363,0.09354366005494154,1.264779903144979,-0.06800351279438072,-0.1258448573823263,0.5453169319693212,0.6740697166015218,-0.42202551801063587,-0.444755748755343,0.19825383053989254,0.3159849882341999
7.42,-0.38524638768558817,-0.39860724105771517,0.09425443843693576,1.2702749539816052,-0.06263597716449806,-0.12023161548599799,0.5496296107415133,0.6888515617155826,-0.4188367749992511,-0.44267263607160584,0.2067529762908265,0.33418418448569537
7.43,-0.38390525285987565,-0.3976627208172097,0.09740227986444124,1.310936749658555,-0.057304239051467754,-0.1146409709783778,0.5439940783388891,0.6544810536771216,-0.4155308343236809,-0.44047210563687456,0.2143156417054826,0.2974075028044526
7.44,-0.3825436706943399,-0.39667770670635066,0.10432522926555537,1.2591571201601204,-0.05200917334697103,-0.10908216975530703,0.5409999861209871,0.6992229377008355,-0.41210697265738166,-0.4381566471631121,0.2253108238957813,0.30115962209137276
7.45,-0.38116253004540357,-0.39565216972660056,0.10768012337556507,1.2521269546771854,-0.04675164144453378,-0.10355018451609144,0.5374795784588607,0.6792097623730612,-0.40856451149724415,-0.4357242979840108,0.23756632471992467,0.30790872641665323
7.46,-0.37976272270462497,-0.3945897127879782,0.11037614583989563,1.248097484979967,-0.04153249100361023,-0.09804637531785307,0.5352599224407152,0.6739454012931037,-0.4049028175551258,-0.43317475259914573,0.24851783532608696,0.3196875020006974
7.47,-0.37834514316474127,-0.39349266477167016,0.1165884524687716,1.2448953146924258,-0.03635255571800977,-0.09257223153805065,0.5332717114282858,0.6614232806354163,-0.4011213031312667,-0.4305079280670401,0.2600689229813,0.3155466755485741
7.48,-0.3769106883850944,-0.3923629492191099,0.11633920512098653,1.254500273058912,-0.031212655088723285,-0.08712886628458093,0.5316224335948248,0.6677642993894125,-0.3972194264694237,-0.42772358940547023,0.2700326734725806,0.2890683155369767
7.49,-0.37546025755649126,-0.39120229544669566,0.12054981371652596,1.2392434748129604,-0.02611359420122414,-0.0817173179419159,0.5281570426028723,0.6722756417216964,-0.39319669209357344,-0.42482145066988913,0.27986219686786373,0.31534640841030315
7.5,-0.37399475186556635,-0.39001223770589355,0.12613504547043294,1.2336444506787982,-0.021056163507312514,-0.07633858382158648,0.5274098018764559,0.6708849614994276,-0.38905265112603926,-0.4218012073603772,0.2932091067290067,0.30925795590907657
7.51,-0.37251507425869906,-0.3887991862786445,0.12211491400274746,1.2649994106672344,-0.016041138611563643,-0.07099025736409814,0.5218205155081619,0.6466858920640708,-0.3847869015869136,-0.41866140101684435,0.30356952691438766,0.2862984943453629
7.5200000000000005,-0.3710221292055496,-0.38756353809879357,0.1294394221526,1.3007470052024825,-0.011069280062453501,-0.065678906296567,0.5168966593048337,0.6426475263304966,-0.3803990886746423,-0.4154035104334695,0.32102239632712265,0.3085222625200423
7.53,-0.36951682246226475,-0.3862988341190177,0.12836668053510863,1.2582915357239324,-0.0061413331482193245,-0.06040759022772739,0.5139648113244497,0.6520795939660299,-0.3758889050276505,-0.4120280902337334,0.3315348258735449,0.29222350911011435
7.54,-0.36800006083441683,-0.38500609101848887,0.1319581417049734,1.242424055550558,-0.001258027697514541,-0.05517091066160503,0.5113740730478957,0.6696838730302959,-0.3712560909669016,-0.40853274615641005,0.3427420264087951,0.30313732476397515
7.55,-0.3664727519397399,-0.3836891181188599,0.13378685678554897,1.2426532276653042,0.003579922115071965,-0.04997053377198778,0.5047775146231911,0.6754410562274048,-0.36650043471928057,-0.40491725607915846,0.3491923052865258,0.2948163419895879
7.5600000000000005,-0.3649358039707073,-0.3823501514585659,0.13817293502405334,1.2123563123835637,0.00837181795858441,-0.044807905282348695,0.5044206082491687,0.6636120451559901,-0.3616217726217078,-0.40118155015784246,0.3657969416092197,0.2998784560358513
7.57,-0.3633901254570274,-0.38099082133718487,0.1384205272631448,1.2168733902510296,0.013116977530287788,-0.03968411306420271,0.497024022651409,0.6739049936535783,-0.3566199893058932,-0.39732544655083973,0.37055089686973136,0.3036462405684983
7.58,-0.36183662502810215,-0.3796124151761034,0.14654435662759363,1.2265445785275029,0.017814734735233068,-0.03460008104594514,0.49709361164204446,0.636391355129153,-0.3514950178636441,-0.39334872470932325,0.3871356377610349,0.28064580634230063
7.59,-0.36027621117551417,-0.3782161933553447,0.14308034182837112,1.2417826852979368,0.022464439860727076,-0.02955661301375494,0.48925673450576745,0.6613285998508862,-0.3462468399926634,-0.3892511478712721,0.39690006392412325,0.2724763944297969
7.6000000000000005,-0.3587097920156015,-0.37680328941111,0.14761618181904038,1.2331110188540937,0.027065459745674758,-0.024554531816770277,0.48943409599108684,0.6667099212451872,-0.3408754861227651,-0.3850325131626624,0.4086094536903941,0.302268943812892
7.61,-0.35713827505217666,-0.3753748004809567,0.14317834481747657,1.2214551495383144,0.0316171779447221,-0.0195946071221186,0.4830039466394731,0.6710168573633225,-0.3353810355224492,-0.38069263365999906,0.4211688776425116,0.2937582514482634
7.62,-0.35556256693944926,-0.3739317673010507,0.15112418899721333,1.223581972766422,0.036118994887170824,-0.0146775814689204,0.4795101970993415,0.6890070452010836,-0.32976361638579027,-0.37623135161497007,0.4311005022722706,0.29874809146868175
7.63,-0.3539835732452111,-0.372475222537499,0.14820020730673203,1.1986659007437372,0.040570328030598346,-0.009804185522456366,0.47619508726194926,0.670606489380499,-0.3240234058995949,-0.37164853713476564,0.44260986843306366,0.2993649218524196
7.640000000000001,-0.352402198214346,-0.37100623472373195,0.15030747895618576,1.2242913023691688,0.04497061200914823,-0.0049751174436964895,0.473796741478192,0.6619705781221438,-0.31816063029079367,-0.36694409025252994,0.45714800771886144,0.29853342230973595
7.65,-0.35081934453271546,-0.3695258171300167,0.14900164586261627,1.2194164753035168,0.04931929877644317,-0.00019109647317270542,0.4659568212185652,0.6920317145021895,-0.31217556485404707,-0.36211795649918443,0.46525605557751437,0.27832343426218026
7.66,-0.34923591309148566,-0.3680349314624184,0.15131848399118492,1.202862927601214,0.05361585774307845,0.004547211166200058,0.46321140001534156,0.6632932770127552,-0.30606853395953565,-0.3571701106435016,0.478487147667981,0.27985318628535394
7.67,-0.3476528027519521,-0.3665346303032095,0.1563499373644,1.1969465443796525,0.057859775908651545,0.009239169209663972,0.45968770568471434,0.6388244218385329,-0.29983991104093916,-0.3521005548337074,0.4884003189481277,0.2793435959212135
7.68,-0.3460709101109209,-0.36502585245815794,0.1497242743587595,1.2073263346726835,0.06205055798829179,0.013884077074890814,0.4515763502492701,0.661689713071945,-0.2934901185635927,-0.34690935781238047,0.5068296542779802,0.3019981855680242
7.69,-0.344491129266699,-0.3635096120867918,0.15574170642280027,1.2016058550076523,0.06618772653364946,0.01848135984761714,0.45217986937675386,0.6797171813047628,-0.287019627972829,-0.3415965950272603,0.5153939323203759,0.2842094090979564
7.7,-0.34291435158576333,-0.3619868760592611,0.15413781749493174,1.2077045643850723,0.07027082204831157,0.023030380282254327,0.4417608359313883,0.669726565354038,-0.28042895962252096,-0.3361624038708228,0.5277491198651749,0.2942317865344378
7.71,-0.3413414654701555,-0.36045865676000594,0.1546662393815734,1.1979137390373653,0.07429940309760738,0.027530546383444748,0.43904757055480476,0.6722904884517812,-0.2737186826838473,-0.33060695543174956,0.5419426635226604,0.2831803783921775
7.72,-0.33977335612566417,-0.3589258160967065,0.15522244496791798,1.1922040669700065,0.0782730464127706,0.031981234527779054,0.4373817601251256,0.6717019411479423,-0.2668894150343089,-0.32493048252066586,0.5471659347130297,0.3008419182542924
7.73,-0.3382109053308532,-0.35738933422991065,0.16116437417563378,1.1903570560611971,0.08219134698942634,0.03638195012089402,0.42912541900041834,0.6720411097289516,-0.25994182312703723,-0.31913321896273705,0.5633686212431204,0.2900323308631673
7.74,-0.336654991206996,-0.35585013925129855,0.15774265673645424,1.2020765932661575,0.08605391818038113,0.040732099511706435,0.4239787012095732,0.668458988190444,-0.2528766218404408,-0.3132154825929616,0.5751739732197959,0.2526243095306148
7.75,-0.3351064879889612,-0.35430919615470574,0.15788146058264635,1.1936662574792154,0.08986039178267527,0.04503117934917644,0.4185915661155512,0.6465618755369453,-0.24569457430823696,-0.30717760721040616,0.5836804937304735,0.2901517187525794
7.76,-0.33356626579712195,-0.35276738648028694,0.1562739795212379,1.1879225744788608,0.09361041811888665,0.049278647185511636,0.41477729485791354,0.6791835671144005,-0.23839649172994065,-0.30101999361469983,0.5993775649040087,0.2654328798848754
7.7700000000000005,-0.3320351904103357,-0.35122569651570745,0.15752663335141345,1.1686833361112203,0.09730366611265041,0.05347407094845187,0.4098173355477283,0.6721384498500824,-0.23098323316187555,-0.29474305499160364,0.6092719630504793,0.2731070078430323
7.78,-0.3305141230400524,-0.34968980304820196,0.15100568749663407,1.2238208932979218,0.10093982335837615,0.05762021788218192,0.403756173850815,0.6364914129728074,-0.22345570528878322,-0.28834612230356726,0.6202607786431298,0.29663878498504964
7.79,-0.3290039201056087,-0.34815488623046925,0.1577550928635645,1.1990131961201396,0.10451859618514912,0.061707780126320305,0.399920003738086,0.6855869645506887,-0.21581486217611912,-0.28183275971516536,0.633688319864006,0.28065973350168405
7.8,-0.3275054330107634,-0.3466316360285422,0.1561271715467586,1.2413724474905867,0.10803970971478263,0.0657479025921438,0.39304965979529616,0.6705784863440274,-0.20806170500312648,-0.2751994449100367,0.6417702280844758,0.24834141597483636
7.8100000000000005,-0.32601950792153,-0.34510419033352185,0.1555819223403,1.1911037233726838,0.11150290791402162,0.06972626334064218,0.38810056595917913,0.6870911201474311,-0.20019728177679186,-0.2684521037074621,0.6563592897372595,0.26108518383823665
7.82,-0.3245469855453596,-0.34357696204507093,0.15234739484985182,1.1785467234643172,0.11490795364086623,0.07365272408572725,0.3845296547848065,0.6685992530710076,-0.19222268702679152,-0.2615873989396925,0.6660279630283381,0.2841725160996471
7.83,-0.3230887009117299,-0.3420534541775963,0.15346001967025616,1.1809041421058453,0.11825462868501822,0.07752562970638946,0.37759018655964993,0.6807708980680938,-0.18413906148153664,-0.25460647249277496,0.6755588620272478,0.274109425880885
7.84,-0.3216454831541987,-0.3405357003207148,0.15506952725496395,1.1687346927221185,0.12154273380242356,0.08134395036180019,0.37235032803229273,0.6760896072643864,-0.1759475917254552,-0.24751034006971565,0.6846337734851228,0.25497635294704635
7.8500000000000005,-0.3202181552939657,-0.3390305559287822,0.1546194075202853,1.1599057872457046,0.12477208874391645,0.08510893334028781,0.3685691951292331,0.6789806321765743,-0.16764950983763316,-0.24029913816487813,0.6996959239329341,0.26910495340931395
7.86,-0.31880753402501016,-0.3375299569506018,0.1532379781855677,1.1815718862416047,0.12794253227794322,0.08881486636198581,0.36682182665531615,0.6932167082823747,-0.15924609301195913,-0.23297591439885396,0.7108248139106763,0.2810480235263293
7.87,-0.3174144295008467,-0.3360369560502672,0.14942524467398877,1.1533117952403884,0.13105392220737389,0.09246561403193936,0.35801460138135566,0.6733219283653339,-0.150738663158908,-0.22553986248416272,0.7183070532957216,0.2690119246507777
7.88,-0.3160396451229539,-0.3345533375984133,0.148968703559575,1.184583206495286,0.13410613538038646,0.09606038435831005,0.3487954068430568,0.6917530890458442,-0.1421285864891403,-0.21799210343858613,0.729572123525669,0.2744060520162648
7.890000000000001,-0.3146839773309358,-0.3330803902918051,0.1498543181391585,1.1524949676786878,0.13709906769542665,0.09959868088712727,0.3459900010635067,0.6685312692508507,-0.1334172730790524,-0.21033370503653762,0.7385668122320918,0.27016690522792786
7.9,-0.3133482153944586,-0.33161909503916753,0.14451521679250323,1.1426494571971841,0.1400326341002444,0.10308010226232081,0.34481375646921264,0.675727606805898,-0.12460617641847138,-0.20256574715704784,0.751934041548934,0.2602605629804269
7.91,-0.31203314120702064,-0.3301703521969233,0.14462303311941319,1.167021720384922,0.14290676858500687,0.10650438345014727,0.3359535347155382,0.6754646445723649,-0.11569679294064653,-0.19468930820486446,0.7660752714927332,0.23616455822427607
7.92,-0.31073952908160074,-0.32873499866749567,0.14614118775714252,1.1537668248088624,0.14572142416948897,0.10987127539703505,0.32386955450071414,0.6727805272832239,-0.10669066153474285,-0.18670551126216675,0.7773066852592699,0.2601368318973757
7.930000000000001,-0.3094681455482468,-0.32731389381277515,0.13974581460674126,1.1454286652453247,0.14847657288435154,0.11318058045021333,0.32342696668790877,0.6779694820337234,-0.09758936304100951,-0.17861551181092186,0.7799282563143971,0.26679938837461264
7.94,-0.3082197491536396,-0.3259117917467347,0.13970029124538005,1.1669019928491724,0.15117220574650964,0.11643483706972335,0.31889987431260336,0.6483773379114444,-0.08839451972883824,-0.1704195322066629,0.788299916026793,0.26197374309728333
7.95,-0.3069950902626945,-0.32452481501335007,0.13991911177935465,1.1445379027190077,0.1538083327286038,0.11962658967986925,0.31472251827098646,0.6701493397367844,-0.07910779475789323,-0.1621213677583704,0.8004807809606592,0.26457839197326116
7.96,-0.3057949108622431,-0.3231520788224636,0.13578619545966492,1.1541350458516673,0.15638498272258414,0.12276111920807063,0.3065784533211321,0.6848395899333182,-0.06973089162254795,-0.15372054466120022,0.8113573767901964,0.23718976612457773
7.97,-0.3046199443668487,-0.32179585525392085,0.13566485279025098,1.145328453880441,0.15890220349741663,0.12583801505256847,0.29885138620507656,0.6686667862111155,-0.06026555357982419,-0.145218344956872,0.8227926371105166,0.2589547106270366
7.98,-0.30347091542679516,-0.320463691670158,0.1342888085504786,1.1615774756295973,0.16136006165092787,0.12886185829551242,0.2947899923233948,0.648261143876988,-0.05071356306108288,-0.13661472457797885,0.8299568072318908,0.24787997763126016
7.99,-0.3023485397383087,-0.3191514319425241,0.13297270570156192,1.1492647690811963,0.16375864255581055,0.13181930486383828,0.28763195156769533,0.6879134658297539,-0.04107674106767467,-0.1279149644379211,0.8409944265792272,0.2613849898184827
8.0,-0.3012535238560511,-0.31785357869518904,0.13395746384254206,1.132974508875654,0.1660980502997938,0.1347193550737677,0.28393295787034906,0.7010178044533015,-0.031356946550794296,-0.1191184348600727,0.8475787717053627,0.25694182856348113
8.01,-0.30018656500792973,-0.3165743350761891,0.12984896242497904,1.1232350030346423,0.168378407620015,0.13756207122492098,0.27808105524203364,0.6815457375805308,-0.02155607577579785,-0.11022601624737252,0.858889875624282,0.23659986111804374
8.02,-0.2991483509122795,-0.3153307207437825,0.12039185852463519,1.1286340134161137,0.17059985583160078,0.14036169164266143,0.2816351842732728,0.686931980114989,-0.011676061671211962,-0.10123567202132285,0.87020738101645,0.22851750745872912
8.03,-0.29813955959745553,-0.31411954099246997,0.12319301495264914,1.1820093817227957,0.17276255475048646,0.14308013022893398,0.2701256756482551,0.7069232560136013,-0.0017188731627021392,-0.09215760743379231,0.879023227205081,0.2711347501459945
8.040000000000001,-0.29716085922387714,-0.3129123230777761,0.12377566599685536,1.1303477458525863,0.1748666826105035,0.145741236889905,0.26117137848180005,0.6892819025882905,0.008313485507734059,-0.0829908553969552,0.8835477666572926,0.26385967974831614
8.05,-0.2962129079085793,-0.3117220641599394,0.1224294562759723,1.1423187925652145,0.17691243597475115,0.14834778589900538,0.2557651470812185,0.6907706849283017,0.018418975477082572,-0.07373345713468106,0.8930503107272008,0.2446647635837316
8.06,-0.29529635355230427,-0.3105534842917566,0.11740615065736039,1.1252701364309674,0.17890002964129084,0.15089749211462672,0.2479492481188246,0.6732107354975073,0.028595523970880332,-0.0643880670689949,0.9047324927830118,0.2312496587249565
8.07,-0.29441183366918117,-0.3094090730440295,0.11677765888826891,1.1107205590773093,0.18082969654319042,0.15338941855170396,0.24458876462433707,0.7118285239655884,0.03884102502671544,-0.05495684042363187,0.9107497885087101,0.2446746684932454
8.08,-0.293559975219036,-0.30829036069805243,0.11143936103891398,1.1108877503349852,0.1827016876429487,0.15582321368549143,0.23428572195144212,0.7083721927977374,0.04915334023141618,-0.04544173077267404,0.9160425256675346,0.269412994569331
8.09,-0.29274139444237024,-0.30719829615655253,0.1086278027521241,1.1010936940924339,0.18451627182133498,0.15819870731929933,0.23106691928209716,0.6979539598118425,0.05953029947160532,-0.03584465767328153,0.9272970408193709,0.2659663002229966
8.1,-0.2919566966980558,-0.30613364652189395,0.10897306928301513,1.0887800947942634,0.18627373576068348,0.1605159564818347,0.22691299393480735,0.7096914996087679,0.06996970169734365,-0.02616749936115637,0.9372065665424945,0.2370046784844938
8.11,-0.29120647630377766,-0.30509721593374833,0.10293927564231752,1.1027619364135093,0.1879743838226743,0.16277511783549528,0.22122900253577316,0.6981663519444669,0.08046931569855215,-0.016412133413773723,0.9417762449409656,0.23705111331686474
8.120000000000001,-0.29049131637927206,-0.3040896553308444,0.10379005359027604,1.0896212783713888,0.18961853792064293,0.16497625593833878,0.21604406127346498,0.704735210179401,0.09102688089390079,-0.00658051081602106,0.9494454725457733,0.256075707750185
8.13,-0.2898117886923919,-0.30311157164718533,0.09532875043290683,1.0957251070771785,0.19120653738645788,0.16711955195365355,0.20839089478963638,0.7040628544547312,0.10164010813185553,0.0033254107168512416,0.958484473911946,0.251344024148315
8.14,-0.2891684535080473,-0.3021636296086362,0.09145939706447118,1.0850561913413281,0.1927387388320135,0.1692052049352286,0.20724654949180038,0.7121549962695388,0.11230668050358314,0.013303649719341261,0.964212904581198,0.25334704275978054
8.15,-0.28856185944004453,-0.3012464101048599,0.09103440081186388,1.1183554852106292,0.19421551600537323,0.1712333842606604,0.19728054620785063,0.7025489624460968,0.12302425416735094,0.0233521685862425,0.9737293748066563,0.24013466495501803
8.16,-0.28799254330587787,-0.30036296765824116,0.09195635971091684,1.1090595213304832,0.19563725964161965,0.17320553961436394,0.19303541637878913,0.7143631245049117,0.13379045918414098,0.03346939795571532,0.976730002731603,0.23810858585340777
8.17,-0.2874610299844914,-0.2995102540025936,0.08480939199291126,1.08758060910154,0.19700437730844908,0.17511867051067334,0.18799627430282892,0.71600202779439,0.1446029003641093,0.04365196825172916,0.9814191973859169,0.23582225536253018
8.18,-0.28696783227706335,-0.2986890969953518,0.08274590383554661,1.0828694765721047,0.19831729324656827,0.17697554585717426,0.18584248135307008,0.7121644357430864,0.15545915812358116,0.05389872926925229,0.9887132508925641,0.25352074005485065
8.19,-0.28651345077083745,-0.2979006665346865,0.07751006635079125,1.0776161897624081,0.19957644820493506,0.17877621719762363,0.17398905132145956,0.6939367724067168,0.16635678935222994,0.06420746439007394,0.9950806625027335,0.2239511598892111
8.2,-0.28609837370603486,-0.2971458042313561,0.07471077643298188,1.0684329688201684,0.20078229927090707,0.18052084599433277,0.17173206177371056,0.7005344631190584,0.17729332829009026,0.07457593892842683,0.9972952949443978,0.24117373091111263
8.21,-0.2857230768458862,-0.29642514153692767,0.0741802040979113,1.0665740866594131,0.20193531969534004,0.18220964718641328,0.16366174081306006,0.7080865550171477,0.18826628741407292,0.08500190442690271,1.0061201350100017,0.23463273960542813
8.22,-0.2853880233498123,-0.295739384129401,0.06861871589296957,1.0720226929152172,0.203035998712696,0.18384298931373078,0.16379343483990644,0.7297376161140794,0.19927315833361306,0.09548313740167425,1.0116486863662904,0.24865012458043018
8.23,-0.2850936636497816,-0.29509058274992017,0.06948562276676966,1.081477033684236,0.20408484135622595,0.1854218511790024,0.15602397118599873,0.7125519710362805,0.21031141269511044,0.10601762981359295,1.0192098437391226,0.23690544097127528
8.24,-0.28484043532988146,-0.29447695513488276,0.06168086263117357,1.077682735178752,0.20508236826827067,0.18694462249923993,0.1502465232776893,0.7264452919985275,0.22137850309478802,0.11660230746694239,1.0236215825877526,0.2325386250267254
8.25,-0.2846287630091314,-0.29389919183500657,0.060298928510110775,1.0712041636598038,0.20602911550575137,0.18841322898098448,0.14530896660764092,0.7013214868598134,0.23247186399962094,0.12723545126791147,1.0251508584938371,0.24338416396690277
8.26,-0.28445905822756296,-0.29335818275183245,0.05448208430907374,1.0756981034996742,0.2069256343409086,0.18982793875888193,0.14124199059309184,0.7201854762457074,0.24358891267595134,0.137914679319032,1.0328909636629293,0.25915201948408445
8.27,-0.2843317193356008,-0.2928545568500094,0.0498652797130469,1.0568109578004297,0.20777249105735074,0.19118905803581135,0.1322324427275426,0.7266499521263526,0.2547270501254447,0.14863758265188912,1.0325530629985757,0.24039145922628916
8.28,-0.2842471313867688,-0.29238888301236016,0.04890497157153218,1.0622837692755607,0.2085702667414755,0.19249698473969157,0.1266568040859887,0.7249167034187761,0.26588366202798686,0.1594017571762415,1.0399283881701535,0.24162168163365685
8.290000000000001,-0.28420566603374836,-0.29196168769497105,0.04448931044129738,1.0695690813279002,0.20931955706933641,0.19375213174022826,0.12225138065782305,0.7415503353840002,0.2770561196911727,0.1702047816889779,1.0451168573122376,0.24035446525921242
8.3,-0.28420768142781727,-0.2915734972583109,0.036569220655196084,1.0673530882090152,0.21002097208901566,0.1949549821482919,0.12153466260572672,0.7223158355278816,0.2882417810059891,0.18104422534335265,1.0460903436323665,0.24787161040778885
8.31,-0.28425352212168853,-0.29122469456354966,0.03140427279218489,1.0493955578117877,0.21067513599857016,0.19610594526903896,0.11631988496315399,0.7419177280764605,0.2994379914083269,0.19191760865904134,1.0506236800677902,0.26219451124083853
8.32,-0.2843435189757798,-0.29091578654189126,0.030700377055325228,1.0537746781805064,0.21128268691963265,0.19720556681331403,0.10617719482176385,0.7107687438103513,0.3106420848459265,0.20282247604403505,1.0485303991407855,0.23449650000393776
8.33,-0.28447798906793514,-0.29064719648782417,0.03235664951158674,1.0652237203138,0.211844276666723,0.19825431052078613,0.10127300911008726,0.7400408690985264,0.3218513847503844,0.21375631936789488,1.0518884636788592,0.24239082125655
8.34,-0.2846572356066152,-0.2904193452492049,0.023989491695930648,1.0611508043447757,0.21236057051235413,0.19925271287047308,0.0949040606389062,0.7409632262178735,0.3330632050138183,0.22471663017157809,1.054958298009223,0.2520023739036392
8.35,-0.2848815478475879,-0.2902325388082865,0.02134455377846804,1.0575034055706083,0.21283224694800457,0.2002012450238723,0.09422203588323463,0.7535964942974094,0.34427485096981947,0.2357008538246636,1.058408158368605,0.2434211831617179
8.36,-0.28515120101413316,-0.290087277742112,0.015229407169851413,1.055875255128719,0.2132599974410268,0.20110060111610278,0.0875815306099814,0.7365145063928568,0.3554836203782941,0.24670649379159595,1.0610785889895293,0.23373950948356126
8.370000000000001,-0.2854664562207821,-0.2899840046769712,0.0094720979125619,1.06221539608766,0.21364452618757773,0.20195125919835263,0.08252702762807376,0.7434245066947676,0.366686804413792,0.2577309612561065,1.0617523923746257,0.24779759001515958
8.38,-0.285827560400614,-0.2899230887088785,0.0053100305939723725,1.0445253573583893,0.21398654986163723,0.2027537890237607,0.08105476521370761,0.7372982259387395,0.3778816886569428,0.2687716732038282,1.06603681198439,0.23989534192775064
8.39,-0.28623474623612427,-0.28990487354083955,0.0006328783799709518,1.0560560808464816,0.2142867973602089,0.20350878220723406,0.07190742099815345,0.7503932364759942,0.3890655540886062,0.27982604082786944,1.0654553008836292,0.22270453135140955
8.4,-0.28668823209368294,-0.2898396409937122,0.008506370672794111,0.7771393350460772,0.21454600954476438,0.20418632794596114,0.07099242838075806,0.7157292969107198,0.4002356780863242,0.2908790921598882,1.0674920537769022,0.23832906104963217
8.41,-0.2871882219616013,-0.28978725110317033,0.0017199901139974996,0.6570655564892182,0.214764938979033,0.20484146562504568,0.06993963205664007,0.6772935116123848,0.41138933542269374,0.3019499388385221,1.0683336333336493,0.2406550125566256
8.42,-0.28773490539181945,-0.28976593093330894,0.00019600049729232233,0.5950670752708412,0.21494434966320144,0.20545721189594948,0.06745580530513011,0.6433571428722962,0.42252379926525035,0.3130292174830724,1.0717204323328982,0.2443823713312434
8.43,-0.28832845744523017,-0.2897097602620998,3.798253332401363e-05,0.28555830330734616,0.21508501676461703,0.2060065798292334,0.06645478049917794,0.6733782438812348,0.4336363421774771,0.32410340983251357,1.0738283809638662,0.25205069546752634
8.44,-0.2889690386406557,-0.28967739912031093,-0.002270864216910575,0.18649104671787847,0.2151877263450772,0.20653450365261464,0.06654677037736337,0.6232273883892068,0.4447242371205332,0.335186708604151,1.0737354332060145,0.23831804848631205
8.45,-0.2896567949074845,-0.2896553563827341,0.00790333942740184,0.14936032378568706,0.2152532750847903,0.20698882910119434,0.0403977914020752,0.5976618188288826,0.4557847584552932,0.346262723467315,1.068284836823212,0.2213002028076701
8.46,-0.2903918575419864,-0.2896900134570955,-0.004215540852013287,-0.33883020270452663,0.2152824700030952,0.20745028966962895,0.05071259903963572,0.9510548662649674,0.46681518294432434,0.35734249866812856,1.0700417466222998,0.2551134590393626
8.47,-0.29117434316731106,-0.2897196354073266,-0.012800007131059356,-0.49485663034425503,0.21527612817602265,0.20784665753241027,0.051630313852471375,0.8951536548565788,0.47781279075335925,0.3684103847292629,1.068492647836718,0.2527597698220617
8.48,-0.29200435369718447,-0.2897605273050249,0.0033773245475154537,-0.561683527250907,0.21523507645079853,0.2081752870518677,0.02505447157356703,0.8713038758883195,0.4887748664519236,0.3794645770330659,1.065484592676056,0.2380159716399268
8.49,-0.29288197630331103,-0.2898198014629283,0.0030535984734510095,-0.8920265224426503,0.21516015115736542,0.20847408735929782,0.026509287400022428,0.9015855199639203,0.49969870001266686,0.39050434423003993,1.0665661438713516,0.26913255493439164
8.5,-0.29380728338648715,-0.28991485108185694,-0.0032442456345869296,-1.045331659108797,0.21505219781701862,0.2087567426287535,0.024595949064882147,0.8741961452138733,0.5105815878090156,0.40153728920500265,1.0620064463991514,0.2527597521711984
8.51,-0.2947803325514371,-0.28997372527191845,-0.004268072568498885,-1.304631943472537,0.21491207084825553,0.20898486320302492,0.028152687649387595,0.7958594591976831,0.521420833610766,0.4125459637263135,1.0614979282264028,0.24295759042869097
8.52,-0.2958011665853777,-0.29008250294917626,-0.01209270461257841,-1.4087734920346864,0.21474063326991463,0.20919632090000054,0.025028394249114246,0.7617585769168078,0.5322137495772047,0.42354247021822644,1.0592682710121915,0.2549309981783197
8.53,-0.29686981344031194,-0.2902683399736896,-0.02214436974311508,-1.406663025750223,0.2145387564017118,0.20937761957505083,0.016294855889543935,0.7461364189775392,0.5429576572473552,0.43451862155374127,1.055194649293037,0.23923088175032808
8.540000000000001,-0.2979862862190632,-0.2905328049072969,-0.03063573288350167,-1.4267887195810278,0.214307319562262,0.20952075479975882,0.013365142774773088,0.7559466835641755,0.553649888526976,0.4454682784549805,1.0549877019333238,0.24972706126109917
8.55,-0.29915058316504967,-0.2908790908808242,-0.03283284854996524,-1.4539624540742522,0.21404720976467906,0.20962611919835297,0.011564036291599512,0.7426098804385035,0.5642877866718933,0.4563885976149591,1.0534114966509918,0.2431157413619327
8.56,-0.30036268765580054,-0.2913062086470412,-0.04496265935962934,-1.4613784286812854,0.21375932140985238,0.20969348918219513,0.008302741741251186,0.7490477732770222,0.5748687072672992,0.4672765081239739,1.0518602799908388,0.26214879760552134
8.57,-0.3016225682002212,-0.29181186538161796,-0.050110845428239896,-1.4336540981293282,0.21344455597749706,0.20972346052725957,0.0036788108424919905,0.763727975838776,0.585390019202609,0.47812925126083156,1.0431233547757404,0.24210473828530657
8.58,-0.30293017843960046,-0.29241139592984444,-0.05429021687941392,-1.4730883771936383,0.21310382171507308,0.20985174621025665,0.0037600353676662027,0.6448036487291902,0.5958491056414854,0.48894068525034867,1.0440880342103802,0.2035534837772008
8.59,-0.304285457152367,-0.29309217252307446,-0.07490806393292583,-1.5116286956412461,0.21273803332466623,0.21003846795975484,0.04492608719493747,0.6446083051122729,0.6062433649866642,0.4996904332904613,1.026294663670135,0.224175471614096
8.6,-0.30568832826259046,-0.29380841433465604,-0.06882746639452089,-1.492695651397857,0.21234811164794262,0.21011635687822128,-0.004700124859709033,0.40353160717645914,0.6165702118391766,0.5104445821142225,1.0384893502937325,0.17970693398480847
8.61,-0.3071387008522243,-0.29460459522285304,-0.07162367429695098,-1.512816158298933,0.2119349833492591,0.2102460853327885,-0.010000693400959059,0.36749528064596837,0.6268270779515883,0.5211321411089607,1.0322576207045335,0.18260971610375246
8.620000000000001,-0.3086364691770906,-0.2954819667038957,-0.09179522744963121,-1.5310783894017779,0.2114995805970386,0.21042394764400055,0.03237076517522603,0.3738862416243998,0.6370114131748896,0.5317481669005413,1.0165000422477186,0.17561043404896293
8.63,-0.31018151268660077,-0.2963946804560507,-0.08332929046461224,-1.271393079217087,0.21104284074351093,0.21048049125815946,-0.0068363565826390455,-0.5254071082660945,0.647120686398636,0.542354797614099,1.0300340447695864,0.33974844296852036
8.64,-0.3117736960472087,-0.297384055725033,-0.10194449380623302,-1.5670857136574623,0.21056570600291286,0.21056245959489275,0.020299485155761347,0.3558689902297789,0.6571523864839905,0.5528766985196303,1.0075075983135025,0.15508761940979185
8.65,-0.3134128691695894,-0.2984148643067928,-0.10042317578128285,-1.2987923631170588,0.2100691231282546,0.2105152725613441,-0.017773513042819548,-0.5034279675389461,0.6671040231892748,0.5633753188705235,1.0146130177072317,0.32164503647867465
8.66,-0.3150988672395377,-0.2995245133643043,-0.11339083117704846,-1.5920183805813615,0.2095540430867506,0.2104973399728227,0.011445646271185937,0.3650509325464039,0.6769731280876634,0.5737832033986338,0.9960081994002015,0.16753014472754166
8.67,-0.31683151075257937,-0.30067485066831096,-0.10936176192738717,-1.2734308531130623,0.2090214207340184,0.2103553488423863,-0.02828986747746756,-0.5091398770764265,0.6867572554766666,0.5841622868858021,1.0061069765435833,0.3224782873724956
8.68,-0.31861060555228593,-0.30190221269899925,-0.12427485298861822,-1.556192756905659,0.20847221448714523,0.2102480916989737,0.0031137168687954348,0.3538502484457917,0.6964539832790335,0.5944456180594021,0.984484563189251,0.16526316394938664
8.69,-0.32043594287228433,-0.3031680345297426,-0.12010163084719018,-1.2845727069358488,0.20790738599672415,0.2100221067624095,-0.03791206406549305,-0.492217390738131,0.7060609139347025,0.604695035150653,0.9926053948201669,0.3089130056974652
8.700000000000001,-0.3223072993819499,-0.30451530963762585,-0.13568521686916782,-1.4576081735093975,0.20732789981797134,0.20995402483873,0.008863393562429642,-0.4246937280344365,0.7155756752834693,0.6148311085817165,0.9723103136707497,0.31567193352519396
8.71,-0.32422443723577443,-0.3058855108847022,-0.14150620370983863,-1.6473539651432691,0.20673472308101135,0.20977087057132807,-0.004935082469015248,0.2452800387643417,0.724995921437996,0.6249343981769169,0.9647164522893894,0.14637344426812712
8.72,-0.3261871041263932,-0.30733521070326564,-0.149427373138462,-1.3781617789847977,0.2061288251604514,0.20966337318230893,0.0017943602961620012,-0.550494828023179,0.7343193336468343,0.6349489766552349,0.959472291222824,0.30157595135051984
8.73,-0.32819503334126215,-0.3088520537840221,-0.15005255350677035,-1.3394152739513303,0.20551117734433236,0.20965184509540155,-0.0028915732623166933,-0.8952280319108947,0.7435436211470985,0.6448892143616788,0.9571937722496275,0.24899920484608531
8.74,-0.33024794382296874,-0.31040133479739934,-0.15520595874716941,-1.3878113403597188,0.20488275250257396,0.20959418821544895,-0.00537708508823792,-0.9029969670260604,0.7526665220064679,0.6547579379077935,0.9507031192425252,0.24819462790205762
8.75,-0.33234554023316126,-0.3119942697574384,-0.1560822660968705,-1.4230620727599368,0.20424452475500568,0.20948482368829016,-0.01321817603502904,-0.8957423321221023,0.7616858039541615,0.6645472609448453,0.9470211690000072,0.26832474771170345
8.76,-0.3344875130200853,-0.3136356159278536,-0.16677318851108391,-1.4358502993916644,0.2035974691390971,0.20932517912582635,-0.02013485145420697,-0.9088623873614865,0.770599265200582,0.674253719721992,0.93823497341605,0.2552775032385184
8.77,-0.33667353848970316,-0.3153269805648212,-0.16702436229667633,-1.4382451994461283,0.2029425612774876,0.20911826209644344,-0.020919233586657617,-0.906446744454207,0.7794047352452689,0.6838745642719435,0.9273151185250633,0.2554281330621278
8.78,-0.3389032788803876,-0.31706862040175277,-0.17182565014940934,-1.4156086636443992,0.20228077704541628,0.2088674611975845,-0.025301818483460345,-0.8904136288652623,0.7881000756728707,0.6934073202982253,0.9160106345819277,0.25322134442880784
8.790000000000001,-0.3411763824411663,-0.3188602010484997,-0.1762812726180852,-1.4270012875055398,0.20161309223816343,0.20857624459254642,-0.02853931919951308,-0.8922649117294846,0.7966831809367992,0.7028496516910482,0.9120669824282636,0.25184659506037566
8.8,-0.34349248351349526,-0.32070116042008984,-0.17927266713002418,-1.4167057558517782,0.20094048223860328,0.20824794128951654,-0.032839473990887165,-0.8961552462966852,0.8051519791302493,0.7121992864352925,0.8978041086991987,0.2492084348972298
8.81,-0.3458512026165501,-0.3225858932370756,-0.18384316366226208,-1.440338757859724,0.2002639216849697,0.20788457991540082,-0.03870764674932425,-0.8807530361263181,0.813504432744308,0.7214535740158033,0.8918209013090934,0.25822711192807524
8.82,-0.34825214653600745,-0.324522472622329,-0.19283890312706403,-1.4061093968210636,0.19958438413894708,0.2074924140678006,-0.04066092363025485,-0.8955988890756671,0.821738539412813,0.7306114921892344,0.8832736846624187,0.2639708545770002
8.83,-0.3506949084162927,-0.3265040553924272,-0.19484584253841647,-1.3941428770354176,0.1989028417541799,0.20706806026557717,-0.043307882375721585,-0.8969547570567064,0.8298523326436833,0.7396693401309627,0.8702360615695834,0.24342326618895402
8.84,-0.3531790678562795,-0.328530212304379,-0.2017633680207083,-1.4181965177891473,0.19822026494531336,0.20662318138872407,-0.0464417102710342,-0.8969799002537213,0.8378438825364349,0.7486261468419956,0.8620309277402416,0.26274335876348104
8.85,-0.3557041910084102,-0.3306073000416948,-0.2065081753384187,-1.4259101718546676,0.19753762205766595,0.20615476927918702,-0.0436436102652669,-0.8799012351314608,0.8457112964855806,0.7574798652195336,0.8518639537843163,0.2550277250075708
8.86,-0.3582698306812172,-0.33273172911633336,-0.21515373682080358,-1.4162500300643568,0.19685587903763263,0.2056646353090168,-0.04666856232902812,-0.8738375707659572,0.8534527198696489,0.7662275467210842,0.8430579049454064,0.2558723663900226
8.870000000000001,-0.3608755264452179,-0.3349019065590563,-0.21566504325863847,-1.4183025656183788,0.19617599910393177,0.2051554900035441,-0.05221428947674865,-0.8785728040924933,0.8610663367255439,0.7748672913406499,0.8298545963751671,0.25297287628982207
8.88,-0.36352080474215565,-0.3370912096819628,-0.20313620655080447,-1.413422494867593,0.19549894241978688,0.20460461289352752,-0.06541683767333463,-0.8713156898255123,0.8685503704079588,0.7833932991009841,0.8157562106104335,0.2645095457961599
8.89,-0.3662051789975676,-0.33930532932198154,-0.2210751177978613,-1.5239489047884893,0.19482566576615867,0.20407767606217184,-0.050256318996916315,-0.9123650665427098,0.875903084233622,0.7918109112539063,0.8112533991124252,0.2580384377019165
8.9,-0.3689281497366406,-0.3415963844836145,-0.2297911237385759,-1.446566190742765,0.19415712221611453,0.2035352539042577,-0.0570081737839239,-0.8720345131955728,0.8831227821100777,0.8001186499706238,0.7977790883629825,0.2637481397114208
8.91,-0.37168920470333433,-0.34393182414549406,-0.22807998520321227,-1.5175330228617967,0.19349426081045565,0.2029683206187494,-0.056998958083345236,-0.8054678835627925,0.8902078091487702,0.8083064547518478,0.7844846725481591,0.279077146719244
8.92,-0.3744878189827415,-0.34631588680907816,-0.23624108757505458,-1.4199119341713577,0.1928380262346855,0.20240065915594038,-0.057082626386277396,-0.8703517172898333,0.8971565522621912,0.8163783646226722,0.7760842432632142,0.2541227482346431
8.93,-0.3773234551266518,-0.3487408896057663,-0.2427726607854272,-1.4519864778233584,0.19218935849743202,0.2018177835324322,-0.06029668304827087,-0.8490526242795186,0.903967440744846,0.8243286834558387,0.7674900633306785,0.27464074238292163
8.94,-0.3801955632822923,-0.3512141932522816,-0.24513924472020127,-1.4104975724873747,0.19154919261041978,0.20123397288225847,-0.05805195589451956,-0.8734730641429922,0.910638946837806,0.8321589926819293,0.754137758850298,0.2601633751768553
8.950000000000001,-0.3831035813242114,-0.3537324289744933,-0.2492650786300055,-1.407075782799503,0.19091845827009743,0.20064305081314254,-0.06062100465644939,-0.8778129059268408,0.9171695862766337,0.8398652353445387,0.7412796565081189,0.27447923746694464
8.96,-0.38604693498927,-0.3562921920657346,-0.2516355277242114,-1.3899409992019673,0.19029807954101097,0.2000478975045273,-0.057280588580846836,-0.8758322495696337,0.9235579188224443,0.8474459758317309,0.727155323242599,0.26560159785165555
8.97,-0.38902503801471583,-0.35888179504904977,-0.2578115654460534,-1.4314684260858819,0.1896889745410279,0.19944825538380276,-0.0583690198998582,-0.8615445803884493,0.9298025487759194,0.8548988968477698,0.7212075944890488,0.2755651264014438
8.98,-0.3920372922792982,-0.36151787739925983,-0.2580239850095817,-1.3930660617847033,0.18909205512851548,0.19885227575129324,-0.061916718252270755,-0.8461810791073696,0.9359021254740447,0.8622245697559721,0.7075418900671174,0.2856179236181076
8.99,-0.3950830879473913,-0.36418697118854415,-0.26403495054540027,-1.4694400015367424,0.1885082265915594,0.19825110559959866,-0.05845574282943379,-0.7981852979662797,0.9418553437693835,0.86941832073406,0.6936666532460641,0.27640157374651053
9.0,-0.39816180361609094,-0.366883592511709,-0.26766692359276856,-1.4770204415884123,0.18793838733932805,0.19765007949691696,-0.061420710829215186,-0.8168229512956193,0.9476609444917002,0.8764800330993436,0.6811346220913979,0.2939768213373543
9.01,-0.40127280646525143,-0.3696197210081703,-0.2721313064512911,-1.4302549981142711,0.18738342859568147,0.19706597644738144,-0.05976062728984517,-0.8631070229040941,0.953317714891749,0.8834104308277773,0.6638733352871662,0.2811583716499571
9.02,-0.40441545241041954,-0.37239772646655805,-0.27373253711970474,-1.482071795874457,0.1868442340951097,0.19647807969487327,-0.059077304499484284,-0.8307934794004126,0.9588244890670441,0.8902047294692281,0.6516904175374325,0.291211954348924
9.03,-0.4075890862586303,-0.3752176288055256,-0.28064679371370793,-1.42066856215719,0.18632167978111003,0.19590145487286198,-0.058412994694555805,-0.8549559049738712,0.9641801483694556,0.8968634792685215,0.6395939912308161,0.2935789287013093
9.040000000000001,-0.4107930418670328,-0.37807944530911763,-0.28390160283909205,-1.404225397863645,0.1858166335070865,0.1953287705717587,-0.061850566888808654,-0.8588327099474787,0.9693836217944622,0.9033836133639739,0.6300214266497136,0.28715981680493746
9.05,-0.4140266423042924,-0.3809784329461557,-0.2874644398147393,-1.3957825001900401,0.18532995473987146,0.19476249672837034,-0.05992009245412605,-0.8425177720935035,0.9744338863519033,0.9097637479110502,0.6089221852119961,0.29188211205607106
9.06,-0.41728920001474834,-0.3839124681947542,-0.28885505007111273,-1.382677766784318,0.1848624942659563,0.19420462130918434,-0.05582039209247924,-0.8521415123661616,0.9793299674180997,0.9160027902906451,0.6006661496655092,0.2935285466053107
9.07,-0.4205800169852668,-0.38688027090586946,-0.2925055954146796,-1.3783942787087913,0.1844150939005308,0.19365657550053667,-0.05429399434578893,-0.8570582098390117,0.984070939069183,0.9220995091975396,0.5869176303559228,0.2949962449521988
9.08,-0.4238983849147656,-0.38988109231854845,-0.2979972252602056,-1.395779024751085,0.18398858619941932,0.19311958020210668,-0.05581497510074968,-0.8422194671786573,0.9886559243955189,0.9280526633641529,0.5735336130339317,0.2855517451377627
9.09,-0.42724358538635665,-0.3929142309136279,-0.2978762316607449,-1.3906285768221898,0.18358379417399778,0.19259464899055131,-0.054058188813496943,-0.8189355336733976,0.9930840957970954,0.9338610030959705,0.5616863002453517,0.2833582058074241
9.1,-0.43061489004206815,-0.39597906982281517,-0.30304873373818975,-1.3997961064736686,0.18320153100919245,0.19208282159650764,-0.051859215088978526,-0.8493027540394981,0.9973546752597553,0.9395233258475314,0.5494699720644206,0.31468108754705093
9.11,-0.4340115607601069,-0.3990749977277305,-0.30355497597807485,-1.3919334067203415,0.18284259978463796,0.19158507438709163,-0.04793582770211898,-0.8355422659717193,1.0014669346121712,0.9450384679895212,0.5288791764633959,0.2947868682685123
9.120000000000001,-0.4374328498346102,-0.4022014540615559,-0.30548636389588657,-1.3959514976791467,0.18250779319908988,0.19110237549539086,-0.050033021621526695,-0.8366433049245108,1.005420195763462,0.9504053119876468,0.5157265590085303,0.3248197968547905
9.13,-0.4408780001578474,-0.4053472811667784,-0.31604009153985735,-1.4209235519785746,0.18219789329817074,0.19063086294989387,-0.04734744422875366,-0.8363356517977081,1.0092138309213492,0.9556214020871494,0.4995828265834939,0.3114327600519471
9.14,-0.44434624540482603,-0.4085226202124593,-0.31208071471707355,-1.409350654492025,0.1819136712055458,0.19017975883200117,-0.0512651762414828,-0.8564810158938202,1.0128472627907836,0.9606888697598972,0.49067926170641013,0.3124934946997197
9.15,-0.4478368102202575,-0.4117270071192594,-0.3169143536726723,-1.4012618421645018,0.18165588685759856,0.18975186968999253,-0.040067643052457434,-0.8319325301256897,1.0163199647529493,0.9656048630163255,0.4707870210263902,0.29861148862089143
9.16,-0.4513489104078299,-0.4149677297501971,-0.3181780241615073,-1.3961657559229974,0.1814252887417027,0.1893411185079832,-0.04672989199721941,-0.8278046960325592,1.0196314610245854,0.9703690392563873,0.45849040492215604,0.3093107454183749
9.17,-0.4548817531217538,-0.4182387295621794,-0.3254187054657953,-1.3901851033731765,0.18122261363816092,0.18894819696494078,-0.0422760586950982,-0.8478182226160215,1.022781326797562,0.9749794883872434,0.4422414092609726,0.308345073403993
9.18,-0.45843453706052023,-0.4215374387152325,-0.3286631064064435,-1.3714034167891158,0.18104858636590387,0.18857498086689425,-0.04200411195070402,-0.8416289429950383,1.0257691883586553,0.9794356835586627,0.42753088920429455,0.31520174609305796
9.19,-0.4620064526628318,-0.4248623557116551,-0.329163298152065,-1.3767589357710375,0.18090391953201493,0.1882227595387457,-0.03513846581085636,-0.8209335257715203,1.0285947231894788,0.9837369689725971,0.4140827068295052,0.3190629087788775
9.200000000000001,-0.4655966823056587,-0.4282125367691438,-0.32953356102402287,-1.3854524890559965,0.18078931328517292,0.18789256338745247,-0.0383170916664257,-0.843609788488724,1.0312576600465306,0.9878826722981323,0.3976340315989723,0.306496228252205
9.21,-0.46920440050436063,-0.4315871433193876,-0.33283736216389515,-1.3683207588518043,0.18070545507307956,0.1875852650721758,-0.03248277642402289,-0.8321031564765724,1.0337577790213286,0.9918721187121454,0.38172152273328275,0.30637413622859044
9.22,-0.47282877411484414,-0.43498541333733426,-0.33471010911523125,-1.3942248156636758,0.18065301940395292,0.18730170265318022,-0.03195918374481516,-0.8084893224957521,1.0360949115806135,0.9957046788596351,0.3667724340928891,0.3230501635761506
9.23,-0.4764689625376828,-0.43840663828739984,-0.3378500081931894,-1.3669355942193226,0.1806326676121638,0.1870426851040258,-0.028538295539860967,-0.8158090970724508,1.038268940586604,0.9993797689479189,0.35210829435176616,0.32203448438240906
9.24,-0.48012411792417026,-0.44185004777679365,-0.3421141623926436,-1.3759225251763425,0.18064504762808148,0.18680898232332743,-0.02825813934762041,-0.8265564098878229,1.0402798002972975,1.002896842486003,0.3371385012225377,0.31347338201144215
9.25,-0.4837933853842419,-0.4453148989956663,-0.3408933432231497,-1.3459913703999724,0.18069079375220656,0.1866013418303921,-0.02313127862083998,-0.818795201441383,1.042127476346824,1.006255410208943,0.324574880046326,0.31460341404542946
9.26,-0.4874759031962177,-0.4487892457184785,-0.34292870375738926,-1.4187568680540559,0.18077052643366284,0.18641551552713703,-0.021877665157349336,-0.8282471557762937,1.0438120057058584,1.0094536393939881,0.3040055097059727,0.3392111303767368
9.27,-0.4911708030183206,-0.45228903291354755,-0.3486008111002429,-1.3939890731837767,0.18088485205311072,0.18626608042802564,-0.01946834460430534,-0.825026326817605,1.045333476622112,1.0124949079683059,0.29057613465846877,0.33206710133903633
9.28,-0.4948772101019073,-0.45581255100715734,-0.3469611589419199,-1.3719055822778083,0.18103436271015927,0.1861427207969782,-0.01363100017895568,-0.8246715975432406,1.0466920285409311,1.015375996970653,0.2810641092366379,0.32346902461668753
9.290000000000001,-0.4985942435063672,-0.4593562420606611,-0.35235957891703784,-1.3706450551994687,0.18121963601533791,0.1860473190051393,-0.009659273725092088,-0.8292518097198546,1.0478878520060344,1.0180968116064275,0.26439069603255166,0.32056510473488753
9.3,-0.502321016315632,-0.46289880293226143,-0.35211875916728064,-1.393174642825162,0.18144123488669459,0.18597688485604383,-0.008474271664186137,-0.8365328201003559,1.0489211885404335,1.0206559696236939,0.24840279401313003,0.31787230574241804
9.31,-0.5060566358562488,-0.46647323986538114,-0.3541224863617307,-1.3862878308988642,0.18169970735108104,0.1859447044845986,-0.007141172258302053,-0.8171215790499907,1.0497923305075874,1.0230571060827924,0.2291302145961114,0.33414366960361747
9.32,-0.5098002039169542,-0.4700509562695475,-0.36249206327221367,-1.3256932992788526,0.18199558635019908,0.18580545735902465,-0.004764614554207412,-0.7154043648745881,1.0505016209528493,1.0252994070766859,0.21213395173563854,0.3625136695943316
9.33,-0.5135508169696988,-0.4736588828453419,-0.3624051671606713,-1.3005175406100509,0.18232938955145284,0.18570245341059743,-0.00022631920633573767,-0.7010786253888104,1.0510494534252695,1.0273778524181179,0.19502783266912693,0.36969724312276075
9.34,-0.5173075663920739,-0.477265253067541,-0.3495822395693658,-1.26934698305918,0.18270161916367722,0.18554139102613543,-0.04587966825776074,-0.7027788222143331,1.0514362717798331,1.029317016194617,0.19269372209260593,0.3535420576543589
9.35,-0.5210695386910722,-0.48089848949604275,-0.35429811966602737,-1.218890841797661,0.18311276175779956,0.1853888163527358,-0.04456018224543166,-0.6457198758091703,1.0516625699602122,1.0310736889202148,0.17917513054323747,0.34993399965809663
9.36,-0.5248358157281436,-0.48455190098619316,-0.3653692507249566,-1.5222895726049537,0.1835632880924864,0.1852613489331003,4.841482427472843e-05,0.45216100513164986,1.0517288917621195,1.03265746067435,0.14658420678162082,0.26362725451203595
9.370000000000001,-0.5286054749454753,-0.4882248266398591,-0.3680646603617556,-1.524578791832089,0.1840536529448335,0.1852158411003167,0.0019427638488315525,0.4562041362059142,1.051635830577369,1.0340910302440882,0.13215084974067448,0.26413152933215334
9.38,-0.532377589593448,-0.4918923601748739,-0.3579257008448111,-1.2134642258959192,0.18458429494615325,0.18511782082929767,-0.03012829793963819,-0.4058074359619678,1.0513840291187435,1.035379497218521,0.12981514336542416,0.39028239789741725
9.39,-0.5361512289592161,-0.495592259241044,-0.3671984016424383,-1.4734383265270952,0.18515563642290953,0.18515590345684202,0.01828914883693416,0.4876126573543876,1.050974179125778,1.03647872760792,0.09807900230337993,0.2846802345804155
9.4,-0.5399254585963449,-0.49928348576134307,-0.3643193935642033,-1.211829208767925,0.18576808324284846,0.18517224672255903,-0.020539222938852263,-0.3931144139245072,1.050407021051594,1.0374469565646476,0.09756697771025861,0.4150401996439381
9.41,-0.5436993405554577,-0.5030009506436329,-0.36836837439163783,-1.4845849383787741,0.18642202466637806,0.18532387122588456,0.02555411885271773,0.48045091537795154,1.0496833437308968,1.0382272480387378,0.06731516085453597,0.2780528942324963
9.42,-0.5474719336158277,-0.5067158075225515,-0.36857043151654784,-1.1748034049595468,0.1871178332032412,0.185460828470429,-0.003650756535734377,-0.3782791541286605,1.0488039840292829,1.0388783016681897,0.06798742011593824,0.39433310422304935
9.43,-0.5512422935178677,-0.5104432970157723,-0.36760345001270794,-1.1136058765261452,0.1878558644745256,0.18560935010691312,-0.0011687442288826006,-0.3131784897902259,1.0477698264739974,1.0393575898367704,0.05091236550797531,0.44289518938845074
9.44,-0.55500947319645,-0.5141703539500091,-0.3602873119092528,-1.136006777705498,0.18863645708005625,0.1858142592112743,0.00022440859223786004,-0.31683181468340127,1.0465818028662917,1.0396755950010876,0.03919770549581274,0.4394131330656768
9.450000000000001,-0.5587725230150042,-0.5178846498375077,-0.37429563101881774,-1.4264341124257562,0.18945993247121504,0.18591607973616955,0.044066025312248173,0.8650833906909738,1.0452408918755414,1.0398266181246139,0.0029744654120156403,0.3481626546951439
9.46,-0.5625304910003338,-0.521595909160745,-0.36885693944581827,-1.3942357542350894,0.19032659482921904,0.18601069503528375,-0.00022355754417569917,0.8602505872525523,1.0437481186152908,1.039851519569752,-0.0002881381985931203,0.34428478213933666
9.47,-0.5662824230780985,-0.5253333429196877,-0.37019222487288456,-1.338564101144117,0.19123673094890903,0.1861273393065449,0.003213005751760932,0.8612076533859726,1.042104554201391,1.0401160207801199,0.05213643408324449,0.26206815831435715
9.48,-0.5700273633088936,-0.5290726843162188,-0.3694389608920257,-1.2996909148816727,0.1921906101280717,0.18633046590778327,0.01784191029986546,0.9295553342735641,1.040311315292423,1.0400826685038433,-0.027970005674077876,-0.2575521795024748
9.49,-0.5737643541248759,-0.532816263427413,-0.37105238433701393,-1.3437780673752087,0.1931884840623401,0.18660126660982557,0.020508627350146746,0.8634321826243512,1.0383695636125836,1.039974592964535,0.011246087769339098,0.26780318948671644
9.5,-0.5774924365668805,-0.5365593188119014,-0.37025532321155125,-1.3396028382779708,0.1942305867457007,0.1869475557939348,0.030120181881993457,0.8574413453571459,1.0362805054572282,1.0397010138521288,-0.006274757341096903,0.2590800570510398
9.51,-0.58121065052196,-0.5403059616155395,-0.36842359453993323,-1.2899039420767464,0.19531713437664183,0.1873597782450254,0.036715726420342897,0.8937124748480885,1.0340453911812815,1.039530253485492,-0.016463784251028003,-0.32968810244733576
9.52,-0.5849180349612942,-0.5440444189033725,-0.3695996528809607,-1.3066740009253859,0.19644832526997213,0.1878446579586595,0.04550878336391904,0.8953841333908096,1.031665514670714,1.0391549488707101,-0.03644306051642371,-0.34799590315307083
9.53,-0.5886136281784159,-0.5477770019418632,-0.368899101625095,-1.3202998106831625,0.19762433977433436,0.18839629812020195,0.04953347242101589,0.8757325549649285,1.0291422127973011,1.038576061808582,-0.056907939286610636,-0.3368543892419993
9.540000000000001,-0.5922964680276791,-0.5514899501881615,-0.3670232944503432,-1.3635934957904061,0.19884534019544794,0.18900729914462927,0.05649278777781269,0.9103333072913531,1.026476864856895,1.0377978796433327,-0.0767645342819292,-0.3519164543258564
9.55,-0.5959655921629272,-0.5552072198727293,-0.36574119197333776,-1.3418205950092161,0.20011147072509589,0.18968833463549578,0.06394654175926459,0.8852490116480388,1.0236708919914235,1.036829437190808,-0.09063533859179189,-0.3255202354991975
9.56,-0.5996200382762961,-0.5589227699026855,-0.3681362849202109,-1.3182200274325224,0.20142285737588644,0.190427164114414,0.06927028399537874,0.888328379532775,1.020725756594864,1.0356728098589778,-0.11611716649207549,-0.35722997891581726
9.57,-0.6032588443370859,-0.5626332708291334,-0.3646835336339963,-1.3205549039764999,0.2027796079218073,0.19122364728404467,0.07063636501232297,0.8722850146030797,1.017642961703426,1.0343330441244067,-0.1318802658188717,-0.3560075128621529
9.58,-0.6068810488306529,-0.5663368406329422,-0.36493018320585296,-1.3095731053473585,0.20418181184459078,0.19207705656115528,0.07783105457854547,0.8601718170046548,1.0144240503701882,1.0328147385368496,-0.14860352511710315,-0.34868416466972674
9.59,-0.6104856909972602,-0.5700321376911197,-0.3656985870610588,-1.3139754064134137,0.20562954028590757,0.1929864784660055,0.08596663977948563,0.873518852334107,1.0110706050244567,1.0311221222390092,-0.16572204318293507,-0.3299812685030957
9.6,-0.6140718110708239,-0.5737181076749757,-0.363870932113836,-1.3036943834872337,0.2071228460054083,0.1939509959917435,0.08909284437491169,0.8898928640746958,1.0075842468160852,1.0292591499371895,-0.17860637081949882,-0.32495233406638213
9.61,-0.6176384505174962,-0.5773937889751657,-0.361008914107091,-1.293409142538653,0.20866176334462155,0.19496973800137948,0.09143819138097653,0.8799268441283676,1.0039666349450371,1.0272295440557428,-0.19418729805327659,-0.3280153217296435
9.620000000000001,-0.6211846522740371,-0.5810503400833925,-0.3612955374216459,-1.3738552554949135,0.21024630819672313,0.19603670092234027,0.1005796426737087,0.9346181342531582,1.000219465976462,1.0250356827355356,-0.21417903146135725,-0.3314076553082513
9.63,-0.6247094609858957,-0.5846960499984933,-0.3591901944670761,-1.3229898574928611,0.21187647798218495,0.19716508354898865,0.11078527498911758,0.8630106788840405,0.9963444731415504,1.0226838355696288,-0.2270035651386661,-0.32487015216653636
9.64,-0.6282119232449672,-0.5883336911111954,-0.35984116429591295,-1.3077229613163321,0.21355225163031685,0.1983435453880922,0.11009090888092798,0.8677912649664846,0.9923434256244668,1.020175288328252,-0.24530849776366612,-0.3339165805352075
9.65,-0.6316910878269419,-0.5919592404718724,-0.354719690712742,-1.312117617904266,0.21527358956669881,0.1995722788933543,0.11609007474389424,0.8850630820745582,0.9882181278356399,1.0175129250773884,-0.25925692486848595,-0.32497853682746913
9.66,-0.6351460059282081,-0.5955705050037866,-0.3581748648809069,-1.304781455380128,0.21704043370651782,0.20085135392807213,0.1204063753508055,0.8832310091297899,0.983970418671704,1.014699875002118,-0.26978565805479543,-0.3299865548870566
9.67,-0.6385757314022373,-0.5991661104536503,-0.35683723483131985,-1.3072975377243592,0.21885270745380514,0.20218053658538845,0.12747360567091254,0.8848517674837225,0.979602170762402,1.0117390749387982,-0.2860449749476965,-0.328443820906425
9.68,-0.6419793209953983,-0.6027448729033347,-0.35468419410074165,-1.294970145586828,0.22071031570657867,0.20355946084978788,0.12915101480072824,0.8743940978619779,0.9751152897047404,1.0086333100425895,-0.29630789350528286,-0.3103932570132637
9.69,-0.6453558345821446,-0.6063058472434825,-0.3538013477218122,-1.288195930778786,0.22261314486788747,0.20498776849524192,0.13342854996943807,0.8611018944967669,0.9705117132847139,1.0053852832710377,-0.3115825233540559,-0.315161087752275
9.700000000000001,-0.6487043353995084,-0.6098226841571224,-0.34747144048543377,-1.344612998076168,0.22456106286275937,0.2064593841141714,0.1388588691182649,0.8741009811309918,0.965793410686919,1.001995865089223,-0.32478605992846915,-0.3205977317904881
9.71,-0.6520238902808548,-0.6133392460524745,-0.3448192874677203,-1.3276809830794647,0.22655391916103956,0.20799010373682972,0.14537434694761342,0.8666431129338407,0.9609623816923705,0.9984725314279285,-0.3412307476159985,-0.29980110169908725
9.72,-0.6553135698888269,-0.6168362410954695,-0.3438558344296442,-1.274579834730781,0.22859154480612529,0.20956175171241442,0.14765343082157856,0.8856825353269155,0.9560206558648363,0.9948132803692623,-0.3558581099534199,-0.32767847944796463
9.73,-0.6585724489474359,-0.6203104000521574,-0.3399963375949448,-1.2928467956389607,0.2306737524495764,0.21118657069816488,0.15747034688441625,0.8541784510096089,0.9509702917260491,0.9910218097324728,-0.3661296242353798,-0.31460915722946486
9.74,-0.6617996064732248,-0.6237555815015627,-0.33917222407864484,-1.3366617990010528,0.2328003363916004,0.2128538216740735,0.16134023748425186,0.851684170699691,0.9458133759200904,0.9870999603515891,-0.3741903686763369,-0.32152741409638996
9.75,-0.6649941260054655,-0.6271880489498484,-0.335189129914078,-1.283064960213516,0.2349710726273946,0.21457431123753304,0.15974799470744272,0.8692101977889359,0.940552022367319,0.9830525792966264,-0.39102131984337973,-0.3118456604380511
9.76,-0.6681550958353153,-0.6306005186876237,-0.3351285406947652,-1.2921403229369983,0.23718571889933743,0.21633915533699594,0.1666267402957435,0.8615308331651932,0.9351883714081635,0.9788795487584566,-0.39888944884320354,-0.3204911092593413
9.77,-0.671281609233889,-0.6339892137997568,-0.3304128924827008,-1.2628860133812407,0.23944401475500737,0.21814954583785,0.17045609978654766,0.877455480910419,0.9297245889371296,0.974583621937861,-0.4145861666922889,-0.30120940073341573
9.78,-0.6743727646791877,-0.637351994016671,-0.33254235280928884,-1.2747036369277056,0.24174568161101526,0.22000581780272635,0.17618974106274676,0.8380366072396689,0.9241628655273875,0.9701673274966317,-0.4262782113986405,-0.3283377713955948
9.790000000000001,-0.6774276660818183,-0.6406874869192448,-0.3263882417282837,-1.2496799080167118,0.24409042282263374,0.22190794884606707,0.17928881417363185,0.8608112958011104,0.9185054155462687,0.9656330762642636,-0.44239683533009855,-0.31714770233548567
9.8,-0.6804454230094625,-0.6439946707362194,-0.32865902104376815,-1.2444331643777928,0.24647792375919403,0.223855751650375,0.1834669119396678,0.8767031309800324,0.9127544762620493,0.9609832241268087,-0.4495856835203063,-0.30841756866602393
9.81,-0.6834251509100326,-0.6472725015606715,-0.32212640252566366,-1.2611460819472338,0.24890785188523903,0.2258489115096033,0.1877934231304521,0.8618811530148696,0.9069123069423719,0.9562200812073864,-0.46158394176656947,-0.30543192113925816
9.82,-0.6863659713334541,-0.6505162523459207,-0.31941254789121093,-1.2396505100053408,0.2513798568473995,0.2278834698259758,0.19027475392555104,0.8665900947321313,0.9009811879446685,0.9513455565688445,-0.4711414679718539,-0.29952149540965134
9.83,-0.6892670121520352,-0.653725954230402,-0.3171784470049578,-1.2583875104526572,0.2538935705669697,0.2299685666379957,0.20038167927293016,0.8434731634793748,0.8949634197989645,0.9463626581045518,-0.4821669512779643,-0.29900900213835185
9.84,-0.6921274077793473,-0.6569087431218479,-0.3137858227466199,-1.2602061609278956,0.25644860733815567,0.23209765018464065,0.20209272697701322,0.8326610250026671,0.8888613222834181,0.9412740261882854,-0.48883470251191935,-0.32661883052183727
9.85,-0.6949462993875826,-0.66006040980002,-0.3102045055418185,-1.260456650960909,0.25904456393196507,0.2342698596087531,0.2095299773025765,0.8637421210848066,0.8826772334929728,0.9360810473065297,-0.5027727459006529,-0.30313885041259986
9.86,-0.6977228351233273,-0.6631790059324524,-0.30666142789279477,-1.2439965801955677,0.2616810197057075,0.23648543704137948,0.21053402156564754,0.877786481820573,0.8764135089015144,0.9307862147255609,-0.5127004567684844,-0.31604421936992827
9.870000000000001,-0.7004561703216899,-0.6662631939546432,-0.3032411133961047,-1.2425337968808334,0.26435753671807216,0.23874426590564837,0.21938593387265168,0.8605858644445347,0.8700725204178871,0.9253919239862353,-0.5215052475083348,-0.3098628596665062
9.88,-0.7031454677187405,-0.6693042485980245,-0.2990185476103781,-1.2748275651507401,0.2670736598497454,0.24104264799559866,0.21777156721407068,0.8448517176924987,0.8636566554361664,0.9198995305613377,-0.5320692650531352,-0.28516500959814206
9.89,-0.7057898976622154,-0.672312688599324,-0.2972718848364291,-1.2549288460535006,0.26982891692953825,0.24338976990755953,0.22359707035284646,0.8714622894903618,0.8571683158805675,0.9143140973136531,-0.5389743705755614,-0.3018257918503465
9.9,-0.7083886383204103,-0.6752869662394836,-0.29262770428848706,-1.2278457204214546,0.2726228188659751,0.24577768950870216,0.22522776297670147,0.8523965903096064,0.8506099172453746,0.9086358998071064,-0.5483226618925131,-0.3007267567307938
9.91,-0.7109408758892373,-0.678224284710636,-0.28743823200301394,-1.238354004836417,0.275454859784314,0.24820681032988776,0.22987179124385368,0.8544401991005108,0.8439838876302745,0.9028674232027167,-0.5564411664145125,-0.2963511215901842
9.92,-0.7134458047973815,-0.6811230168467871,-0.2839839945468273,-1.2363245701658638,0.2783245171689481,0.25067716443612215,0.23507516177041687,0.8514913270134002,0.8372926667714988,0.8970111638527618,-0.5634706808323896,-0.30486563062022126
9.93,-0.7159026279095034,-0.6839820337588524,-0.28363935334788876,-1.2019785160471355,0.2812312520111522,0.2531885278004621,0.24244041463062643,0.8509510072056691,0.8305387050691394,0.891069548563974,-0.5716121748711244,-0.28261136915740276
9.94,-0.7183105567274459,-0.6868004242564754,-0.27642249572457966,-1.2237418696952667,0.2841745089621199,0.25574053324967644,0.24689755701434987,0.8536531849302094,0.8237244626110598,0.8850449757669158,-0.5809634268130806,-0.310607483754163
9.950000000000001,-0.720668811589394,-0.6895742717624687,-0.27214062961627056,-1.2233423264689514,0.2871537164912574,0.2583298817887558,0.24991447583244783,0.8522116159650746,0.8168524081937715,0.8789394768975649,-0.5845280362941219,-0.28088618885801825
9.96,-0.7229766218669258,-0.6923034501231231,-0.26924787442358405,-1.2268102746042546,0.2901682870496699,0.2609634163353502,0.25247339149821535,0.8580920330711116,0.8099250183406844,0.8727560741458639,-0.5933792694099229,-0.2902747049808665
9.97,-0.7252332261599286,-0.6949933252053354,-0.26393440834595083,-1.2018889289004764,0.29321761723880735,0.26363594489904774,0.25762634751276176,0.8452790817753706,0.8029447763181214,0.8664973908453782,-0.6012105600353965,-0.271925842712193
9.98,-0.7274378724893135,-0.6976362923494117,-0.25850157151862707,-1.2169515931262358,0.2963010879842037,0.2663424512334862,0.2590142702025548,0.8384757397500381,0.7959141711494977,0.8601645902917978,-0.6100894275721243,-0.3071861159714361
9.99,-0.729589818487483,-0.7002076707763888,-0.25592018376713965,-1.2537695188928106,0.2994180647142626,0.2690878166781336,0.2630069472282077,0.8308782088182989,0.7888356966280539,0.8537593353840924,-0.6176310814871879,-0.2998810024868835
10.0,-0.7316883315865147,-0.702757684957667,-0.2482917513205137,-1.2196384621694296,0.3025678975440353,0.2718804994513305,0.2700066213206731,0.8407738017005829,0.7817118503285592,0.847289522733464,-0.6215582240541974,-0.2757150835535205
10.01,-0.7337326892040059,-0.7052684285985418,-0.24511495889146195,-1.2274317057161943,0.3057499214639342,0.2747064050647137,0.2722943711657027,0.836859053201476,0.7745451326183562,0.8407523530223816,-0.6289249529731843,-0.29862352013648374
10.02,-0.7357221789265325,-0.7077346469165521,-0.24064037357329607,-1.2216556854605023,0.3089634565333205,0.2775673226396125,0.27591894677024104,0.8520386361064652,0.7673380456681734,0.8341509862145795,-0.6384233949822452,-0.2958385832215595
10.03,-0.7376560986906825,-0.7101536959783635,-0.23829294992876834,-1.1884895507458684,0.31220780807891235,0.2804637387310884,0.27642542112680835,0.8650559611962154,0.7600930924630863,0.8274882038265936,-0.6392748445164339,-0.2960587777556172
10.040000000000001,-0.7395337569616176,-0.7125240880141753,-0.2285398554904876,-1.195848858106851,0.315482266897946,0.2833955273670489,0.2776378110586219,0.8420747616874369,0.752812775814022,0.8207666003895956,-0.6439884172959833,-0.2821585209137303
10.05,-0.7413544729091106,-0.7148447483192786,-0.2267149971675115,-1.1938647601063508,0.31878610946603236,0.28636225954036615,0.28745087035602185,0.8337048455195172,0.7454995973702375,0.813988684219268,-0.6514931556849619,-0.28102185988652395
10.06,-0.7431175765810327,-0.7171148406492885,-0.21896893692060038,-1.1812630787353608,0.3221185981496452,0.28936341744233607,0.28924131071443204,0.8185904944797747,0.7381560566331209,0.8071569426114722,-0.6603824889854547,-0.30344626924991036
10.07,-0.7448224090742254,-0.7193336425160904,-0.21695256748954758,-1.1668468176541196,0.3254789814231738,0.2923984259554832,0.2931911767574376,0.8420155308991952,0.7307846499717475,0.8002738519586212,-0.6629988532696743,-0.29845124861954514
10.08,-0.7464683227027342,-0.7215003918377634,-0.21024205920312947,-1.1806347900609029,0.32886649409046975,0.2954666294034421,0.2953069046993683,0.837179430315124,0.7233878696405893,0.7933418711468786,-0.6684321060541681,-0.2831208810414938
10.09,-0.7480546811633537,-0.7236143551116169,-0.20847668320713286,-1.1895810355393768,0.3322803575108285,0.29856740047971964,0.2978735960955779,0.8275487448688028,0.7159682027997443,0.786363472167901,-0.6712670216852614,-0.287428374064461
10.1,-0.7495808596984375,-0.7256748615737635,-0.20490364208456616,-1.1740430690059567,0.3357197798293292,0.30170008984521235,0.30025215731862337,0.8406123337449871,0.708528130538107,0.7793411282962797,-0.6798669150683249,-0.3021515622403318
10.11,-0.7510462452559479,-0.7276812492325206,-0.1968408105782954,-1.1663080851127399,0.3391839562114637,0.3048640429271989,0.3073022521509778,0.8446058060687991,0.7010701268998666,0.7722773124587229,-0.6822034463107394,-0.28472612444448375
10.120000000000001,-0.7524502366466895,-0.7296328418001736,-0.1887419644539867,-1.1655769315628968,0.34267206908198644,0.30805851496845593,0.3136236135612478,0.8318082727930832,0.6935966579147113,0.765174482687748,-0.680647321672684,-0.2976726228076538
10.13,-0.7537922446987009,-0.7315289580030458,-0.18436983685133793,-1.1645643725983272,0.3461832883678989,0.3112828624011218,0.312605665462328,0.8441541890908933,0.6861101806321604,0.758035115500958,-0.6897754601529394,-0.29029529180306124
10.14,-0.7550716924087548,-0.7333689425942529,-0.18220087817173186,-1.1697433440292746,0.3497167717455163,0.31453633180732526,0.3138345161990005,0.8255903806979701,0.6786131421603676,0.75086167195778,-0.6894849270613432,-0.286879687944894
10.15,-0.7562880150909406,-0.7351499294859386,-0.17080999919487383,-1.1826758644101283,0.35327166489151607,0.3178167695321907,0.3154036674220984,0.849117132757904,0.6711079787098218,0.7436562308984398,-0.6930000604909581,-0.2825947860635358
10.16,-0.7574406605222792,-0.7368739035461386,-0.16727767134548546,-1.1510524029828075,0.3568471017379076,0.3211273061687065,0.3191608170505301,0.8407267644594482,0.6635971146423181,0.7364222453882069,-0.6961801584972028,-0.2788361094350473
10.17,-0.7585290890853498,-0.7385411944940227,-0.1636192341669619,-1.1631551961722562,0.3604422047308388,0.32446424221826003,0.32260494642010046,0.8174346979227589,0.656082961525571,0.7291615074539631,-0.6981963553607904,-0.28926642402399455
10.18,-0.7595527739078789,-0.7401503220094355,-0.15699542281153786,-1.1540761029429585,0.36405608509315585,0.3278270276891501,0.32596258762311586,0.814522620417419,0.6485679171938568,0.7218764187155835,-0.6988360312928706,-0.29273137030373175
10.19,-0.7605112009992652,-0.7417003652745586,-0.14887868334397752,-1.1508358078839978,0.36768784309064456,0.33121504912385547,0.3250631964221274,0.8184617790271036,0.6410543648150742,0.7145694837309517,-0.7027597059753243,-0.29133091055327576
10.200000000000001,-0.7614038693840036,-0.7431905407657244,-0.1461046732801721,-1.1311755257855791,0.3713365683018635,0.33462759029830336,0.32978971577243715,0.8262105656488112,0.6335446719645773,0.7072431614028886,-0.7066038882460534,-0.2633546210719437
10.21,-0.7622302912319765,-0.7446202093749728,-0.135715432666666,-1.138205325503035,0.3750013398914883,0.33806389605649884,0.333536624192437,0.8202839029041958,0.6260411897061714,0.699899897030266,-0.7040777794048548,-0.28796710973361334
10.22,-0.7629899919855795,-0.7459887797278388,-0.1300945156714861,-1.1342044914653235,0.37868122688708383,0.3415231616941053,0.33372038055735204,0.8263934572553192,0.6185462516806259,0.6925421151036688,-0.7085966937478498,-0.2672062610670123
10.23,-0.7636825104836497,-0.7472956171068528,-0.12258758572034603,-1.1424997413366142,0.3823752884592172,0.34500454866143077,0.33615313525667545,0.8296503857167522,0.6110621732020862,0.6851722182758854,-0.7115837237705391,-0.28587117316754057
10.24,-0.7643073990821654,-0.7485402603875472,-0.1178803929054549,-1.1465639636494214,0.3860825742048264,0.34850726932381415,0.3389062203407986,0.8276097580817866,0.6035912503627336,0.6777926256455574,-0.7067604822130862,-0.275287241974661
10.25,-0.7648642237716893,-0.7497221173855805,-0.11316942472453127,-1.136551597073768,0.38980212443375534,0.3520304070883977,0.34062671277917966,0.8188898401643446,0.5961357591460662,0.6704057047383187,-0.7073904127523973,-0.305229535357606
10.26,-0.7653525642915235,-0.7508406610200682,-0.11045050691675141,-1.1376181863796715,0.393532970458373,0.3555731526623335,0.34147114652754573,0.8284115260816767,0.5886979545491333,0.6630138410950933,-0.7126565863703628,-0.2926853939625043
10.27,-0.7657720142405505,-0.7518953330776111,-0.10542396402831986,-1.1332856666355224,0.397274134886175,0.3591345946329328,0.34627567143935456,0.8191991709713291,0.581280069714117,0.6556193887024143,-0.7122093543073899,-0.2933013532777055
10.28,-0.766122181184729,-0.7528856703829376,-0.09283902134470187,-1.1238167372948327,0.40102463191529164,0.36271389172534346,0.3471095259049682,0.8231497836861346,0.5738843150695591,0.64822470656775,-0.7098660830154518,-0.29978908841617047
10.290000000000001,-0.7664026867612227,-0.7538111326383844,-0.0891205780537009,-1.1254468982286545,0.40478346763280254,0.3663101011444301,0.3465179605502358,0.8163942364727206,0.5665128774816188,0.6408321122659886,-0.7106639610219632,-0.2785652686734205
10.3,-0.7666131667791325,-0.7546713818636783,-0.0799569639187396,-1.1010367833119008,0.4085496403157639,0.369922492880939,0.3496398852488233,0.8070667523867194,0.5591679194156864,0.6334439550919122,-0.711775274918071,-0.2790162270496377
10.31,-0.7667532713168068,-0.75546589719962,-0.07760669894522178,-1.1178914967334075,0.41232214073486967,0.3735497988608709,0.3516148388176809,0.8312593525167165,0.5518515781086757,0.6260624875159717,-0.7108116844825144,-0.2998411681616643
10.32,-0.7668226648157108,-0.7561939274503026,-0.06876460867743106,-1.094372754811893,0.4160999524606297,0.3771913113370336,0.35218675431208246,0.8053026382206074,0.5445659647523577,0.6186899883284327,-0.7096889606683308,-0.26854030381961563
10.33,-0.7668210261708237,-0.7568552069365581,-0.061409992132140385,-1.0989016864130619,0.4198820521719926,0.38084614449398246,0.3551311974418409,0.800646882971349,0.5373131636880358,0.611328765135308,-0.7037503169171803,-0.2940902644848377
10.34,-0.766748048817546,-0.7574492630981348,-0.05382139415906764,-1.0943474296886693,0.42366740996730473,0.38451330468514905,0.35848642498683586,0.8202929129777397,0.530095231612895,0.6039810384801234,-0.7079816334770574,-0.28977628021322216
10.35,-0.7666034408150992,-0.7579750152510044,-0.0517843909998319,-1.1010382711636548,0.4274549896775145,0.38819161045424977,0.35647027427377914,0.8160018651632848,0.5229141967983504,0.5966489545655251,-0.7030740708071214,-0.2879421637723222
10.36,-0.7663869249263859,-0.7584342948234103,-0.04058232552755181,-1.105396955947263,0.43124374918152575,0.3918812316333114,0.3599604701181584,0.7987263484058373,0.5157720583206964,0.5893351057712826,-0.7081018276686794,-0.2875686289441495
10.370000000000001,-0.7660982386943,-0.7588384002587096,-0.03402517309502569,-1.017143175796182,0.4350326407235963,0.3955855009072879,0.3587681677503229,0.8156192023404799,0.5086707853043648,0.5820431493695015,-0.7041328794789428,-0.2863967565523241
10.38,-0.7657371345144681,-0.7591665454249331,-0.027228238323225754,-1.0671614007112602,0.438820611232691,0.399287653447343,0.359455454013327,0.8217410240690247,0.5016123161781184,0.5747699123816703,-0.6982470500886544,-0.2954824895674685
10.39,-0.7653033797043945,-0.7594092793027115,-0.01895546006250591,-1.1037883005652571,0.44260660264369184,0.402997594623595,0.3613257240048983,0.793013944203737,0.4945985579444303,0.5675209456899195,-0.699387782309693,-0.3029884865159629
10.4,-0.7647967565690044,-0.7595886986244608,-0.014598843417981514,-1.0878491261745267,0.4463895522203582,0.4067198814064752,0.35782740706851107,0.8034153576498702,0.48763138546239715,0.5603006362329618,-0.6925830352267781,-0.2841085376605222
10.41,-0.7642170624625599,-0.7596997732386822,-0.0047017260114520405,-1.0799279744666612,0.45016839287993915,0.41044688424879666,0.35913509486849804,0.804319777746111,0.4807126407444282,0.5531086409471981,-0.6924582138311823,-0.28555352270130097
10.42,-0.7635641098469393,-0.7597413762065798,-0.0023642867818323234,-1.0817895786014649,0.45394205351934486,0.4141780482845392,0.3612031801221857,0.8056556516498381,0.4738441322670211,0.545947167424638,-0.6873149186687615,-0.2986376359615305
10.43,-0.7628377263462605,-0.7597922836221126,-0.002648588698996893,-0.7035783349862944,0.45770945934276897,0.41794848368051424,0.3612645284388708,0.7613177868210126,0.46702763429587585,0.5388308336074049,-0.6826976657025312,-0.3246571064940718
10.44,-0.7620377547978395,-0.7598638078191242,-0.012611233022048557,-0.6868893897448887,0.46146953219066156,0.42172543763077247,0.3741642780540485,0.8899899266510463,0.46026488622564443,0.5317453941053604,-0.6770236468177573,-0.2925249508356159
10.450000000000001,-0.7611640532994648,-0.7598800274802676,0.00978362043392016,-0.38978545952706556,0.4652211908699583,0.4254448936453639,0.35854300213886725,0.8896904822776501,0.4535575919345415,0.5246880265292497,-0.6800625775452491,-0.29038941216511144
10.46,-0.7602164952529846,-0.7599153592794259,-0.008913228689508152,-0.23091121709843215,0.4689633514854454,0.4292237096975085,0.3704991475308296,0.9385835197551214,0.4469074191541266,0.51767737748825,-0.6754399400147558,-0.29917086961682954
10.47,-0.7591949694041867,-0.759881126874023,0.01177618033089013,0.31806282255356805,0.47269492777218625,0.43294414162665407,0.35599203016697106,0.6068148644627217,0.44031599885444817,0.5106981498657366,-0.6684893371080003,-0.2972600028400109
10.48,-0.7580993798789667,-0.7598172189070141,0.014615534440344032,0.55902900659382,0.47641483142887914,0.4366878897139265,0.35260576932774346,0.5708705991002729,0.43378492464484414,0.503764913690643,-0.667008378701568,-0.31039118920367564
10.49,-0.7569296462157756,-0.7597619359137368,0.006323517997741427,0.39735454429879347,0.48012197245205945,0.44044385322862645,0.36684109248157004,1.0247296304526825,0.42731575219061685,0.4968775865755316,-0.6620164740381926,-0.2870787439793157
10.5,-0.7556857033943336,-0.759726053252885,0.0043413573679410965,1.1064232106287173,0.48381525947104065,0.44420566253055505,0.3646006412341976,0.7063440562026213,0.4209099986458098,0.4900425340285648,-0.6556439191526975,-0.30308786429487
10.51,-0.7543675018606095,-0.7596479384963243,0.01227867686899111,1.2993208518058483,0.48749360008348175,0.44792401699163586,0.3589805311426702,0.784624734870572,0.4145691421023278,0.4832435132104869,-0.6515152714255664,-0.30413406687989597
10.52,-0.7529750075480535,-0.759477633078367,0.02171617351817448,1.4060749256575134,0.49115590119149066,0.4516211897594301,0.35841351884494593,0.8169692805822872,0.40829462105560554,0.4764881876564526,-0.6483834270606179,-0.3068046640936037
10.53,-0.75150820189508,-0.7591978953168517,0.033060141994896756,1.4015827291811893,0.4948010693381501,0.45530797705950254,0.3607699522008363,0.8280284393544979,0.40208783388704145,0.46978271823415607,-0.6460219456671438,-0.28569664907229936
10.540000000000001,-0.7499670818587991,-0.7588042511202565,0.046356018877952376,1.4230096507385137,0.4984280110443647,0.4589879689046215,0.35816837030364757,0.8361954718194577,0.3959501383634091,0.4631305614217449,-0.6397446891281152,-0.2978134844778626
10.55,-0.7483516599249885,-0.7582972649261532,0.053793155665104016,1.4218219524179418,0.5020356331459257,0.46266170111856575,0.35562927143851464,0.8181421119187009,0.3898828511534391,0.45653399094481395,-0.636819165602739,-0.29829358611495105
10.56,-0.7466619641143019,-0.7576794064814664,0.0671059488613995,1.4069344385674818,0.5056228431306882,0.4663284217099944,0.3610020993018735,0.8116332589051449,0.3838872473617481,0.44999477036212027,-0.6310198776053046,-0.2823541813800657
10.57,-0.744898037984721,-0.756957548686566,0.0737135808010654,1.4567408545449225,0.5091885494757571,0.46998941648445364,0.35792723961392836,0.8041432031210539,0.3779645600803429,0.4435152245123576,-0.6220104492028189,-0.2955679218303752
10.58,-0.7430599406302406,-0.7561301731604964,0.08808330513086053,1.4260250615611314,0.5127316619845764,0.47363668718558144,0.3551290998702277,0.8018727866989904,0.37211597995781837,0.43709480696403114,-0.6174633703545228,-0.28579958946346284
10.59,-0.7411477466757896,-0.755206866335621,0.09415591739414525,1.4374138312142883,0.516251092123822,0.47727889183517064,0.35078123521327326,0.817057049754134,0.3663426547864765,0.43073766725678075,-0.6123307443892914,-0.2936521628327776
10.6,-0.7391615462683949,-0.7541828973619266,0.10780382601015924,1.4158722411067615,0.5197457533599827,0.480901035189049,0.35539425183884704,0.8027292030447402,0.36064568910748085,0.42444180880539756,-0.6014966028709214,-0.3027586531721438
10.61,-0.7371014450645779,-0.753062353646945,0.11622006098132012,1.434111903713306,0.5232145614955406,0.4845128662438089,0.34723717507225876,0.8199403725137671,0.3550261438342448,0.41821111182539705,-0.5993321996777945,-0.31101758293834725
10.620000000000001,-0.7349675642140019,-0.7518413403933969,0.127677112438683,1.400519050262085,0.5266564350046345,0.4881074512253396,0.3538046962703167,0.800657336853472,0.3494850358941611,0.41204533926279674,-0.5889345942634034,-0.301592205105429
10.63,-0.7327600403393604,-0.7505257019121547,0.13376320180449813,1.3893511514669619,0.530070295368106,0.49168712066132886,0.3465294246380971,0.7887514891628612,0.3440233378888565,0.40594711439960307,-0.5852292639418021,-0.3075034414941595
10.64,-0.7304790255125163,-0.7491188916206828,0.1431895737234,1.4003988893123647,0.5334550674078324,0.4952497154128222,0.35066870689872787,0.787843478692862,0.3386419777730584,0.3999173685989547,-0.5780855427434151,-0.3014640425507237
10.65,-0.7281246872269034,-0.7476232434788056,0.151905175987669,1.408271830747087,0.5368096796202253,0.49879361950366097,0.3459405442963884,0.7842591731306331,0.3333418385522419,0.3939571686775942,-0.5710275733481939,-0.3032784762709653
10.66,-0.7256972083661861,-0.7460404947967556,0.1616782883502523,1.406863746738885,0.5401330645088105,0.5023174227077566,0.3424692937795514,0.7910635879075849,0.3281237579991471,0.3880676246096306,-0.567119977436872,-0.3078016414006684
10.67,-0.7231967871691908,-0.7443722200543442,0.17157463004100584,1.4080638619758923,0.5434241589157747,0.5058199105009442,0.3386343552894774,0.7903026236848351,0.32298852838928754,0.382249874513222,-0.5547991894093135,-0.2918676605916001
10.68,-0.7206236371911201,-0.7426197192365797,0.17329011790668342,1.4006307999506336,0.5466819043523798,0.5092998460853345,0.33863718035128204,0.7883703283303316,0.3179368962555548,0.37650500274385335,-0.5490947281573406,-0.29892789128620256
10.69,-0.7179779872610528,-0.7407841207311264,0.18528879317144198,1.3995597352000415,0.5499052473281455,0.5127560241541826,0.3349418628541635,0.8006001621699703,0.31296956216200644,0.3708340702653399,-0.5430487540084099,-0.3100025072606289
10.700000000000001,-0.7152600814357397,-0.7388794280841618,0.19217007388782492,1.4572716299856727,0.5530931396786885,0.5161931242226258,0.3344064341023456,0.7807409781982935,0.30808718049692957,0.3652402609647247,-0.53790382145795,-0.3024545920136351
10.71,-0.71247017894972,-0.7368871164290594,0.20091038861958144,1.4060590348956188,0.5562445388921274,0.5195941051869186,0.3313103907695557,0.8058808530049796,0.3032903592852656,0.3597187770257822,-0.5245858740596271,-0.3002286553913373
10.72,-0.7096085541617448,-0.7348096139507725,0.2087125675507708,1.392329295621177,0.5593584084339511,0.5229704672956106,0.32936423016730526,0.8020307275209886,0.2985796600204461,0.35427502069715006,-0.5230393000486625,-0.28405153913837183
10.73,-0.7066754964975495,-0.7326563996838988,0.22041967204995683,1.4226695394821882,0.5624337180702432,0.5263210071643264,0.3240780757593986,0.8049465525359214,0.29395559751573247,0.3489100681104431,-0.513755851939453,-0.3062280012684246
10.74,-0.7036713103889667,-0.7304197226391237,0.2243497202125448,1.387833187096048,0.5654694441891639,0.5296403835046193,0.32186713157903196,0.7687849790693511,0.2894186397750921,0.34362310779739363,-0.5084748824678841,-0.30553623557214904
10.75,-0.7005963152094042,-0.7281040175788511,0.23318697288971504,1.396022940854074,0.5684645701205981,0.5329302126559046,0.3201688409592354,0.7757173795529898,0.284969207883669,0.33841603091420086,-0.49862027742375786,-0.3097307842675311
10.76,-0.697450845205706,-0.725710829300584,0.24362260073932665,1.4073404459300385,0.57141808645386,0.5361888343835162,0.31927282488201547,0.7691224581709155,0.28060767591788804,0.33328941205564766,-0.4942912070635686,-0.3144418635043371
10.77,-0.6942352494264052,-0.7232412420886577,0.24597854389964743,1.4166619796028852,0.5743289913533633,0.5394150429284742,0.3152849245271312,0.7719777330061657,0.2763343708752223,0.3282439342110499,-0.48426540948999564,-0.30206744056733154
10.78,-0.6909498916463892,-0.7206960461278947,0.2554149868196969,1.397612012120691,0.5771962908721529,0.5426076586231913,0.3132901179966482,0.7874958544388941,0.2721495726236439,0.3232802576573853,-0.4722133921740359,-0.3005780736974732
10.790000000000001,-0.6875951502880017,-0.7180758129877681,0.2624883764249254,1.4108179370215248,0.5800189992632105,0.5457655639897243,0.3070644343876378,0.7904621137386492,0.2680535138707879,0.318399013643621,-0.4654185007095409,-0.3238396318599309
10.8,-0.6841714183385927,-0.7153811489609849,0.27234297455950457,1.4153926752357293,0.5827961392884203,0.5488877431880673,0.3064422340112154,0.7724237261005281,0.2640463801528222,0.31360082266989153,-0.46021180484086965,-0.3104892941534384
10.81,-0.6806791032645354,-0.7126126915884152,0.2783228747859582,1.4082096135071631,0.5855267425251237,0.5519731815262442,0.30205734301798426,0.7852704898345887,0.26012830984302326,0.3088862635834838,-0.45576952354537686,-0.3104940915563808
10.82,-0.6771186269217425,-0.7097709441948944,0.2854200741146488,1.3982164165890985,0.5882098496701433,0.555020793460814,0.3006650293716172,0.7666998263885884,0.25629939418006453,0.304255838341734,-0.44066721933018665,-0.3058803681499636
10.83,-0.6734904254626897,-0.7068563682096265,0.2899988538126535,1.4096271173259527,0.590844510841201,0.5580295802127164,0.2956334321509657,0.7913306467813317,0.2525596773159864,0.299710031615068,-0.4348987172279302,-0.31581818153961655
10.84,-0.6697949492399782,-0.7038695182410584,0.29874133656724994,1.394880027772864,0.593429785875621,0.560998562405299,0.2916164210157551,0.7892127244596773,0.2489091563838292,0.29524928679159435,-0.427123438925568,-0.3198359755882717
10.85,-0.6660326627064583,-0.7008199329075401,0.30437645386692813,1.5003396768980986,0.5959647446262393,0.563932454530127,0.2892338450282071,0.7143546099537883,0.24534778158489645,0.2908758923482141,-0.4161424167649851,-0.30568378845943583
10.86,-0.6622040443119337,-0.6977306486616971,0.30782031668124443,1.5543216063258163,0.5984484672544185,0.5668279292139689,0.2817527504013826,0.7786970969081566,0.24187545629560991,0.2865902770675721,-0.41181221244448135,-0.32174334217505357
10.870000000000001,-0.6583095863964759,-0.6945455548039964,0.31767373413809546,1.453455326783491,0.6008800445200798,0.5696595781423488,0.2753582001369139,0.803334553416747,0.23849203719390344,0.2823824060639051,-0.4026900058011528,-0.29887739661485835
10.88,-0.6543497950803798,-0.691290757787145,0.326621716991609,1.4707871494989775,0.6032585780686641,0.57245907934011,0.27413511973278754,0.7982550387016096,0.23519733440510798,0.2782651823573982,-0.3943740305710312,-0.3454480067126886
10.89,-0.6503251901507701,-0.6879514479569088,0.33439077860710553,1.4375714321024362,0.6055831807149288,0.575209042300813,0.273463964669065,0.7849168175362519,0.23199111166725178,0.2742326264327004,-0.38672624839697173,-0.3265626461372758
10.9,-0.6462363049449079,-0.684537210812369,0.33837435588395054,1.435492696197415,0.6078529767234969,0.5779167933195155,0.266337122513524,0.7789262478715718,0.22887308651571558,0.27028810088790883,-0.37367337994410244,-0.3218417919588437
10.91,-0.6420836862302108,-0.6810523360013561,0.34525800177304444,1.4160683918836596,0.6100671020860688,0.5805793244223092,0.2634519650326784,0.7606172502800174,0.2258429304871581,0.2664309563716584,-0.3667271602959364,-0.33252265376711565
10.92,-0.6378678940810236,-0.6774988431729507,0.34956374016240066,1.428029640152717,0.6122247047952101,0.583194803412082,0.2584486909808822,0.7578533241031105,0.22290026934262197,0.26266090363017297,-0.3594587656499235,-0.32975842916214043
10.93,-0.6335895017521619,-0.6738779060029694,0.36037307226852694,1.414804087098853,0.6143249451146344,0.5857619837785972,0.2517011723927801,0.7959922590961556,0.2200446833097282,0.2589778311257054,-0.3534760309915211,-0.31522261879041436
10.94,-0.6292490955492693,-0.670214673055833,0.36339392419226985,1.5828113849892227,0.6163669958458905,0.5882926377064711,0.24755957054737926,0.7124622477982119,0.2172757073438576,0.25538625546160637,-0.34445676867904684,-0.3418330198167334
10.950000000000001,-0.6248472746960138,-0.6664760708680785,0.37243084587772807,1.4748530194050444,0.6183500425913778,0.5907508397023213,0.2451047535132682,0.7828182500416566,0.21459283140820123,0.2518738325569646,-0.33829218458133475,-0.3108316307267606
10.96,-0.6203846511981563,-0.6626597836257117,0.3768330455053653,1.4354890779410012,0.6202732840136029,0.5931628056275751,0.24066778534472302,0.7758956090966593,0.2119955007725688,0.24844941219240033,-0.32772953974461577,-0.3260820257417842
10.97,-0.6158618497045243,-0.6587739043246441,0.38624480449167703,1.432604825551507,0.6221359320906056,0.5955253262272079,0.23320923353057113,0.7770295707408131,0.2094831163308289,0.24511258655185497,-0.31852917066789155,-0.3198199062757851
10.98,-0.6112795073649268,-0.6548217849263068,0.3924108595599975,1.4205107103117456,0.623937212367459,0.5978359119494723,0.22943426928703894,0.7866373158416651,0.20705503493683852,0.24186249844342386,-0.3125376368467699,-0.3219450142519914
10.99,-0.6066382736850455,-0.6508051535906916,0.39916585403530197,1.4248884235055266,0.6256763642037837,0.6000930215067315,0.21884692702524036,0.7757192605716021,0.20471056975873309,0.2386986275297348,-0.2999797324216626,-0.3256660811531041
11.0,-0.6019388103783356,-0.6467423757232492,0.4044965536174238,1.4818988008731737,0.6273526410171867,0.602300961127384,0.21875810844771523,0.8093757933374797,0.20244899065141814,0.2356227599940537,-0.2933002544283786,-0.31872025750108585
11.01,-0.5971817912149695,-0.6426163235637947,0.41086046252063785,1.5643823674655213,0.6289653105225543,0.6044507075107686,0.21269997464666288,0.7459275501769183,0.20026952454711272,0.23263084878272422,-0.28473015266745433,-0.3290988382545985
11.02,-0.5923679018678696,-0.6384208811329806,0.4158637373560585,1.465138045240374,0.6305136549671257,0.6065346673871599,0.20441950593527675,0.8006882475374026,0.1981713558637811,0.22972106604536735,-0.27808610623276325,-0.3373581018544555
11.03,-0.5874978397558601,-0.6341549939009296,0.42302598817159487,1.437173775009484,0.6319969713612682,0.6085650269617334,0.20443969135712506,0.7814177831262628,0.19615362693127597,0.22689681609312334,-0.268869650754308,-0.32266423939840394
11.040000000000001,-0.582572313883977,-0.6298248497111351,0.4291451714871402,1.4326221403305226,0.6334145717048898,0.6105393228336525,0.1956000618054949,0.7851494762612051,0.1942154384350233,0.22415746903116693,-0.2612128131174852,-0.319471300415089
11.05,-0.5775920446809788,-0.6254331629581736,0.4364343804321165,1.440653045754691,0.6347657832094126,0.6124555764072365,0.19107713887665656,0.7813223850946592,0.19235584987706383,0.22150202779443603,-0.2532849376268513,-0.3379334002212016
11.06,-0.5725577638340951,-0.6209969092087495,0.43807770376068955,1.5155778656511911,0.6360499485152451,0.6143193479441404,0.18005388375113954,0.7811993091422376,0.1905738800542457,0.21893236821476839,-0.24618705614411715,-0.35286544014985655
11.07,-0.5674702141210524,-0.6164934402105401,0.4489402555358237,1.4518274936992464,0.6372664259046769,0.6161108871561525,0.1779275555612842,0.7940305531191577,0.1888685075533898,0.21644063479353975,-0.23518351190661219,-0.3233849306736186
11.08,-0.5623301492394234,-0.6119254845872816,0.45384644687433484,1.4510453901470337,0.6384145895101336,0.6178442798245904,0.17570969449401533,0.7904284175395475,0.1872386712632099,0.21403167559377473,-0.22740344234166887,-0.3268382804199276
11.09,-0.5571383336333374,-0.6073212680935395,0.4563268303232251,1.5126736252947128,0.6394938295177313,0.6195312821933675,0.1677677626549234,0.7693836039659822,0.18568327090277126,0.21170872414568112,-0.2210290467792753,-0.34127847376266945
11.1,-0.5518955423175893,-0.6026563201122713,0.4667136631867471,1.4924014870947115,0.6405035523660603,0.6211331499504169,0.16078599228129525,0.8069558456623396,0.18420116756628355,0.20945976672174377,-0.21339577333261125,-0.3499546270693788
11.11,-0.5466025606992061,-0.5979181778384366,0.4680110662982436,1.4540427609021642,0.6414431809401392,0.6226755785746199,0.15855574955944646,0.7957039435998707,0.18279118428398322,0.20729045012454758,-0.20822003996726354,-0.3364327633212033
11.120000000000001,-0.5412601843964966,-0.5931185048081663,0.4726324014322785,1.4421852492061882,0.6423121547604822,0.6241575104961065,0.14808241758828775,0.7949722677965746,0.1814521065988901,0.20520128821368053,-0.20387362433266745,-0.34596833871698285
11.13,-0.5358692190556382,-0.5882616949882749,0.47996025717657964,1.423409413619997,0.6431099301672114,0.625576166243382,0.14776211006824408,0.7848975449364308,0.18018268315918778,0.20319057304170776,-0.19222042914679913,-0.32853145835393627
11.14,-0.5304304801648463,-0.5833499420583725,0.48461645608497467,1.4549648982972023,0.6438359804991685,0.626929991295082,0.1364297829464257,0.7960448876917758,0.1789816263259877,0.2012570462237719,-0.18585019321671645,-0.3515926223443374
11.15,-0.5249447928661681,-0.5783845175158242,0.49443322398462347,1.4354351809265362,0.6444897962679611,0.6282179774440053,0.12825007941192695,0.7913233268113117,0.17784761279622366,0.1993996205037189,-0.17620791587179616,-0.33575775426843935
11.16,-0.5194129917649444,-0.5733663598944954,0.4955646330122567,1.4435671655832445,0.6450708853268942,0.6294393473000286,0.12879614988484028,0.780326366804716,0.17677928424042252,0.1976172614727169,-0.16853780397162593,-0.33746042820142946
11.17,-0.5138359207370006,-0.5682961759168516,0.5026491736722246,1.4427661739664115,0.6455787730347292,0.6305934118608383,0.11652310823049807,0.7985988589606667,0.17577524795507854,0.19590891808904473,-0.16354667276207382,-0.34671055448009147
11.18,-0.5082144327335933,-0.5631747821446921,0.5064216425523471,1.4358660893621817,0.6460130024142263,0.6316795986692194,0.10897988397166766,0.7642065214627499,0.1748340775293736,0.19427354645606817,-0.15208075993764958,-0.34540676848076624
11.19,-0.5025493895841714,-0.5580028580188945,0.5117715896801068,1.4348161478551111,0.6463731343054151,0.6326972754027906,0.09968880708799524,0.7819121340763296,0.17395431352596283,0.19271003297080294,-0.15087299763558826,-0.3380587596824651
11.200000000000001,-0.4968416617970083,-0.5527811311863831,0.5195910534139202,1.440125235200369,0.646658747513546,0.6336458826267872,0.09678094803320518,0.7705038742144996,0.173134464175535,0.19121724895341113,-0.14202240534497287,-0.33806199593342173
11.21,-0.49109212835773447,-0.5475323378882485,0.5234202232583556,1.4958891472476743,0.6468694389516819,0.6345316755517919,0.08823984141860085,0.8097936688186839,0.17237300608488473,0.1897968153847757,-0.13405254154157745,-0.35368087476675397
11.22,-0.4853016765258359,-0.5422201597557749,0.5255515821714234,1.465509379751515,0.6470048237778746,0.6353350047945605,0.08456592607592454,0.8017507248097345,0.17166838495817222,0.18843977722535413,-0.12946212226551254,-0.33658354587486805
11.23,-0.47947120162916107,-0.5368542807310921,0.531443117403874,1.4528414881627183,0.6470645355268952,0.6360710078923503,0.07847328835774474,0.7973947630751483,0.17101901633110278,0.1871511397034863,-0.12064990229701808,-0.3563787251775789
11.24,-0.47360160685648856,-0.5314392572760963,0.5363080085271987,1.431444018440971,0.6470482262364683,0.6367372634255105,0.0691122130734555,0.7927979044555316,0.17042328631770923,0.18592892798977123,-0.11259601751792428,-0.3419467717639949
11.25,-0.4676938030482047,-0.5260001568517726,0.5408566104277847,1.5043096083573113,0.646955566567976,0.6373394669766871,0.06158868109529688,0.8160726425618022,0.1698795523694223,0.18477436710018116,-0.11114430844716142,-0.34542248864118136
11.26,-0.4617487084851492,-0.520500118350204,0.5472600714487661,1.4582123251043981,0.646786245921589,0.6378570482176904,0.05605525315814904,0.8064233595281646,0.16938614404613353,0.18367794910969787,-0.10401984904185002,-0.33908075290836864
11.27,-0.4557672486756671,-0.5149494550551659,0.5501629241641026,1.4565341618973946,0.6465399725457914,0.6383055711423241,0.049738071311890446,0.8232063987452259,0.16894136379892283,0.1826446959776984,-0.09778297177276206,-0.3494264747518462
11.28,-0.4497503561409327,-0.5093530022786895,0.5567180982098815,1.4470029268150921,0.6462164736412677,0.6386825634869707,0.04461706525860171,0.8072697168612866,0.16854348776412129,0.18167244976580696,-0.09078152043654455,-0.34379361715769874
11.290000000000001,-0.44369897019859117,-0.5037131430770353,0.5612501141640726,1.4404247667946533,0.6458154954591113,0.6389866644740685,0.035051086849736,0.7877865756735818,0.16819076656840357,0.18075938031439945,-0.08480562834757542,-0.34920785913617874
11.3,-0.43761403674477517,-0.4980313431391178,0.564569365776023,1.4338617289694071,0.6453368033933332,0.6392171182530615,0.02994820786707519,0.78681679863248,0.16788142614454712,0.17990386587191634,-0.07884656937799837,-0.3524857237064648
11.31,-0.43149650803454104,-0.49232774243305344,0.5658506711466043,1.5230580432967764,0.6447801820676323,0.6393817104788829,0.024079619388391964,0.7993061842709156,0.1676136685575581,0.17910759873690915,-0.07641689162108453,-0.3447181476290079
11.32,-0.4253473424607893,-0.48659733125323507,0.5653242024443976,1.68485596140006,0.6441454354164077,0.6394714587842304,0.01329313613653066,0.6687547984211619,0.16738567284079645,0.17836516208918618,-0.07010625641957341,-0.3763637107751991
11.33,-0.41916750433171657,-0.4808431493536312,0.5705581537643702,1.4942132139464228,0.6434323867599824,0.639603259316266,0.00893211411444822,0.7174600902569696,0.16719559584176127,0.17766613703150042,-0.06600714316739235,-0.36439533443225197
11.34,-0.41295796364686016,-0.4750347579298811,0.5701224447438705,1.4030089770511487,0.6426408788740186,0.6397527764890638,0.04407884857315418,0.6963528493490534,0.16704157307719986,0.17699583095491742,-0.07051350018303254,-0.3920491273545016
11.35,-0.40671969587177914,-0.469165972552422,0.5840759368931139,1.6448173873300658,0.6417707740530962,0.6398880588088058,0.0020800322419018418,-0.42987215292712966,0.16692171959718086,0.17641573129003044,-0.046599080130330234,-0.2487820476279988
11.36,-0.4004536817114366,-0.46324022777955914,0.5884447480073378,1.6311773456479095,0.6408219541684421,0.6399030308252673,-0.006193307419007883,-0.4405016057036631,0.166834130857767,0.17587550856047252,-0.04200511622832953,-0.2874135847570347
11.370000000000001,-0.3941609068823392,-0.457291260808275,0.5867225005936345,1.2886586578666774,0.6397943207197853,0.6399263529829675,0.02137087469771352,0.37356869091237505,0.16677688360194592,0.1753643173732482,-0.05648705744541026,-0.42796358705051324
11.38,-0.3878423618834848,-0.45133074810783264,0.5958562410642667,1.6575025531348582,0.6386877948813264,0.6397851362241538,-0.024666061568608982,-0.4358082212403741,0.1667480367484498,0.1749370233578202,-0.03091568031019598,-0.26730709641739464
11.39,-0.3814990417661679,-0.44531602776660373,0.5995977130913811,1.5873287946517163,0.6375023175418013,0.6396294473173816,-0.035058016474807954,-0.4867711152711812,0.16674563228808287,0.1745263179489321,-0.02660817457782519,-0.2673008201132482
11.4,-0.37513194590272153,-0.43927492366567295,0.6112244957896219,1.586424687074806,0.6362378493386307,0.6395094444963273,-0.04176927584857672,-0.832230130155996,0.16676769618721993,0.1741532185548752,-0.022796379327577092,-0.3254693759948142
11.41,-0.3687420777542301,-0.433202797180724,0.6015511868423193,1.5213071334925978,0.6348943706861414,0.6393850993710956,-0.0034053596405642646,-0.8240292676134168,0.1668122392980695,0.173801174391662,-0.03196951171340769,-0.33654886297014275
11.42,-0.36233044463727593,-0.42708115605526664,0.606335151475171,1.460036107807597,0.6334718817978522,0.6391896519300793,-0.010201172383005185,-0.8857313071859211,0.166877258275354,0.17351324002322252,-0.028929896352036327,-0.33014019117463544
11.43,-0.3558980574897866,-0.4209183309407637,0.612366302269277,1.4336352794287979,0.6319704027028135,0.6388771855926003,-0.026015477739479032,-0.9166838742329669,0.16696073649901938,0.1732633886325347,-0.022105179876164154,-0.3369455489316441
11.44,-0.34944593063602875,-0.41473955174140636,0.6125258763300654,1.5606930233114429,0.630389973256001,0.6384564952299476,-0.035261975698989034,-0.9990476821317643,0.16706064500258672,0.17305105738585683,-0.01956231888173423,-0.3741284620679116
11.450000000000001,-0.3429750815508054,-0.40853043115718257,0.6155073664015616,1.4525095877326537,0.6287306531427495,0.6379036623499471,-0.0484864496034336,-0.8931861149012364,0.16717494340678213,0.1728649038199515,-0.015787482709624007,-0.34856393337912983
11.46,-0.33648653062293393,-0.4022867742107706,0.6166336951141846,1.4248685287587133,0.6269925218772383,0.6372411486844228,-0.0570235203069465,-0.8721523559172399,0.16730158085804614,0.17270893874482807,-0.01669228880678409,-0.3308475022223818
11.47,-0.3299813009180306,-0.3960158751439794,0.6175096018816589,1.4218129962707782,0.6251756787950137,0.636470729246048,-0.07206008537538527,-0.8907345452548174,0.16743849697154273,0.17258140661167648,-0.011347182333841842,-0.354775433781501
11.48,-0.3234604179406846,-0.38972079655241004,0.6187537087277251,1.431091180820665,0.6232802430395622,0.6355940488652061,-0.08093227967548554,-0.8924779352794076,0.16758362277828415,0.1724799358014311,-0.0109950003392431,-0.3552497783665995
11.49,-0.31692490939608126,-0.3834031839348291,0.6269047678058706,1.4305279047164459,0.6213063535429304,0.6346133673660075,-0.09159760799464936,-0.8917997079819607,0.16773488167596765,0.17240247709193124,-0.00908736791749148,-0.35128680747892854
11.5,-0.3103758049511116,-0.37706417069213843,0.6264854332424814,1.4063851739762854,0.6192541690004003,0.6335309707574125,-0.09609384030561069,-0.8763314418505455,0.16789019038315228,0.17234708332244913,-0.004668878730614599,-0.33130830072105516
11.51,-0.3038141359950409,-0.3707141926717154,0.6230814051961113,1.4310160315527993,0.6171238678392259,0.632357717731749,-0.1022003413292246,-0.8658128427859909,0.1680474598963747,0.17231392552456187,0.0002584607604816725,-0.35897424038207326
11.52,-0.2972409353998047,-0.36434749728208693,0.6293890371419298,1.475319429187751,0.6149156481814393,0.6310759184366688,-0.1208995788857573,-0.8488324541464997,0.16820459644980074,0.17215213646202854,0.0008458449718393967,-0.3358496641282222
11.53,-0.29065723727996834,-0.357947830898284,0.630397934041827,1.464812519991849,0.612629727800742,0.6297060141240914,-0.12560098369081452,-0.8410202592951522,0.1683595024770374,0.17188726994307243,-0.05975299595064368,-0.3482568632279913
11.540000000000001,-0.28406407675241874,-0.35153315777712624,0.6351268729574403,1.4313160327254666,0.6102663440734837,0.6282288322125559,-0.13753036940699506,-0.8362354903278928,0.16851007757469968,0.17177069808730078,0.0017708358149207694,-0.2610392324127049
11.55,-0.2774624896958688,-0.34509672195338087,0.6321909873517358,1.4102694987968794,0.6078257539237558,0.6266695191438445,-0.1494404311128569,-0.9329960008706735,0.1686542194673294,0.171557125192677,0.0013056724745821036,0.23759392171633612
11.56,-0.27085351251018247,-0.3386410032539188,0.6352143789662403,1.4673049820891133,0.6053082337626076,0.6250237840323601,-0.15246658405922336,-0.7995953757393918,0.16878982497328265,0.17124241916610236,-0.049723242895262636,-0.27837266853049003
11.57,-0.26423818187563786,-0.33217591941035207,0.6379218289173398,1.3984778280778507,0.6027140794214018,0.6232767449310944,-0.16557048028151292,-0.9111573141693091,0.16891479097118622,0.1710803209950693,0.006598305416567935,0.27449806384156733
11.58,-0.2576175345121486,-0.3257230268267055,0.6351040611437453,1.5345369150186008,0.6000436060793386,0.6214611952474325,-0.17276134878913577,-0.7805812084183774,0.16902701536655024,0.17083663150876474,-0.05053237768407098,-0.28398401078389657
11.59,-0.25099260693850883,-0.31924027086437795,0.6393593105020059,1.4340930457431724,0.5972971481851594,0.6195315270831895,-0.18271576313802634,-0.8923021752440898,0.16912439805816815,0.17073042997990714,0.012063305351966208,0.2715145711476196
11.6,-0.24436443523174067,-0.31274087813427354,0.6390690703369537,1.4701043551939104,0.594475059373061,0.6175386804571389,-0.17955117644835852,-0.7826704872620283,0.16920484190387441,0.17053394162733881,-0.03736960816921661,-0.2517045515227311
11.61,-0.23773405478657547,-0.30623603661339166,0.6430364554467242,1.4571288451875888,0.5915777123728414,0.6154413548995169,-0.20043089156480776,-0.8888721780146197,0.16926625368528928,0.17047230384027473,0.019410338157383474,0.2823859609879235
11.620000000000001,-0.2311025000751441,-0.29972248570975535,0.6459794403855125,1.5676400961120922,0.5886054989143061,0.6132801331093334,-0.2070899524532235,-0.7947908010377321,0.1693065450711451,0.17031138275978153,-0.036026374068598266,-0.26567795562079993
11.63,-0.22447080440693845,-0.2931897758467703,0.642760516224255,1.4330390966444455,0.5855588296259654,0.6110143047042524,-0.21718252656354153,-0.9075294201799169,0.1693236335787814,0.17027482999227828,0.01976421539181267,0.26210360586049125
11.64,-0.21783999968908802,-0.286636127915233,0.6477258746322742,1.4706195686340358,0.5824381339280451,0.6086814907789023,-0.220690832487819,-0.7818631168715331,0.1693154435334489,0.17013108188281711,-0.03770773741471874,-0.24669631414565993
11.65,-0.21121111618701888,-0.2800754597253435,0.6471022620169402,1.4061676538043872,0.5792438599198582,0.6062589555828655,-0.23104692183350253,-0.8926318054506024,0.1692799070249969,0.17010991096794464,0.022570187200952618,0.28090985806610924
11.66,-0.2045851822855656,-0.2735031893780891,0.647966205138831,1.4583109058146915,0.5759764742615529,0.6037673450992512,-0.2325923931900974,-0.779266982125212,0.16921496486155607,0.16997365398717348,-0.03444337373104873,-0.26396140747927344
11.67,-0.19796322425056703,-0.2669289030852061,0.649166764598781,1.4137657126283423,0.5726364620502894,0.6011858900100494,-0.24610203477590747,-0.8944235059384046,0.16911856751984491,0.16995291902737736,0.023608848490373438,0.2583031722660831
11.68,-0.19134626599102839,-0.2603827371180463,0.6495220905854352,1.5346047736871924,0.5692243266908718,0.5985442631048834,-0.2451337076771398,-0.7424557858274339,0.1689886760916775,0.1698140842967279,-0.0352304226269116,-0.26015511305111017
11.69,-0.18473532882190202,-0.2538083648789313,0.6472476602393419,1.4322110499099672,0.5657405897608808,0.5957986849076736,-0.26451643151993093,-0.8796339690523544,0.16882326322631047,0.16977837496089523,0.019741897458608115,0.26233724420676946
11.700000000000001,-0.17813143122753333,-0.24722007620080347,0.6493568167974957,1.4727498201306026,0.5621857908703434,0.5929904227759462,-0.26366722513611224,-0.7881059348292127,0.16862031406822997,0.16961706287176134,-0.040551411471987535,-0.26613209571045565
11.71,-0.17153558862585053,-0.24063130062402754,0.6507193445693099,1.4114841020105666,0.5585604875159886,0.5900966096946016,-0.2800564776847102,-0.8880536371595609,0.16837782718998626,0.16956031069803443,0.01480182328127349,0.2685349655882211
11.72,-0.16494881313333448,-0.23407397223045243,0.6483320494409194,1.5359954892651404,0.5548652549301226,0.5871459904519808,-0.2822304203547896,-0.7519730423595009,0.16809381551970465,0.16937449971300075,-0.04492000182595849,-0.25694514560026827
11.73,-0.15837211333084167,-0.2274920975593761,0.6465723956027263,1.4310169533280215,0.5511006859241809,0.5840942489037368,-0.29397046438158386,-0.8848127432975201,0.16776630726288955,0.16928093433205604,0.014508435157100999,0.2744130282637513
11.74,-0.15180649403033056,-0.22090027673431165,0.6488182059951074,1.4610324654449518,0.5472673907270005,0.5809825058228081,-0.2952965396455995,-0.7833103673903261,0.1673933468181276,0.16905115746722038,-0.045964021663945885,-0.26776435648707814
11.75,-0.14525295604255434,-0.21431209029068077,0.649980064700727,1.4119350507273933,0.5433659968178597,0.577787902686651,-0.30358536236520384,-0.8805744798045039,0.16697299568633306,0.168915578368467,0.01056495244723515,0.259773604826229
11.76,-0.1387124959457658,-0.2077226282288583,0.6499815334649724,1.4356455391370528,0.5393971487543352,0.5745307587803515,-0.30882174208687607,-0.7694873751399386,0.16650333337315237,0.16863731600153878,-0.049798471489146075,-0.24288026319617764
11.77,-0.13218610585550272,-0.20114158925927447,0.6478056331433232,1.3876293073351043,0.5353615079950347,0.5711905450744873,-0.3180792874849264,-0.8694876761218199,0.16598245828414543,0.16844778134782817,0.0011789414077464952,0.27706675198041336
11.78,-0.12567477319550568,-0.19457006189454587,0.6440217580530627,1.451932072086395,0.5312597527172537,0.5677954756538945,-0.31836912417485025,-0.7790448656917182,0.1654084886124006,0.1681122565044019,-0.0557463343681858,-0.24836788302422905
11.790000000000001,-0.1191794804698234,-0.18801531437295177,0.645104191193899,1.487946928224572,0.5270925776296146,0.5643107649287478,-0.33201208381920766,-0.7630083260388548,0.16477956321818754,0.1678738730313975,-0.05783353581331206,-0.33348409172798577
11.8,-0.11270120503616343,-0.1814603465007546,0.6457602754725613,1.4600538825828546,0.5228606937797476,0.5607551864421363,-0.3389108923830542,-0.797404105633558,0.16409384250031267,0.16773764815719316,-0.06274413548972342,-0.34197246178057866
11.81,-0.1062409188805382,-0.1749313110315,0.6433809527922784,1.5357560972523967,0.5185648283570603,0.5571339707238234,-0.3470627631574821,-0.8209600078974119,0.16334950925880296,0.16768010758609517,-0.006267910684522339,-0.35358259684614946
11.82,-0.099799588393271,-0.16839661117898044,0.6432111639973038,1.46533516926194,0.5142057244906721,0.5534367174912591,-0.35073049558154495,-0.7919884291905084,0.16254476954855485,0.16756748934023669,-0.014740067620687858,-0.34788391009032066
11.83,-0.09337817414641343,-0.16186178225164036,0.6398767585937644,1.4283443371143871,0.5097841410425678,0.5496759650261835,-0.36074503064030705,-0.8181922532008664,0.161677853523628,0.16738517936773561,-0.018352656262935436,-0.35299024139148205
11.84,-0.08697763067261946,-0.1553346687336408,0.6410232164863169,1.4214034081352207,0.5053008523960306,0.5458491879317515,-0.36471378002719873,-0.830285833758898,0.16074701627180132,0.16713283380042476,-0.022940154178575756,-0.3317797004644344
11.85,-0.08059890624554723,-0.14881898861965695,0.6413118460794142,1.4032687564081505,0.5007566482394215,0.5419555247588856,-0.37143737342823674,-0.8152070740622758,0.15975053863905972,0.16681033064005077,-0.031389241503037485,-0.33643652750871567
11.86,-0.07424294266182424,-0.14231675867120344,0.639342621310862,1.408645623392866,0.4961523333453734,0.5379950550048591,-0.3816685094477719,-0.820046210754275,0.15868672804368023,0.16641770785824805,-0.040791783756443524,-0.3326529467492628
11.870000000000001,-0.06791067502464541,-0.1358293312597814,0.6350785389753979,1.402229031191525,0.491488727345463,0.5339682609542294,-0.38585465628880505,-0.8227899136676426,0.15755391927957305,0.1659549861055348,-0.04506993723753432,-0.3407675550764268
11.88,-0.06160303152904974,-0.1293577693721122,0.6332312316342648,1.413511802855974,0.48676666450043937,0.5298758203558636,-0.3918143844478055,-0.7917155961951531,0.1563504753085414,0.16542208627464136,-0.054088619912107554,-0.33111567288321353
11.89,-0.0553209332489194,-0.12290303774877422,0.6322568738483544,1.3863716064334577,0.48198699346605745,0.525718432880658,-0.39954690943358784,-0.8016088728661949,0.15507478804114685,0.1648187954932192,-0.06140484072076911,-0.32896339335376285
11.9,-0.04906529392577513,-0.11651578662505702,0.6274951079879849,1.4890729032497552,0.47715057705461555,0.5215144629908873,-0.4020696435593749,-0.7702698210716163,0.15372527910584158,0.16415072881614445,-0.06387372373902386,-0.3297740026662058
11.91,-0.04283701975939505,-0.11016175375405282,0.6258752044052411,1.582978803028283,0.47225829199225045,0.5172301325082133,-0.41413654247822,-0.7608562870973082,0.15230040060606487,0.1634073025479626,-0.07007993920789667,-0.3506258541149782
11.92,-0.03663700920032842,-0.10378017380793086,0.6246927516686527,1.4706618577164845,0.46731102867206875,0.5128656816942047,-0.41541758859126104,-0.7697232727838941,0.15079863586498396,0.1625836109617552,-0.07702812549211437,-0.324552048953381
11.93,-0.030466152744344,-0.09740069535239909,0.6285954024094562,1.4091707510467675,0.4623096909031965,0.508450040132977,-0.42394012599843006,-0.7810993985812139,0.14921850015756463,0.1616917886790236,-0.0841909842806472,-0.3117396649951596
11.94,-0.024325332728861504,-0.09103560187155224,0.6246751592254796,1.4037035536233753,0.45725519565581585,0.5039779828584886,-0.43033384659906787,-0.7940174209731593,0.14755854142968355,0.16072879331517262,-0.09477355756783012,-0.32965700177088625
11.950000000000001,-0.018215423131425962,-0.0846904543272659,0.6220330207214665,1.414059928328961,0.4521484728022654,0.4994475973674467,-0.4365695294433795,-0.8050287156249422,0.14581734100397584,0.15969273127514105,-0.09888182532995785,-0.3304279220040416
11.96,-0.01213728937027303,-0.07836803424487546,0.6192661896854941,1.3809757916296397,0.44699046485429683,0.4948585984328542,-0.4404857051406071,-0.7998499612149623,0.1439935142721233,0.15858230468402806,-0.11120592635975868,-0.3323605688797835
11.97,-0.006091788107010249,-0.07206999431784389,0.618378195823598,1.399576417449107,0.44178212669654837,0.49021137467880876,-0.44843913020449744,-0.7751884355436341,0.14208571137330545,0.1573964403880665,-0.11799418635151951,-0.3266522132493831
11.98,-7.976705150788965e-05,-0.06579747492752377,0.6155050982662139,1.3802048107262934,0.43652442531633495,0.4855065816932877,-0.449648813568475,-0.7667505650309172,0.1400926178585227,0.1561341305277497,-0.12216276861560649,-0.33461027767595525
11.99,0.005897935230995743,-0.059614627452813186,0.6111109209001864,1.5071924517322517,0.4312183395298258,0.4807596987134439,-0.4595362829582806,-0.7664113780571689,0.13801295534052516,0.15480056349892946,-0.1319585283909243,-0.310443601061493
12.0,0.011840489510509783,-0.05341011857092705,0.611150404315439,1.4427698357519476,0.4258648597046988,0.47592977840334927,-0.4647427288967648,-0.742765494813722,0.1358454821290759,0.15337731418862574,-0.13682180086015597,-0.3389826432514006
12.01,0.017747076080569774,-0.047220558187782355,0.6100736006015266,1.4150814066129491,0.42046498747935157,0.47105254302861305,-0.4701455033185236,-0.7773788297854659,0.13358899385126946,0.15187772226058716,-0.14735467679979644,-0.3183144184848948
12.02,0.023616884944156175,-0.041054773500319997,0.6039170461881758,1.3690248415922592,0.4150197354787639,0.4661244625824124,-0.4764694239135386,-0.7671013625778452,0.13124232405668168,0.15029901182835206,-0.15460678390358076,-0.31856705860542905
12.030000000000001,0.029449115997197434,-0.03491693307227559,0.6047090407162986,1.3776725805111822,0.40953012702708946,0.4611445293880147,-0.4807426714066148,-0.7759881168367158,0.12880434480706465,0.14863936051316481,-0.15887285934936646,-0.33360954093712836
12.040000000000001,0.03524297920959482,-0.02881713432235087,0.5942127250743305,1.3682219973418188,0.4039971958570675,0.45612036388902,-0.4757608562813256,-0.7865469856071914,0.12627396725036116,0.14689923714335335,-0.16994674420845407,-0.3437946841497245
12.05,0.04099769480376367,-0.022754433592075497,0.5948256835414231,1.4136090917996285,0.39842198581634436,0.45103363863798146,-0.4911182530456357,-0.7560189057344856,0.12365014217879197,0.14507348080550345,-0.17918182422050907,-0.3295257653360431
12.06,0.04671249343061354,-0.016714188007087703,0.59507844700785,1.3867444769071646,0.39280555057079714,0.44589725235981476,-0.4929550612090039,-0.7762457508880942,0.12093186057079411,0.1431621033414028,-0.18381133587972423,-0.31938155366953064
12.07,0.0523866163429304,-0.010703857620317258,0.5866446937293388,1.3667131251080238,0.387148953304945,0.4407134787682015,-0.4973028644855592,-0.7841713731420787,0.1181181541165677,0.14116592366824182,-0.1960462033652723,-0.31182514356205365
12.08,0.0580193155661369,-0.00477988658886117,0.5714896655820441,1.654130270048483,0.3814532664195428,0.4355164459638254,-0.4973022200343493,-0.8957063879417045,0.11520809572703036,0.13909477051372565,-0.19984658734625085,-0.3412637312884445
12.09,0.06360985406636745,0.0009646130410287611,0.5673493237766651,2.076791825418173,0.3757195712264501,0.43027206193187156,-0.5123673820690872,-0.8132012952654237,0.11220080002594987,0.13694098014912873,-0.21038010027929524,-0.3263035557508446
12.1,0.06915750591582596,0.006756225669397724,0.5743097649545065,1.7524638973386948,0.3699489576408672,0.4249074415369623,-0.5192028588262091,-0.667196825394099,0.10909542382506326,0.13466705381906935,-0.21820745493059032,-0.31225174494825925
12.11,0.07466155645539078,0.012572363147594997,0.5769609687746148,1.5826094352259905,0.36414252387103135,0.41951032421812673,-0.5209602427336302,-0.692773080439049,0.10589116658197728,0.13230826751633118,-0.23283812230472417,-0.31989275736228373
12.120000000000001,0.08012130245441809,0.018410897196098477,0.5703113064582314,1.446057661028826,0.3583013761054738,0.41407661842394233,-0.5234101136133641,-0.7211170140049149,0.10258727084065372,0.12986157145955446,-0.2334233883958749,-0.3098374089129896
12.13,0.08553605226770221,0.024232064086956853,0.5705973943407638,1.37809316631822,0.35242662819793114,0.4086129414456922,-0.5270653555164936,-0.7713367955840308,0.09918302265430962,0.12732886536954205,-0.24729489092928555,-0.2984708334438356
12.14,0.0909051259895804,0.030021144693635333,0.5643821348747943,1.3649579516890713,0.3465194013499936,0.40311233615529796,-0.5278895063510944,-0.770269474731709,0.09567775199053596,0.12470601147801795,-0.25489917640290055,-0.31853810856870607
12.15,0.0962278556051001,0.0357715987565493,0.5672212066504687,1.33923055877567,0.3405808237916174,0.39757244977600176,-0.5323204208079602,-0.7521245351979704,0.0920708331184783,0.12199072834596483,-0.26202544709738596,-0.31948017682623703
12.16,0.10150358513825596,0.04148033283455492,0.5583081654297611,1.3618558951395978,0.33461203045956384,0.39199288654761605,-0.5396973235316848,-0.7659216058774119,0.08836168497791405,0.11918157148892974,-0.27452620003271294,-0.30058180370090376
12.17,0.10673167079723149,0.04714591936145343,0.5517148235047739,1.3472043510320761,0.32861416267389615,0.3863740641736674,-0.5395677170291546,-0.756988276826567,0.0845497715300631,0.11627745453005134,-0.2827369388755147,-0.3068286357440263
12.18,0.11191148111662096,0.052767374172104996,0.5519379803843022,1.3488124248782978,0.32258836781260714,0.38071689576058815,-0.5449033733411339,-0.7608130143002314,0.08063460208999215,0.11327752202151599,-0.2918222236062496,-0.3154370955217851
12.19,0.11704239709659985,0.0583441385368247,0.5432234698672109,1.3596793232201796,0.31653579898449274,0.37502231671031194,-0.5482543646967483,-0.7717309616087782,0.07661573164046909,0.11018095915060958,-0.3010177704581427,-0.31208239131872806
12.200000000000001,0.12212381233899963,0.06385458231411054,0.541456825187368,1.4000216590890053,0.31045761470036515,0.3692984571184977,-0.5546501963407581,-0.7459578982033439,0.07249276112712882,0.10698996548000199,-0.30900923348100773,-0.31547301017709795
12.21,0.12715513318026156,0.06933349710056369,0.539387819733216,1.363732160314633,0.3043549785427114,0.36352684111027894,-0.5557465362333478,-0.7517488763207955,0.06826533773483268,0.10369580351195591,-0.3180583599503605,-0.3243809718919842
12.22,0.13213577882124072,0.07477213076052622,0.5330388797094009,1.3453266945872244,0.29822905883388773,0.3577244543065499,-0.5556225628097436,-0.7650961077535079,0.0639331551451002,0.1003042681086403,-0.3283272264133889,-0.325847389294684
12.23,0.13706518145381485,0.08015188088027657,0.5273173567849572,1.4068518689706961,0.2920810283029664,0.3518974760305766,-0.5631184516276628,-0.7592437040034357,0.05949595377449818,0.09681680250817618,-0.3401988725807979,-0.307381367543878
12.24,0.14194278638427893,0.08549277244876659,0.5199229660372433,1.3615250775149454,0.2859120637513246,0.34602737660910743,-0.5635129966034856,-0.7650059089385809,0.054953520993890864,0.09322509406844873,-0.3504275054466585,-0.3192254496663654
12.25,0.1467680521534952,0.09079204215193538,0.5194711773970222,1.3596065140809908,0.2797233457170841,0.3401297322039798,-0.5680042072252135,-0.7602938681590984,0.050305691328453056,0.08953413081980245,-0.3561765282470089,-0.2994488792517056
12.26,0.15154045065376115,0.09604552936057303,0.5123043873612946,1.3250085981107962,0.2735160581385016,0.3342040433769245,-0.5732436087110652,-0.7501059298324075,0.045552346638357055,0.08574292090082616,-0.3669618097205314,-0.3113165515437947
12.27,0.15625946724237616,0.10125122611195535,0.5079453928833392,1.332970004833983,0.26729138801641483,0.32825061198042715,-0.5768949582797714,-0.7492787736452962,0.04069341628005846,0.08185066050549505,-0.3736142202641454,-0.308668623818189
12.280000000000001,0.1609246008518721,0.10640794543243094,0.5020456301499764,1.3138842631138947,0.26105052507584453,0.3222702197466902,-0.5791030541742905,-0.7470642090270474,0.035728877248102864,0.0778567872285367,-0.387797714899,-0.31539934250139456
12.290000000000001,0.1655353640968849,0.1115149448389947,0.5011714832363452,1.3263698699576314,0.2547946614268667,0.3162638345933813,-0.5840365433010695,-0.7223182586199339,0.030658754297401003,0.07376085726669845,-0.3948367273970211,-0.28881044399116007
12.3,0.17009128337764587,0.11657167521513187,0.49183451286686775,1.3271259739026207,0.24852499122483174,0.3102325288680927,-0.5816572335116401,-0.7481765382579849,0.025483120045896368,0.06956250780098135,-0.4084253997082307,-0.3207116382380929
12.31,0.17459189898005228,0.12157760209124639,0.492574077881746,1.3047483189617062,0.24224271033007536,0.3041774876244372,-0.5843008077770813,-0.7332404221405218,0.02020209505760162,0.065261458722663,-0.41841148866284333,-0.3082386372833311
12.32,0.17903676517231165,0.1265322500189944,0.48288232465509373,1.309121738552335,0.23594901596718823,0.2980998317095083,-0.5866319963165063,-0.7464746235670698,0.014815847905946145,0.06085745572196098,-0.42658724117275054,-0.3099774378577757
12.33,0.18342545029812393,0.1314351645755676,0.47920839588045844,1.3019587248255362,0.22964510638396815,0.2920007358879365,-0.5889562593155799,-0.7441628346879356,0.009324595217410525,0.05635029858971064,-0.43966095864220356,-0.30728519730588755
12.34,0.187757536866381,0.1362858338985891,0.47244507351747134,1.3050409762045367,0.22333218051015843,0.2858813989875624,-0.5897670869022693,-0.7502405870534298,0.0037286016954212187,0.051739844826065966,-0.44822454093896397,-0.29216256587088
12.35,0.19203262163736778,0.14108383227337315,0.46923275851230256,1.3083046075735494,0.21701143761606195,0.2797429445694201,-0.5928393322057096,-0.742967564339363,-0.0019718198755090954,0.047025967777426486,-0.45731099394173186,-0.2904221659616703
12.36,0.1962503157054374,0.14582879734689433,0.4649916011868048,1.3071011512505437,0.2106840769711609,0.2735865583266836,-0.5981750609732288,-0.7427865769405434,-0.0077763086454039065,0.04220859983926798,-0.4682191498719772,-0.29069553031633044
12.370000000000001,0.200410244578141,0.15052021517388672,0.45974217221037017,1.3132505611932535,0.20435129750282044,0.26741345221971824,-0.5927283884847566,-0.7402114817357393,-0.013684455734208845,0.0372877390503512,-0.47229327521006553,-0.29360414437613447
12.38,0.20451204825179853,0.1551576679779138,0.4520103314822812,1.2968187083371274,0.19801429745520477,0.2612247876112062,-0.5970471864393054,-0.7461703085994454,-0.019695804286931462,0.032263400461527085,-0.4852237054553918,-0.2857289180065606
12.39,0.20855538128348627,0.15974075553518413,0.4490533445581655,1.3072921104278215,0.19167427404847873,0.25502174642138264,-0.5987998105367763,-0.7320128472911483,-0.02580984954852078,0.027135655245589422,-0.4949920018505676,-0.28964864067140395
12.4,0.2125399128594275,0.16426906459694948,0.4419756785709631,1.3013014254004875,0.18533242313844034,0.24880550783269947,-0.5997260439069428,-0.7284805912164471,-0.032026038958460956,0.021904616686692246,-0.5086548239877731,-0.28212239838656283
12.41,0.21646532685976838,0.1687421377676214,0.4349046087137118,1.30802969222403,0.17898993887665188,0.24257728473516574,-0.603043606842538,-0.7352657181799971,-0.038343772265048315,0.016570458181429226,-0.5191531794548919,-0.2766247813892652
12.42,0.22033132191972105,0.17315958703978088,0.426736588538369,1.2993534704249579,0.172648013371193,0.23633822132045657,-0.6039666711648995,-0.7268287754082496,-0.044762401659310225,0.011133374711242854,-0.5272418119390605,-0.28669566583103356
12.43,0.22413761148706526,0.17752105344075483,0.42468462846277416,1.2977401421992625,0.16630783634813417,0.23008952389240198,-0.60300794353772,-0.7395656495780304,-0.05128123192851969,0.005593624564431606,-0.5362488993877607,-0.2815464064735208
12.44,0.2278839238759924,0.1817956091618761,0.4169209435033307,1.3851071018155348,0.15997059481383472,0.223839841164512,-0.607814737080596,-0.7141574348713535,-0.0578995206292488,-4.530659266861834e-05,-0.5451320198384397,-0.2842103642287442
12.450000000000001,0.23157000231727148,0.1860367491963383,0.4126626095472318,1.3135056546100004,0.15363747271816622,0.21756916161389264,-0.60706798514858,-0.7241051699963734,-0.0646164782798977,-0.005792032128444944,-0.5569071914996189,-0.2693381735243787
12.46,0.23519560500473888,0.19022719308745228,0.40616850398847537,1.2942227493575662,0.1473096506187755,0.21129617088899597,-0.6076536149893177,-0.7291606508050908,-0.07143126857262133,-0.011638838932505684,-0.5673590907548447,-0.3007519843787599
12.47,0.2387605051380901,0.19436279871035392,0.4015256532614949,1.2849923937274763,0.14098830534646511,0.20501993303965385,-0.6057079214255572,-0.7433859961938307,-0.07834300860459281,-0.017586144328552367,-0.5751384830723777,-0.27809069326050434
12.48,0.24226449096196678,0.19844156680657074,0.3995217074948453,1.3156948004288418,0.13467460967182598,0.19874064637658284,-0.6049821280912635,-0.730043185310662,-0.08535076912848955,-0.02363386755190394,-0.5817420421522865,-0.30031117975291555
12.49,0.2457073658013334,0.20246247527201608,0.39178872763534356,1.293600438430934,0.12836973197319626,0.19245910702271748,-0.606613930761915,-0.7332089575916875,-0.09245357482212896,-0.029781641401851223,-0.5962896181200229,-0.2697970524867312
12.5,0.2490889480931251,0.20642488910910767,0.3865092877762936,1.2794957052749394,0.12207483590606868,0.18617631786931987,-0.609201562188334,-0.7315215762422015,-0.09965040457713792,-0.03602895973487755,-0.6078636305361071,-0.2836703866160343
12.51,0.2524090714141721,0.21032837087607512,0.3820676423616497,1.2880871643895797,0.11579108007403086,0.1798933571828518,-0.6104785774669247,-0.7266063362201426,-0.1069401918065524,-0.04237523452556567,-0.6135971620819294,-0.2859414568043436
12.52,0.255667584505388,0.214172610734942,0.37137962038007544,1.2768949141786188,0.10951961770134934,0.1736113741556644,-0.6056999426744374,-0.7362313364755306,-0.1143218247712261,-0.04881981002163793,-0.6214347834263513,-0.2760876298232254
12.530000000000001,0.2588643512922112,0.2179573522181798,0.36829836245502773,1.2592946426399008,0.1032615963072988,0.16733152026460582,-0.6053163947569579,-0.7270080527238547,-0.1217941469249208,-0.05536197673068046,-0.6333619796661714,-0.27153415517569
12.540000000000001,0.2619992509013035,0.2216823677673272,0.3657956612879784,1.2784588226214273,0.09701815738232288,0.16105494722393057,-0.6060691188134869,-0.7156368768877582,-0.12935595727794535,-0.06200097500745,-0.6445225597523828,-0.27884950403642805
12.55,0.26507217767350405,0.22534742575590624,0.3555260847151591,1.285560582381133,0.09079043606614282,0.1547828591992792,-0.6074997708304238,-0.7114226352611069,-0.13700601077920938,-0.06873598572604936,-0.6524862267920748,-0.27283679495025365
12.56,0.26808304117301945,0.22895231624907944,0.3461102969957916,1.2814994004778197,0.08457956082790391,0.14851640360727975,-0.6059366568979391,-0.7122639445863372,-0.1447430187165274,-0.07556615976599075,-0.6639369836771708,-0.2807840316242451
12.57,0.27103176619287067,0.23249680466266084,0.33839588511163604,1.2574842927427101,0.07838665314845106,0.14225675169055443,-0.6068112289053839,-0.7147984954051945,-0.15256564913503617,-0.0824905891277614,-0.6717718324020353,-0.2700494447268114
12.58,0.2739182927565756,0.23598073162798833,0.33572841410099097,1.2803595746530245,0.07221282720484237,0.13600504129911573,-0.6116254916011564,-0.7275007518098763,-0.160472527273545,-0.08950833878503603,-0.6809640665063091,-0.2836878827201145
12.59,0.276742576116082,0.2394039370296799,0.33109740804414367,1.2724146801298633,0.06605918955719443,0.12976241614117137,-0.6058720796165538,-0.7178755644665294,-0.16846223601866106,-0.0966184203146472,-0.6873947722476625,-0.29258389923177425
12.6,0.27950458674594625,0.24276630622323395,0.3282047433543408,1.2699706733610827,0.059926838837946694,0.12353004252630174,-0.6026367117739525,-0.734904930628451,-0.17653331637650715,-0.1038197938497146,-0.6949205387420747,-0.28231442609511614
12.61,0.2822043103337535,0.24606760472960026,0.32159832274487127,1.278393839959123,0.053816865443649636,0.1173090808411749,-0.604669658346349,-0.6973080325627478,-0.18468426796184184,-0.11111136875418093,-0.7047967000513498,-0.28415888217047347
12.620000000000001,0.2848417477667954,0.24930773350966182,0.31532015908718675,1.2602505481667121,0.04773035122936478,0.11110063975870811,-0.6023552119315537,-0.7143535753300502,-0.1929135495044016,-0.11849203505380285,-0.7158485828194214,-0.2533460417527985
12.63,0.28741691511499723,0.25248656451863877,0.30833388136227274,1.2573663013537597,0.04166836920577684,0.10490584724596409,-0.6031921928084392,-0.718841904890259,-0.20121957937225055,-0.12596062580559672,-0.7249236646923984,-0.254833130683809
12.64,0.28992984361010476,0.2556040265177711,0.2998694490476285,1.2570931896974578,0.03563198323909621,0.09872583405736486,-0.5979553510701451,-0.7060228859917589,-0.20960073611195268,-0.133515931867373,-0.7306712186508071,-0.28426035690381574
12.65,0.2923805796211376,0.2586600329815665,0.2971927678979922,1.2578180661391412,0.029622247753865877,0.0925617128562259,-0.5992216134074884,-0.729200953440346,-0.21805535900533254,-0.14115669991809376,-0.7413000559513873,-0.2792298607266036
12.66,0.2947691846261081,0.26165449451778716,0.2901003872995447,1.2665398075668801,0.02364020743873743,0.0864145913544368,-0.5973956927674804,-0.7122783696094561,-0.2265817486426145,-0.14888163447975553,-0.7486735272130279,-0.27105053046314204
12.67,0.2970957351800221,0.2645873287188656,0.2792499364353689,1.2495513372982094,0.01768689695532956,0.08028560441016079,-0.5935236134244094,-0.7134127951239091,-0.23517816751171805,-0.15668939056564304,-0.7523690837349688,-0.2640712365363442
12.68,0.2993603228791676,0.2674585148616634,0.2748137650355572,1.2654834806674966,0.011763340650239568,0.07417581094395322,-0.5902586452146336,-0.7366755807983979,-0.24384284060347286,-0.16457860249100678,-0.763422454692799,-0.2746064756398124
12.69,0.3015630543216934,0.27024694480662814,0.26625117456033254,1.299826798959334,0.0058705522703109,0.06809152942243767,-0.5928648936317498,-0.6964146698895525,-0.2525739560325089,-0.17254563009075086,-0.7731921053434555,-0.2596507371777917
12.700000000000001,0.303704051064498,0.27298969434301684,0.26380024735002394,1.2744159547699152,9.534681228703934e-06,0.06201904584848826,-0.5878498484467222,-0.7046248211424012,-0.26136966567358655,-0.18059523115962797,-0.7750196084555496,-0.26875481874068274
12.71,0.30578344957643544,0.2756751810185006,0.2557791065806075,1.2576653324988978,-0.00581872041045281,0.0559716448002923,-0.5873530857613236,-0.6939156759189076,-0.2702280858131082,-0.18872083461376832,-0.7878594913359347,-0.2708056049469523
12.72,0.3078014011878459,0.2783007466271879,0.2501374382042655,1.2536448939672546,-0.011613232731794196,0.04994889704796673,-0.5838963544405602,-0.7047491917775873,-0.27914729781555453,-0.19692149236660964,-0.7933121795671956,-0.24746020328276816
12.73,0.3097580720364323,0.2808652965902933,0.24299841490134638,1.2482361380783444,-0.017373033714345107,0.04395120659731016,-0.5816954420954357,-0.6973833699737877,-0.2881253488045813,-0.20519589737212449,-0.802837686748048,-0.25018666827167274
12.74,0.31165364300949217,0.28336834593464244,0.24057483643674452,1.2486428098044424,-0.023097166761358964,0.037979317911489174,-0.576757591637025,-0.7088408578269769,-0.2971602523585116,-0.21354255333255218,-0.8064658111481595,-0.26514819572603543
12.75,0.3134883096825133,0.28580975024582184,0.23482953653158883,1.2452515653737573,-0.028784687511249726,0.03203413038385407,-0.5778318671049537,-0.6976938532095768,-0.3062499892199352,-0.2219598593699209,-0.8140681806276236,-0.25887767690505026
12.76,0.31526228225416597,0.2881895352245323,0.22952405068889875,1.248920273490741,-0.03443466409721532,0.026116628031633046,-0.573220396260439,-0.7170462507719816,-0.31539250801915203,-0.23044614285811105,-0.8210455726175645,-0.2702034910589711
12.77,0.31697578547768657,0.2905076815163608,0.22275402014975004,1.267125078806367,-0.040046177402946456,0.020227838737803473,-0.5740552364411174,-0.7071789182475744,-0.3245857260111522,-0.23899966817234458,-0.828793051754567,-0.26763215824134035
12.780000000000001,0.31862905858868656,0.2927643523915973,0.21768327952102573,1.258858254782513,-0.0456183213143493,0.014368681549617427,-0.5669233414450463,-0.7019663009231175,-0.33382752982585884,-0.24761869766281375,-0.8334473159754167,-0.2534418375415373
12.790000000000001,0.32022235522940046,0.29495962071747417,0.2131740781844721,1.242356752055093,-0.05115020296719015,0.00854023381712007,-0.5646691189590339,-0.7076146015684841,-0.34311577623131817,-0.25630140334234597,-0.8402325709689991,-0.2603057833436686
12.8,0.3217559433693855,0.29709362895509805,0.20174736316916378,1.2289514635937968,-0.05664094299061273,0.0027434250419530277,-0.5597960573456503,-0.7047296382500841,-0.3524482929095527,-0.2650459627189651,-0.8441826480924104,-0.2550252398815667
12.81,0.3232301052227008,0.2991665488079248,0.20176921087135796,1.2604609666060786,-0.062089675746424045,-0.0030207488535567415,-0.5552313176850588,-0.7025864514724602,-0.361822879244748,-0.2738504976093626,-0.8540716614905414,-0.2807416528789479
12.82,0.3246451371615879,0.30117851143462426,0.18960857907903927,1.2403930980869335,-0.06749554956409956,-0.008751320477771886,-0.5620939019316066,-0.6757293073208943,-0.3712373071234788,-0.28271309759020674,-0.8552521564339501,-0.24816967355944142
12.83,0.32600134962666255,0.30311459421566145,0.18679306744851149,1.2638087103493287,-0.07285772697142112,-0.014443622575780305,-0.5533595368551341,-0.6864130368024753,-0.3806893217466383,-0.29163027090640675,-0.8651265389488728,-0.2624041401019367
12.84,0.32729906703365663,0.3050016632247423,0.1798796956548517,1.2393276794854287,-0.07817538492068854,-0.02010729315008278,-0.5495233892729298,-0.700374776868309,-0.39017664245276673,-0.30060442135083937,-0.8662243437433126,-0.253914246839764
12.85,0.3285386276767198,0.30683017975071936,0.17418513929437957,1.225812284967213,-0.08344771501042943,-0.025731253429099266,-0.5442501605866146,-0.7111522159622722,-0.39969696355243156,-0.3096296300136058,-0.8728317498474597,-0.2547191607852623
12.86,0.32972038362831435,0.30859887304837025,0.17074898709714623,1.2424679523063487,-0.08867392370253765,-0.031319201769956735,-0.5414935381718556,-0.6944312008168314,-0.4092479551733415,-0.3187050181153099,-0.879965605249584,-0.26633677556242746
12.870000000000001,0.3308447006357234,0.31030993669547724,0.16541010286832963,1.2480784216708685,-0.09385323253478967,-0.036868443814834895,-0.5365662247752251,-0.711901728271579,-0.4188272641158578,-0.32782850724705853,-0.881249240751716,-0.23756455512532818
12.88,0.3319119580141994,0.3119621353635443,0.15738617571483274,1.2208353472038134,-0.09898487832864922,-0.042378061744071945,-0.5319261436067316,-0.7115316743831599,-0.42843251471854016,-0.3369977479807638,-0.8898528156220247,-0.2494970801641226
12.89,0.3329225485367817,0.3135540782682471,0.15293432093372972,1.253022514418788,-0.1040681133923197,-0.04784635094044521,-0.5318022237736355,-0.6976137016821101,-0.43806130973341906,-0.3462104683698223,-0.8884727704987846,-0.24766498250623148
12.9,0.33387687832080837,0.3150850946689527,0.144812110325335,1.2403417537726398,-0.10910220571897539,-0.05327433947876894,-0.5295277570571912,-0.7092510103161384,-0.447711231210615,-0.35546489410981436,-0.8956981692287626,-0.2575280996796493
12.91,0.33477536671115116,0.31655781911693126,0.14132495189994354,1.2290238323960825,-0.11408643918010627,-0.05866205677663689,-0.5240056311050689,-0.7108327800225559,-0.45737984139195864,-0.3647592393456878,-0.8998754392927387,-0.24809434695838004
12.92,0.33561844616020464,0.3179737142317765,0.13237967156086566,1.2255313604366431,-0.11902011371392224,-0.0640068621954953,-0.518158235014223,-0.6962035028397133,-0.4670646836132661,-0.37409091239025954,-0.8986878948549586,-0.26495872614350574
12.93,0.33640656210465697,0.3193319966898655,0.12368461168782033,1.2373007334578006,-0.12390254550876229,-0.06930793119133657,-0.509659221467391,-0.7047437600397634,-0.4767632832149028,-0.3834575004042566,-0.9051381143075901,-0.23761595185108453
12.94,0.3371401728390744,0.3206317232109354,0.12304980889455693,1.236456789437679,-0.12873306718144953,-0.07456382404803692,-0.5114824587334409,-0.687819801580284,-0.48647314846026224,-0.39285663443015834,-0.9086026044698972,-0.2589663689943387
12.950000000000001,0.3378197493863339,0.32187331110927847,0.11695423704396325,1.2363058624501835,-0.13351102795053527,-0.0797759327352982,-0.5088473120272561,-0.7085737727407598,-0.49619177146181875,-0.40228649027381963,-0.9132483911619974,-0.25503589331760035
12.96,0.33844577536492626,0.3230586371395316,0.11337629909250367,1.2305669981716105,-0.13823579380439222,-0.08494219070090117,-0.5054219441255527,-0.7068523508258533,-0.505916629114344,-0.4117446720003557,-0.9134449637688826,-0.26287681482678693
12.97,0.3390187468531797,0.32418633849269635,0.1045213616770681,1.2279126786110752,-0.14290674766408962,-0.09006102313498125,-0.49973303372356326,-0.7308039420482878,-0.5156451840349693,-0.4212284298494082,-0.9128126166682393,-0.2617639138874857
12.98,0.3395391722504203,0.32525784857611423,0.09796469094378948,1.239620073405042,-0.14752328954100952,-0.09513372259883297,-0.4955897070000233,-0.7151156052427565,-0.5253748855096672,-0.43073609322332806,-0.9194417650125348,-0.2638144530508507
12.99,0.34000757213511645,0.3262739114993526,0.09288316929862121,1.2492206342307857,-0.15208483668916375,-0.10015816538340959,-0.48867835920178104,-0.7061403052215831,-0.5351031704457965,-0.44026488231862254,-0.9207712582324842,-0.246789804661968
13.0,0.340424479120035,0.327234516126397,0.08945470440011362,1.2366650274002666,-0.15659082375214983,-0.10513375222253413,-0.4842498252735917,-0.6935047813790054,-0.5448274643303364,-0.44981240717285725,-0.924276484044008,-0.2650713123975984
13.01,0.34079043770445294,0.3281399427015676,0.08486729577867924,1.2271581000734784,-0.16104070290471567,-0.11005987707161378,-0.47946861272364044,-0.7165359325695433,-0.5545451821934171,-0.4593763013687446,-0.9254223770680855,-0.22522657929294904
13.02,0.34110600412344877,0.328990559510004,0.0811755956116409,1.212930899537085,-0.16543394398888145,-0.1149358925445851,-0.4746664099253552,-0.711017211655199,-0.5642537295767566,-0.46895415398370827,-0.9235729223743521,-0.25995070241410195
13.030000000000001,0.34137174619432975,0.32978682359438677,0.07534704030228233,1.2132794708393202,-0.16977003464458557,-0.1197611522665295,-0.4669564387317371,-0.6872036594691657,-0.5739505035066337,-0.4785435338895059,-0.9254635684898428,-0.22519072948676727
13.040000000000001,0.34158824316021486,0.330529149731134,0.06762075564626953,1.223101322273897,-0.17404848043480414,-0.12453499953797113,-0.4647146212778414,-0.7141534405802702,-0.5836328934709887,-0.4881419777171917,-0.9281878712979476,-0.27168859104854376
13.05,0.3417560855308235,0.3312180200875572,0.05805834224515568,1.2249635203088731,-0.17826880496512681,-0.129256798112897,-0.45813139776351874,-0.7043491395371584,-0.5932982824002789,-0.4977470183215327,-0.9278235315167725,-0.25575451507230307
13.06,0.3418758749205092,0.33185390570918266,0.058867977775714064,1.2291361606259157,-0.18243054999772662,-0.13392594423897614,-0.45473060485715056,-0.6973675458197283,-0.6029440476516884,-0.507356169433432,-0.927357346107587,-0.24594530601045955
13.07,0.34194822388356805,0.33243735308877176,0.04934007196333386,1.223435860451382,-0.18653327555971258,-0.13854183327346772,-0.4517047684512322,-0.7127434044243147,-0.6125675619962846,-0.5169669318035814,-0.9337712181105569,-0.24250011897755536
13.08,0.34197375574688116,0.33296886122966424,0.04675570037945932,1.2261981099011954,-0.19057656004581744,-0.1431038737327356,-0.44572023775619746,-0.6930639142694741,-0.6221661946087564,-0.5265767907077492,-0.9305150807461681,-0.24124680411016347
13.09,0.34195310443991833,0.33344216504098545,0.042345176779655554,1.2257313868200892,-0.19456000031540524,-0.14760984617298906,-0.43998880474780144,-0.7121678520587847,-0.6317373120593183,-0.5361825734571092,-0.9312922256865509,-0.256236208222093
13.1,0.3418869143221439,0.3338697985143156,0.042045590329635445,1.2204821042595708,-0.19848321178375353,-0.152063878356557,-0.4337859306138076,-0.6927707055908118,-0.6412782793073787,-0.5457835584343582,-0.929953671469451,-0.24533545680565086
13.11,0.34177584000788463,0.33424856548958565,0.030807830556849686,1.2382734725397968,-0.20234582850759375,-0.15646155553930244,-0.42864776101063623,-0.6982053775478853,-0.6507864606965926,-0.5553757182886778,-0.9272698753919993,-0.24706371371307886
13.120000000000001,0.34162054618868565,0.3345781944860755,0.029939592761778256,1.2372319352414627,-0.20614750326488393,-0.16080285833817148,-0.4230263831793539,-0.6985471092293423,-0.660259220950893,-0.5649566831867635,-0.9221061054282228,-0.2486609094048047
13.13,0.3414217074532013,0.33485881282850216,0.021683668232639973,1.2390945033112666,-0.20988790762878246,-0.16508745666423877,-0.41654806506637176,-0.7028684075572988,-0.6696939261710796,-0.574523954995103,-0.9224279345552807,-0.2525653356518582
13.14,0.3411800081046812,0.3350908795723222,0.020199613999883417,1.2151435637182968,-0.21356673203581752,-0.169315002718819,-0.4092633889483041,-0.6976150443239388,-0.6790879448316235,-0.5840750166353031,-0.9234247915383512,-0.23731735358936087
13.15,0.3408961419760741,0.33527489071151745,0.0131187091194093,1.2226140885017314,-0.2171836858482127,-0.17348505619973836,-0.4112991339097275,-0.6921797616712292,-0.6884386487772147,-0.5936072989910567,-0.9214356897806588,-0.2695848931030384
13.16,0.34057081224280983,0.33541211143869276,0.010816019766273624,1.215509817855882,-0.2207384974103649,-0.1775976549592358,-0.39897033462485976,-0.7014251620642047,-0.6977434142187121,-0.6031183765849839,-0.9191604359405435,-0.2569887419102676
13.17,0.34020473123331085,0.3355023660459079,0.007375281766152974,1.2445687740079232,-0.22423091409944976,-0.1816511392180075,-0.3958498381610838,-0.7077839381068673,-0.7069996227280737,-0.6126053037834805,-0.9180436506664574,-0.25450513135821407
13.18,0.33979862023726054,0.33554591573403847,-0.0014935503088492857,1.221706824228692,-0.22766070237015257,-0.1856460133101451,-0.3916602192576789,-0.7275144140028523,-0.7162046622318606,-0.6220657360292758,-0.912785272137199,-0.25824268295227293
13.19,0.3393532093116933,0.3356436792262877,0.00033451548466475296,1.0220014808608735,-0.23102764779349477,-0.18960547577290704,-0.379322155064113,-0.7817988271513193,-0.7253559280029365,-0.6315060982560161,-0.9109833372986398,-0.26602410895580586
13.200000000000001,0.33886923708495603,0.335726996734731,-0.0030745460574088303,0.9181401341065615,-0.2343315550897605,-0.1934877395909615,-0.37753529384924894,-0.8009593137802373,-0.7344508236499574,-0.6409083631032313,-0.9057610485913229,-0.2577726930634729
13.21,0.3383474505585695,0.3358027555241389,0.011962489010647106,0.8770593389292163,-0.23757224815550188,-0.19733674487232808,-0.3885210500582133,-0.8309948507016534,-0.7434867621042359,-0.6502789153371279,-0.9067065324100742,-0.2739782175123859
13.22,0.3377886049070652,0.3358178343499496,-0.0030574700119741427,0.297643690788143,-0.2407495700846323,-0.2010833379191022,-0.3596727873875151,-0.4075014290083928,-0.7524611666036282,-0.6596085703925956,-0.9043445756707714,-0.24314305413645998
13.23,0.33719346327582916,0.3358568311893557,-0.0035380693361079774,0.12651912361147966,-0.2438633831835832,-0.20478841840628687,-0.3570742025502481,-0.4687182785379159,-0.7613714716730068,-0.6689015815882854,-0.898715239351854,-0.24100096544111563
13.24,0.3365627965770075,0.33585951121638336,-0.008071174620247501,0.07026087025694505,-0.24691356898053465,-0.20841768191918694,-0.34846187668664425,-0.46409958828600173,-0.7702151241009412,-0.6781471745233784,-0.8931867838943343,-0.25453362502268384
13.25,0.3358973832835281,0.33587232103373826,0.004013649168550422,0.21417824941152552,-0.24990002822871435,-0.21201856131134042,-0.3580055090071652,-0.8295153076103111,-0.7789895839122123,-0.6873544509294743,-0.8879647100125027,-0.2539686822130455
13.26,0.3351980092212881,0.3358580382429147,0.004019098125300755,-0.182166038264346,-0.25282268090376,-0.2155419666097636,-0.35252030034774473,-0.5336101752909093,-0.7876923253357351,-0.6965123112700432,-0.8859890141825115,-0.24746526658340648
13.27,0.3344654673595556,0.3358140380034176,0.0008341930978024391,-0.2870141799022806,-0.2556814661951612,-0.21898681960538846,-0.3437358399446535,-0.5824063531218736,-0.7963208377675383,-0.7056163435941484,-0.8807516171006945,-0.270164345316012
13.280000000000001,0.3337005575996399,0.3357330826466465,-0.007850552780317974,-0.09457549285552312,-0.25847634249176776,-0.22235750907185628,-0.33504239319714285,-0.9867340854596975,-0.8048726267283967,-0.7146657951629287,-0.8756881066151697,-0.27389522087593077
13.290000000000001,0.33290408656188775,0.33566340969024455,-0.010153880523606877,-0.5154172108313209,-0.261207287361378,-0.2256944839300363,-0.33320648952155635,-0.6462178518514875,-0.813345214815717,-0.7236662608900424,-0.8664062460979155,-0.2750231819031679
13.3,0.33207686737104347,0.3356424777352862,-0.008049276425748882,-0.9871628289510761,-0.26387429752442293,-0.2289880628183053,-0.31737908662597764,-0.664490327991379,-0.821736142649341,-0.7326172960381468,-0.8656532959064914,-0.24926218614099807
13.31,0.3312197194400517,0.33560578838446825,-0.004945087073265866,-1.1590210129381597,-0.26647738882173855,-0.23218466458129167,-0.3157773633988506,-0.7126284848544364,-0.8300429698108394,-0.7414973118645637,-0.8578390646968468,-0.2625809330322147
13.32,0.3303334682523268,0.33551461674386396,-0.010570374662507948,-1.2074656163494109,-0.26901659617645174,-0.23530621677699845,-0.3031444720526456,-0.7468454405673232,-0.8382632757759385,-0.7503103839362503,-0.8517177868814804,-0.2664396661441288
13.33,0.3294189451425655,0.33535578715660785,-0.023985565967183833,-1.2526166572486925,-0.27149197354998644,-0.23836279701663804,-0.30140902010024734,-0.7509107811733026,-0.8463946608397204,-0.7590574280961573,-0.8419807924465973,-0.2528483661050855
13.34,0.3284769870761491,0.3351264199694973,-0.028059432693291166,-1.2456842984186436,-0.27390359389220575,-0.24135672104459108,-0.2926432918424511,-0.7343620231035047,-0.8544347470341962,-0.7677371754467661,-0.8376394229046449,-0.24852778919055754
13.35,0.32750843642718824,0.3348283802868714,-0.03666311102786737,-1.2533462208918564,-0.27625154908571015,-0.24429083807650542,-0.2858115684765064,-0.7599431201552489,-0.8623811790379102,-0.776347781671898,-0.8323375741083567,-0.25854805154178667
13.36,0.32651414075526725,0.3344638613443923,-0.03972696499730973,-1.2645090113093644,-0.27853594988430097,-0.2471648615567057,-0.28203053304696085,-0.7334831156757694,-0.8702316250771998,-0.7848867701625996,-0.8277783953897249,-0.2595868400419873
13.370000000000001,0.3254949525809465,0.3340391378536217,-0.047289949470991695,-1.2443089487437808,-0.2807569258456465,-0.2499780611849049,-0.2735628956898054,-0.7496004670993383,-0.8779837778187419,-0.7933516752183879,-0.8165601265567584,-0.2472872502564013
13.38,0.3244517291600752,0.3335513631574396,-0.05226997678311867,-1.2336468261350881,-0.28291462525815336,-0.25272956781567946,-0.2672566063393897,-0.7539402978314267,-0.8856353552530394,-0.8017395540982063,-0.810361501982821,-0.24972402028296753
13.39,0.32338533225696664,0.33300662591391905,-0.05765355916515024,-1.2182337188818377,-0.2850092150620772,-0.2554207570878335,-0.26413859092370284,-0.7537895958454114,-0.8931841015685019,-0.8100485333020551,-0.8003889320629359,-0.2651323077170279
13.4,0.3222966279165046,0.3324089660095893,-0.062249417509350535,-1.220808311205645,-0.2870408807649045,-0.2580509709712832,-0.2583575625559375,-0.7455353569049841,-0.9006277880157365,-0.8182759985456751,-0.7973778448707681,-0.27925566489018533
13.41,0.3211864862352248,0.33176173399166536,-0.06537690916337764,-1.2342070313505178,-0.28900982635101763,-0.26061977880586906,-0.25275668353382624,-0.7570769041520297,-0.907964213761739,-0.826419418535999,-0.786110855132038,-0.27594409004476333
13.42,0.3200557811314334,0.3310678455850694,-0.06735342644034678,-1.2217164367411424,-0.29091627418568455,-0.26312691584885883,-0.24367202835034432,-0.7413112923434081,-0.9151912067336252,-0.8344763276731896,-0.7746516361384659,-0.26866245143068057
13.43,0.3189053901144226,0.3303300549343374,-0.07734019800537396,-1.2104309847827273,-0.2927604649134002,-0.2655722482469807,-0.23712592872204452,-0.7596474381326467,-0.9223066244515574,-0.8424443204978879,-0.7692069469373446,-0.2723212792751976
13.44,0.31773619405283715,0.32955081759941296,-0.0795026477532174,-1.2040138139439456,-0.29454265735061164,-0.26795563287917384,-0.22920434195005174,-0.7414030311093263,-0.9293083548505561,-0.8503210081571948,-0.7609740523699605,-0.27573146326926484
13.450000000000001,0.31654907694224266,0.3287380272772971,-0.08367895254683189,-1.2177731820908102,-0.29626312837286045,-0.27027827804820787,-0.22885050352958705,-0.7292718300817421,-0.9361943170908342,-0.8581044714069406,-0.7495206725790435,-0.2697906073840736
13.46,0.31534492567197425,0.32788386042042456,-0.08859070727064926,-1.2171050240481227,-0.29792217279638755,-0.27253654231758806,-0.21906921295158535,-0.7513755937421288,-0.9429624623563541,-0.8657911880856047,-0.7453299223962383,-0.26951384639501547
13.47,0.314124629791299,0.3269934722913372,-0.08979611095052212,-1.2068312236907226,-0.2995201032542223,-0.2747335188433884,-0.21642756204684574,-0.7493265143626604,-0.9496107746412892,-0.8733798671664885,-0.731071243601036,-0.28563555312952604
13.48,0.3128890812749604,0.32607622467186137,-0.09354220183960149,-1.2373265673068867,-0.3010572500668059,-0.27687141453844993,-0.20997371868086154,-0.7507582336250629,-0.9561372715240457,-0.8808689206569411,-0.7235679632450492,-0.2725697394040581
13.49,0.3116391742881733,0.32512370074516284,-0.09862227040401297,-1.2152380106586749,-0.3025339611071975,-0.2789430917386907,-0.20131422296210807,-0.7547168820917823,-0.9625400049285635,-0.8882539404650864,-0.7149191715723723,-0.27286943832190796
13.5,0.31037580495111183,0.32413931184056166,-0.10041945713105817,-1.1938966674932137,-0.30395060166088694,-0.280954278940318,-0.19639042412643984,-0.7526709458799479,-0.9688170618725824,-0.8955343589125709,-0.6994667649586064,-0.2702368402473612
13.51,0.3090998711029498,0.3231261262378967,-0.10262102954191285,-1.2047261673223986,-0.30530755428027456,-0.2829044344826749,-0.19161013936849208,-0.7459545455952341,-0.9749665652025613,-0.9027078633270943,-0.6917927336411519,-0.2714123681768567
13.52,0.30781227206552986,0.3220933348020645,-0.10893426829778986,-1.2034845850289553,-0.3066052186338587,-0.284795009460396,-0.1873471005200317,-0.7498203131765515,-0.9809866743149733,-0.9097727405450571,-0.6824667806435136,-0.2706561024411654
13.530000000000001,0.3065139084066999,0.3210318541221652,-0.10800135751278117,-1.2028364396372335,-0.3078440113501778,-0.2866231579870643,-0.18312840360517327,-0.753004405669562,-0.9868755858636796,-0.9167255785321544,-0.6693483228898469,-0.26695056773211445
13.540000000000001,0.30520568170337986,0.31994677060964777,-0.10903227086850006,-1.2113269369091264,-0.3090243658565597,-0.2883887961503656,-0.1728701856341402,-0.763988664419397,-0.9926315344530854,-0.9235651999863785,-0.6613793399135861,-0.277012083790131
13.55,0.30388849430443343,0.31883696501729586,-0.11163367431605144,-1.1939935814639897,-0.31014673221272815,-0.29009428305548723,-0.16630564760198321,-0.7650952546500432,-0.9982527933168333,-0.9302892495904879,-0.6493803217884424,-0.28052166134578693
13.56,0.30256324909337495,0.31770558018756284,-0.11290923721620325,-1.19604597256762,-0.3112115769393174,-0.29173992112213254,-0.1630840653549515,-0.779204886137658,-1.0037376749817195,-0.9368960650361055,-0.6373081757074311,-0.28304543309249686
13.57,0.3012308492510024,0.31655451292169495,-0.11335474837527557,-1.194948511226286,-0.3122193828413527,-0.29332565479299133,-0.1531885123268449,-0.7596307743462344,-1.0090845319166,-0.9433835766107378,-0.6233030451137155,-0.26785887639132533
13.58,0.29989219801799166,0.3153852987353168,-0.11676609928525218,-1.2047252997651599,-0.3131706488267446,-0.2948516884135666,-0.14977059171827706,-0.7673580826329278,-1.0142917571660126,-0.949749816661313,-0.615122965123239,-0.30935621981333866
13.59,0.298548198457515,0.31419922321699784,-0.12253155650765482,-1.1965547912850216,-0.31406588971987326,-0.2963182601684403,-0.14673194514494153,-0.7645259022992028,-1.0193577849682538,-0.9559928625129278,-0.6026431973044073,-0.2896043781760103
13.6,0.29719975321795866,0.312997464588168,-0.12059187029394657,-1.1801991624026544,-0.31490563607029587,-0.29772573733347113,-0.13546134201672283,-0.7532167645422242,-1.0242810913576803,-0.9621108532658622,-0.5875818508366779,-0.28499992152142156
13.61,0.2958477642957772,0.31178121876656284,-0.12309901706855833,-1.1945500538671112,-0.31569043395665797,-0.2990744762053295,-0.13092143197144432,-0.7530243833001757,-1.029060194750979,-0.9681019640009946,-0.5788924349738273,-0.28728526974803786
13.620000000000001,0.29449313279855505,0.3105515659436323,-0.12159665369933413,-1.1984850147738229,-0.31642084478586224,-0.3003648767214053,-0.1252662542413754,-0.781929334189082,-1.0336936565171724,-0.97396440305328,-0.5630099731898927,-0.29283335634453644
13.63,0.29313675870833306,0.3093096364751759,-0.1250811634437537,-1.1824067842661454,-0.3170974450875557,-0.3015973527362233,-0.11919931079115473,-0.7435073422853247,-1.038180081531136,-0.9796964278842122,-0.5566264215343972,-0.28914951812022527
13.64,0.29177954064525835,0.3080564368633038,-0.12253319023478763,-1.1970427736946854,-0.3177208263040123,-0.30277232318696845,-0.11567541564519267,-0.7796451947019967,-1.0425181187104022,-0.9852963187809172,-0.5401107284863548,-0.2856187925558888
13.65,0.29042237563161033,0.30679303770340777,-0.1301272856473782,-1.2064351708967576,-0.31829159457546014,-0.303890256356201,-0.11084215858602965,-0.7639212747745473,-1.0467064615350337,-0.9907624107890067,-0.5244533217467717,-0.2843487970801815
13.66,0.2890661588562772,0.3055205507757256,-0.12772283705336954,-1.1842133656897837,-0.3188103705209352,-0.30495164994386575,-0.10312121162839652,-0.7731019787272518,-1.050743848550363,-0.9960930779746483,-0.5139999497582892,-0.28827457820455066
13.67,0.287711783439719,0.3042399286951239,-0.12546466561241243,-1.186263941777984,-0.31927778901471765,-0.3059569330397342,-0.09869962889777596,-0.7803628135219368,-1.0546290638523856,-1.0012867123276563,-0.5026834097497764,-0.2768465368754668
13.68,0.28636014019949146,0.3029522370498542,-0.12810062964479582,-1.1912117356177947,-0.3196944989584425,-0.3069066425784335,-0.09045252447361005,-0.7664194814975369,-1.0583609375556273,-1.006341774370631,-0.48642567605266746,-0.3209662090465683
13.69,0.2850121174163919,0.301671481978644,-0.12834634865128688,-1.2019949864596884,-0.32006116304892784,-0.3078041133414461,-0.08337420061051516,-0.7697942257622364,-1.0619383462432856,-1.0112576047722344,-0.47146107511555707,-0.2984739106996606
13.700000000000001,0.28366860060126686,0.30037554307327696,-0.12739108951853217,-1.192118742892582,-0.3203784575418168,-0.3086417348539713,-0.08216205040227446,-0.7760525521719637,-1.0653602133994675,-1.016030315389339,-0.45868370098503325,-0.3066220666989429
13.71,0.28233047226255575,0.29907261983460787,-0.128019270237561,-1.18509782858009,-0.3206470720110961,-0.3094269168084874,-0.08200170935037668,-0.7887717609353936,-1.0686255098233528,-1.0206604627956715,-0.44556229992287183,-0.30747119048939164
13.72,0.28099861167462736,0.2977654970019561,-0.13016251871129725,-1.1763008536989932,-0.3208677091045704,-0.31015935201526623,-0.07346777359858661,-0.7714075335120931,-1.071733254025118,-1.0251464266739965,-0.4328003910708012,-0.3098131100770665
13.73,0.27967389464695364,0.2964558492460978,-0.13311315053915948,-1.1934028056450232,-0.3210410842953717,-0.3108391788425916,-0.07093264153044986,-0.7888497751194185,-1.0746825126034532,-1.029486744535017,-0.4158357593068652,-0.2968865661418299
13.74,0.27835719329419256,0.2951449088940954,-0.12912626020996007,-1.195179803060143,-0.32116792562957464,-0.31146684208721453,-0.06704964820005925,-0.7804063537920939,-1.077472400604531,-1.0336800727300064,-0.40527244131164036,-0.2982434461674289
13.75,0.2770493758072318,0.2938336592676397,-0.12824460431092355,-1.1854467857426154,-0.3212489734700046,-0.31204286702953266,-0.05773696109480344,-0.7753396074398561,-1.0801020818622766,-1.0377251328617318,-0.3872999226242872,-0.310279168862378
13.76,0.2757513062252473,0.2925230747617324,-0.12776780653268155,-1.185924493957714,-0.3212849802363166,-0.31256786240035167,-0.05490459147489702,-0.7969379683719643,-1.0825707693198041,-1.04162070994889,-0.3756289250386443,-0.2986124199807419
13.77,0.2744638442088351,0.29122250154611273,-0.13012401703169052,-1.208711548290396,-0.321276710141419,-0.3130442949730553,-0.04979242935394773,-0.7907596911163001,-1.0848777253318946,-1.045366176186033,-0.3636324995377516,-0.31136650142233324
13.780000000000001,0.27318784481427766,0.28991803163272484,-0.13082348608834327,-1.2003626855377096,-0.32122493892434645,-0.31346758407775394,-0.0435839105569892,-0.7991291508725757,-1.0870222619483836,-1.0489589056985906,-0.34552159249906395,-0.2983727863391791
13.790000000000001,0.27192415826899025,0.2886151820857466,-0.12683719576319608,-1.182885122252537,-0.32113045357963615,-0.31384275015113317,-0.036538966766787945,-0.8032249602676196,-1.0890037411783577,-1.0523990509345207,-0.3298354037646625,-0.31054334649497484
13.8,0.27067362974821707,0.2873160103150164,-0.12899900351956706,-1.1841638202179956,-0.3209940520833176,-0.31416993791248904,-0.03165346871601065,-0.759442658469595,-1.090821575235045,-1.0556854404733884,-0.3167727363433097,-0.3122464893058965
13.81,0.2694370991530167,0.2860218793044293,-0.12876797800060627,-1.1852108931452214,-0.32081654311558516,-0.3144495627497409,-0.02441086402850525,-0.7811522710181433,-1.0924752267613027,-1.0588170197235711,-0.3061773066805945,-0.3350708630256289
13.82,0.2682154008896047,0.28473385282300373,-0.13096137151322756,-1.1795473902538194,-0.3205987457802543,-0.31468220163638455,-0.022836801603948003,-0.776970136275259,-1.0939642090356159,-1.0617928245919652,-0.28699421855481994,-0.3194190203811955
13.83,0.26700936365010397,0.28345284477954774,-0.12932364500854843,-1.1970480781650705,-0.32034148932107676,-0.3148685509611822,-0.021180154787648047,-0.8024175602883831,-1.0952880861585175,-1.0646119569140653,-0.2731763148657302,-0.30530750575187776
13.84,0.26581981019475454,0.28217977161951746,-0.1238118014663484,-1.1750372832930376,-0.32004561283501154,-0.3150093132920386,-0.012186955255029861,-0.8085636073011467,-1.0964464732193628,-1.0672735727465998,-0.25282995830181254,-0.32832671097546967
13.85,0.2646475571356422,0.28091548834881663,-0.1278394221754176,-1.1837639398512623,-0.31971196498254073,-0.31510522378194483,-0.012950536054596227,-0.7980279819444278,-1.097439036443385,-1.0697768820979014,-0.24368731597364474,-0.3097037394839647
13.86,0.2634934147219902,0.2796608702359102,-0.12106209343734624,-1.1668629297366164,-0.3193414036951129,-0.3151570312107374,-0.005061704473262151,-0.7986647780396317,-1.0982654933189757,-1.0721211394053227,-0.22529085888856745,-0.33802715059494115
13.870000000000001,0.26235818662708377,0.27842143720911255,-0.1217584061039487,-1.2036426980181725,-0.31893479587982526,-0.31516691242311223,-0.0015929620582847111,-0.8020831309251529,-1.0989256127051399,-1.0743060398281468,-0.21223770952177476,-0.33955479725657944
13.88,0.261242669736862,0.27720682525488405,-0.12217896712346392,-1.1446563941403403,-0.31849301712141553,-0.3152675247761051,0.0013033055601541596,-0.6916491851879417,-1.0994192149190811,-1.0763276566630828,-0.1982504167998073,-0.311494317495775
13.89,0.26014765394024175,0.2760092849482136,-0.12064322189523911,-1.4284553497949468,-0.3180169513816617,-0.3154477518010604,-0.00682678454178816,0.366730618414692,-1.0997461718038815,-1.0781812514580553,-0.18480056598009129,-0.41398687913866367
13.9,0.25907392192122136,0.27480867117830327,-0.12231752431816216,-1.3687325656250757,-0.3175074906963018,-0.31558303248788816,0.0005779918414697519,0.4582870347174493,-1.0999064067762512,-1.079883059103834,-0.17017228432330717,-0.40059327561729624
13.91,0.25802224895281467,0.2736113214085076,-0.1230762229541957,-1.359801693843376,-0.31696553486954115,-0.3156601505624181,0.005369466844595798,0.4496482453567902,-1.0998998948543273,-1.0814248264644943,-0.1543240252583197,-0.4069408424360665
13.92,0.2569934026928711,0.2724398416622721,-0.11070274571509982,-1.0343399802469948,-0.31639199116626704,-0.3157843653718104,-0.026270748739956436,-0.38698846003193005,-1.099726662665509,-1.0827895671953525,-0.12627392309171642,-0.288777654526109
13.93,0.25598814298182926,0.27126002929624804,-0.11822793456746693,-1.307016965871515,-0.3157877740020498,-0.3157680902343271,0.013526285320935668,0.4947999319277923,-1.0993867884343307,-1.0840210293629489,-0.12406767352401189,-0.3998621994856605
13.94,0.2550072216424482,0.27013255143924125,-0.10806691395075003,-1.0876542254549426,-0.31515380463103876,-0.3157745332572004,-0.012545492234200074,-0.37447600537096515,-1.0988804019503744,-1.0850617742303448,-0.0937678818991719,-0.2697574978312099
13.950000000000001,0.2540513822815826,0.2689915645258097,-0.11456354451069226,-1.3083734498874386,-0.3144910108318409,-0.31563315198438685,0.025558654403462083,0.4763539023068807,-1.0982076845162339,-1.0859649199242796,-0.09283486357038606,-0.40841021977159575
13.96,0.2531213600940365,0.26788219209314346,-0.10678080585211322,-1.0304027253309003,-0.31380032659149526,-0.3155166207853921,0.00019308080240777476,-0.37339677351946615,-1.097368868875555,-1.0866757107517957,-0.06319199084130325,-0.2642812400233847
13.97,0.25221788166854187,0.26679065612544467,-0.10402948418140572,-0.9977435662956364,-0.31308269178762466,-0.31537632610758654,-0.0001631195746537104,-0.3085202805654644,-1.0963642391211788,-1.0872355414246113,-0.05013736065244717,-0.2662349120836272
13.98,0.25134166479592956,0.26571170925555204,-0.10367613980746937,-0.97429195848194,-0.31233905186887356,-0.3151832088060218,0.005758800914999781,-0.3176803528380052,-1.0951941305834247,-1.0876328443564693,-0.030987827232390654,-0.25427326151545454
13.99,0.2504934182795212,0.2646667705207188,-0.10457975877243265,-1.2308840010141724,-0.3115703575337378,-0.3150648815415374,-0.000573289106696415,0.5097348614688092,-1.0938589296985577,-1.0878587608727295,-0.016253344414061094,-0.3947683395014255
14.0,0.24967384174779106,0.2636511615757939,-0.09908085898526421,-1.22444837287777,-0.3107775644078694,-0.31503107602850666,0.005009772458038042,0.8490097401810853,-1.092359073857497,-1.087923226768296,-0.0076957004545976475,-0.34311222082944015
14.01,0.24888362546936027,0.26264386991855354,-0.09689833586577717,-1.190246209116103,-0.3099616327199787,-0.3149309767516949,0.007431126476085833,0.8459144995941825,-1.0906950512348195,-1.0881202996101833,0.0050366480758126855,0.254112715897833
14.02,0.24812345017035073,0.26172654933244666,-0.09302717264515503,-1.2950886492418434,-0.3091235269764165,-0.31478139332645455,0.01602523089456026,0.8901249044438144,-1.0888674005981345,-1.0882624669626633,-0.03243729187349218,-0.240473405816452
14.030000000000001,0.24739398685414857,0.2607654449465468,-0.09604362877297178,-1.2263372549551599,-0.3082642156345501,-0.3145451339281235,0.020352895241075517,0.824007324422169,-1.086876711097902,-1.088088646125455,0.037315935182794094,0.25591050633402285
14.040000000000001,0.24669589662363717,0.25981749693864414,-0.08897411397449596,-1.1695163364180747,-0.3073846707750309,-0.3142457746819474,0.02852253815436105,0.8423003834283144,-1.0847236220377794,-1.0879791802429373,-0.0014268603836492515,0.25460009962197394
14.05,0.2460298305059179,0.2588878503375538,-0.0910628396831015,-1.1513920487300373,-0.3064858677730538,-0.3138970795434452,0.032361455621418705,0.8828359352517328,-1.0824088226255897,-1.087689969509708,0.01659708330893992,0.35174550283732287
14.06,0.2453964292795819,0.25798288082476184,-0.08821604136021008,-1.1263088702022166,-0.30556878496872064,-0.313496300968827,0.03897512204829163,0.8782657405977328,-1.0799330517050125,-1.0873370955256023,0.0326924469244266,0.365607048778094
14.07,0.244796323304575,0.25710248957536835,-0.08636636222130113,-1.1293167365406185,-0.30463440333659775,-0.3130464961404397,0.04482673301619516,0.9157436613635745,-1.0772970974681018,-1.0867678142044712,0.05354625582515541,0.33556966122248694
14.08,0.24423013235468297,0.2562532030364434,-0.08346292485298756,-1.1486308893339254,-0.3036837061545782,-0.3125504350246228,0.04789800591588737,0.8838261583456849,-1.0745017971487525,-1.0859874225661024,0.07668184378052824,0.34954284837926297
14.09,0.2436984654526932,0.25543093999999295,-0.07663500637322654,-1.1153225090208705,-0.30271767867215776,-0.31200784247729135,0.052445796901714234,0.8711500128724293,-1.0715480366972336,-1.0850000750336157,0.09507398730094499,0.35215951411494484
14.1,0.24320192070827398,0.25463788171837265,-0.07113553729177403,-1.1211430020443394,-0.3017373077782125,-0.3114238011211724,0.05625404551380983,0.883143743773627,-1.0684367504359165,-1.083811005042354,0.11552709366168168,0.33148738878731715
14.11,0.24274108515859807,0.25387521944534297,-0.07428866719384213,-1.1181529037440348,-0.30074358166840126,-0.3108006770655403,0.060405929185865515,0.8862188732141844,-1.0651689206963488,-1.0824244469010686,0.13510810914850838,0.34506037643535825
14.120000000000001,0.24231653461176414,0.25314371225664384,-0.0686004126702883,-1.130274052754401,-0.2997374895122805,-0.3101409418230553,0.06535738397842722,0.8740524753889691,-1.061745577437803,-1.0808443738536788,0.15576585865480008,0.33628344392823545
14.13,0.24192883349305191,0.25244392636887963,-0.06518005430807973,-1.1257991124294513,-0.2987200211202457,-0.3094469261912117,0.06833145509359399,0.8697446310031288,-1.0581677978474702,-1.0790744967665815,0.17266734882448487,0.32661324735611447
14.14,0.2415785346940394,0.25177641257679356,-0.061822914461256984,-1.1427462785561189,-0.29769216661039677,-0.3087209535601389,0.06883693781164052,0.8597602583452063,-1.0544367059224427,-1.0771182996655193,0.19487838718077918,0.3354033366176982
14.15,0.24126617942463882,0.2511416405855439,-0.06179066335831068,-1.1324330535147034,-0.29665491607544203,-0.30796516865453566,0.07329282953877721,0.8674128344871951,-1.0505534720336664,-1.0749790370347443,0.20511116801208562,0.336319040064413
14.16,0.24099229706806632,0.2505401174049412,-0.05980536749691458,-1.1382812371288424,-0.295609259249731,-0.3071816386203008,0.07867976782825246,0.8780622324892968,-1.046519312472036,-1.0726597765325832,0.22943280992801882,0.326798782273955
14.17,0.24075740503879592,0.2499722730398518,-0.05521165666007737,-1.135844819959784,-0.294556185176528,-0.30637228756329327,0.07997818966697505,0.8664243243924508,-1.0423354889768084,-1.0701634053034932,0.24241193335286942,0.3093165901895387
14.18,0.2405620086435342,0.24943971463426934,-0.04845461723056222,-1.1489925156542118,-0.29349668187563566,-0.3055397058870135,0.08606186852710031,0.8767645548594644,-1.038003308246529,-1.0674928052783659,0.26178327209000735,0.3087526170380194
14.19,0.2404066009452355,0.24894171701215026,-0.047614399903157655,-1.121523340700556,-0.2924317360114566,-0.30468380881946766,0.0849433881423018,0.8723131560030367,-1.0335241214326722,-1.0646502462982226,0.2766167162048477,0.32041386216711604
14.200000000000001,0.2402916626302094,0.24847965033304414,-0.04355584210805163,-1.1341713163557048,-0.2913623325616167,-0.3038083220667487,0.08375096016832215,0.8682081971425233,-1.0288993236161867,-1.0616385847051781,0.2900716959514356,0.31824628341422084
14.21,0.24021766187834104,0.24805236183990884,-0.037779499551772754,-1.1225790330933811,-0.2902894544862357,-0.30291306134230633,0.09030316927331941,0.8475592039938536,-1.0241303532671708,-1.0584598252884843,0.3073608514955243,0.3159925989856265
14.22,0.24018505423646247,0.2476606728007204,-0.035976578278205384,-1.1367228695598843,-0.2892140823979606,-0.30200088366523237,0.09189417535179946,0.8567732857052565,-1.019218691687882,-1.055116565253898,0.32023167665621105,0.3307891005123959
14.23,0.24019428249490482,0.24730651506650897,-0.03363208885728104,-1.1338736431493364,-0.2881371942328592,-0.3010735473013217,0.09514231933823307,0.8400949363254858,-1.0141658624393102,-1.0516111179173033,0.339885846837744,0.30714842938560416
14.24,0.24024577656726198,0.24699062472391045,-0.031143979955376832,-1.1343310212928546,-0.2870597649222769,-0.30013200052095,0.0927854892429618,0.8738476620842338,-1.0089734307515512,-1.0479455011975587,0.3567550810571155,0.3203961847227114
14.25,0.24033995337339603,0.24671138030397963,-0.030419186326112468,-1.1320121508031489,-0.2859827660657663,-0.2991762953633987,0.09422326991343007,0.8562485390998327,-1.0036430029182046,-1.0441215420913055,0.3692516115248359,0.3120048381852451
14.26,0.24047721672571373,0.24646935498085812,-0.024865757145952454,-1.1283337660765076,-0.2849071656051765,-0.2982095182128736,0.09517212470269985,0.8386138662991808,-0.9981762256750455,-1.0401416537771198,0.38475749648802143,0.32706813065639984
14.27,0.24065795721874164,0.24626568458250006,-0.017789412551094487,-1.1478753530516104,-0.2838339275000244,-0.29723277225518624,0.09533787801492824,0.8555296022467186,-0.9925747855632248,-1.0360078543586009,0.39783016104187624,0.3069084814443298
14.280000000000001,0.24088255212202858,0.24610109912685674,-0.01675427532502354,-1.1249258546711465,-0.2827640114042309,-0.2962471793895959,0.09557068865179526,0.8634397316033056,-0.9868404082772453,-1.031722103243995,0.41624496422209517,0.30296367805576935
14.290000000000001,0.2411513652764009,0.24597610710472192,-0.009431873348831147,-1.1261504114341456,-0.28169837234433176,-0.29525394041642194,0.09761035861609703,0.8443339570840295,-0.9809748579979807,-1.0272863573147475,0.4269092914456879,0.3128124172134955
14.3,0.241464746993597,0.24589120444675058,-0.006657400196305013,-1.122334471499782,-0.280637960399268,-0.29425426495157975,0.09990814051479034,0.8289386392141777,-0.9749799367110005,-1.0227025747600713,0.4442727011488175,0.29861122728309825
14.31,0.24182303395930801,0.24584703090423013,-0.0028081379403849215,-1.1043202366591869,-0.2795837203818443,-0.29324943152185434,0.09377860305707912,0.8444540388806351,-0.968857483510481,-1.017972719715273,0.4559990265508955,0.3104405837790909
14.32,0.24222654913964173,0.24580445985867408,-0.018426583454684956,-1.1181003954803934,-0.27853659152196564,-0.2922028394615589,0.11643089870018708,0.8361301446743886,-0.9626093738889806,-1.0130954952052085,0.47201778246018355,0.32129511140266903
14.33,0.24267560169104516,0.24573349577262754,-0.01548795304339663,-0.9399467516709659,-0.2774975071517421,-0.2911741873079036,0.11582199510204118,0.9014786263798519,-0.956237519013359,-1.0080740202907106,0.4878204105015991,0.32049230633351417
14.34,0.24317048687369786,0.24567677746143946,-0.017177705508505434,-0.8508824646997829,-0.27646739439257245,-0.2901574761416989,0.11414792909700303,0.933709857198985,-0.9497438649871323,-1.0029162037695862,0.49512176484044335,0.3120774362343545
14.35,0.2437114859683987,0.24563154096820103,0.0014941481936209988,-0.4563923858945909,-0.27544717384429024,-0.2891526199026094,0.09115089735938967,0.907608304493226,-0.9431303920995734,-0.9976169671682772,0.5135514997633384,0.3079932663396219
14.36,0.24429886619697452,0.24558153866665358,0.0014511480208794696,-0.045772174409882196,-0.27443775927647673,-0.28812581644531304,0.09706039622780689,0.5504993785518421,-0.936399114061838,-0.9921837143640487,0.5250076337021317,0.30141250804488745
14.370000000000001,0.2449328806462234,0.24556023112814693,0.002871678046011796,0.03428779412750627,-0.27344005732204185,-0.2871173122714405,0.09163007985997451,0.6092368640308977,-0.929552077230434,-0.9866185874385817,0.5389620429573423,0.3037361636992108
14.38,0.24561376819540956,0.24553549139407752,-0.001990801824519727,-0.16360755429849994,-0.27245496717315854,-0.2860851991580098,0.10871613782552393,1.0011234064576064,-0.9225913598183589,-0.9809186790313834,0.5497744414037248,0.2987378986414567
14.39,0.24634175344733908,0.24557865855077263,0.011813759486614424,0.2822340287128634,-0.2714833802796501,-0.2851031704196818,0.09028450905203043,0.6526915050873667,-0.9155190710941888,-0.9750914210632682,0.5672407891329191,0.3279865784977077
14.4,0.2471170466630215,0.24563217812547175,0.016143366682130005,0.5255606573196135,-0.27052618004993134,-0.2840942679091879,0.0892803622507679,0.6128828111467555,-0.9083373505694726,-0.9691323490390932,0.5762494523994998,0.2629793864617583
14.41,0.2479398436999397,0.24567601718950996,0.0018392669894442336,0.5086569743380993,-0.2695842415545849,-0.2830745190957125,0.1064562043755888,0.7224367489513572,-0.9010483671747467,-0.9630478039269775,0.5879954592744043,0.2966463473956295
14.42,0.24881032595394492,0.24573279062567482,0.0007779853720887885,0.8031206644312994,-0.26865843123267474,-0.28207674234548463,0.10501348623689678,0.7101209930182089,-0.8936543184244906,-0.9568371766740921,0.6010481873877683,0.29156557546360107
14.43,0.2497286603047858,0.2457420300098883,0.003818244227273582,1.1378555722367114,-0.2677496066008824,-0.2810761767110737,0.1009982833708661,0.8089091018297601,-0.8861574295713772,-0.9505002611696003,0.6128664212903421,0.2731064129935976
14.44,0.25069499906529036,0.2457875251863445,0.008116198492664673,1.3077845428955963,-0.26685861596556587,-0.28011325899005424,0.10147423118648795,0.8524822514366425,-0.878559952750142,-0.94405158983356,0.6232544716288035,0.2962090636029779
14.450000000000001,0.2517094799342141,0.24590277937147642,0.012815023886870136,1.3369057778669404,-0.26598629813781643,-0.27916928546198144,0.09315020686089272,0.8625226929712236,-0.8708641661114163,-0.937487729075773,0.637167072311225,0.28711787217974166
14.46,0.2527722259527583,0.24609904121108422,0.020640007667283074,1.3643759936526414,-0.2651334821516228,-0.2782371820277602,0.09128153954271603,0.8635095645718655,-0.8630723729458943,-0.9308083412834278,0.6474592735552072,0.2711713087607291
14.47,0.2538833454647802,0.24637865425186398,0.03095738903712415,1.3798238200344872,-0.26430098698520493,-0.2773148803821848,0.09173775943008948,0.8648802193987493,-0.8551869007991423,-0.9240146217250575,0.6584292442650013,0.28578455811555126
14.48,0.25504293208069895,0.24674047105351132,0.03815153903507106,1.362041676867978,-0.26348962128563064,-0.276402337423114,0.08815446165006337,0.8669153347949371,-0.847210100577447,-0.9171084051277837,0.6643507140329663,0.2805295792232969
14.49,0.2562510646451043,0.24718210251142414,0.04857080778709043,1.342218979611519,-0.26270018309678544,-0.2755003188972195,0.09065143555339834,0.8643883121478333,-0.8391443456450445,-0.9100917985359828,0.6763804382532296,0.29342271857930513
14.5,0.25750780720808436,0.2477008610357878,0.05264159016592292,1.3592034255017664,-0.2619334595907823,-0.27460991107472416,0.08852326943481449,0.8458497971114481,-0.8309920309130842,-0.9029670333149786,0.6904177027730651,0.28789973569312227
14.51,0.2588132090002704,0.24829405666279497,0.06057271716169055,1.3432522097114987,-0.26119022680290066,-0.27373224047034767,0.0865560976098637,0.8440710729178729,-0.8227555719207128,-0.8957363830198344,0.6960025140466168,0.27829911248725214
14.52,0.2601673044116122,0.24895914735394986,0.06854798797221728,1.3635017422249978,-0.2604712493701306,-0.2728684697249194,0.08726087108872731,0.8478659345743488,-0.814437403908627,-0.8884021568420469,0.7125897310569026,0.28016480953467265
14.530000000000001,0.2615701129738872,0.24969380886379805,0.07653673941426223,1.3720391751133105,-0.25977728027341396,-0.2720197490214821,0.08506765846364746,0.8526123123510051,-0.806039980885475,-0.8809666851963933,0.7198345688588467,0.2869233123085501
14.540000000000001,0.26302163934694367,0.250496042391573,0.0841196944494253,1.3464566570914531,-0.25910906058365046,-0.27118720304178173,0.08250244299932517,0.8408336949105661,-0.7975657746874987,-0.873432318729104,0.7322362917303238,0.260609378609862
14.55,0.2645218733086905,0.25136396169475195,0.08911701226441074,1.357948115365824,-0.2584673192115585,-0.2703718435130052,0.08251671152996362,0.8490557605964404,-0.7890172740317505,-0.8658014018932464,0.7380326233466394,0.2796524933038751
14.56,0.26607078974882803,0.25229584445757247,0.09613064633572556,1.3451449250316103,-0.25785277266146367,-0.2695746981660855,0.08338440516542896,0.8501273313758877,-0.7803969835633091,-0.8580763027405137,0.7448181391223322,0.26492187408533235
14.57,0.2676683486663251,0.2532901247433534,0.10313168772475188,1.3393575284393664,-0.2572661247890927,-0.2687967442269488,0.07885236389383832,0.8296958866120815,-0.7717074228968586,-0.850259398742305,0.756801391955336,0.2972472191900077
14.58,0.26931449517064354,0.25434199480950137,0.1064924518092558,1.3860166858136496,-0.25670806656345013,-0.2680366926205734,0.07599986701109945,0.7941275472814514,-0.7629511256530069,-0.8423525193032175,0.7650556498371046,0.2622609799490202
14.59,0.27100915948671,0.2554543028262146,0.11399347548313436,1.3500332654360372,-0.25617927583285305,-0.26730151461469126,0.0728606747726541,0.8364125907341395,-0.7541306384897385,-0.8343595328320731,0.7744679350089086,0.2649167049360681
14.6,0.2727522569636309,0.25662741925863664,0.12063795130218072,1.3655856274273375,-0.2556804170951919,-0.2665874467892553,0.0723593871972242,0.8410782679313796,-0.7452485201293998,-0.8262818795182708,0.7790074228770669,0.28186065447831254
14.61,0.2745436880871557,0.2578589962672998,0.1256232249586597,1.3366267335896338,-0.25521214127249486,-0.26589573250346726,0.07170104912056843,0.8433554828264476,-0.736307340381581,-0.8181219244264634,0.7846717997168585,0.27243016868249786
14.620000000000001,0.2763833384958756,0.2591475743415385,0.13123973213872117,1.3395837779153068,-0.2547750854898625,-0.26522744749623817,0.06945770702475453,0.8408577088636655,-0.7273096791623163,-0.809882195342207,0.7908296715448923,0.25914755687479873
14.63,0.278271079001163,0.2604885455938084,0.13601251071235423,1.3746229158693462,-0.25436987285884705,-0.26458191166538403,0.06710444906733214,0.8334020909820651,-0.7182581255099786,-0.8015646860894987,0.8041413426335742,0.28634649705219745
14.64,0.2802067656108441,0.2618863583373506,0.142903011591423,1.3365498639699473,-0.2539971122653373,-0.2639644072439555,0.06270282874080287,0.8255556338502812,-0.7091552765982504,-0.7931732489587853,0.8080560904710797,0.2626724544459722
14.65,0.2821902395565944,0.2633360612972066,0.14273971836047178,1.36452041472653,-0.2536573981620202,-0.26337043256096165,0.06299588368454956,0.8313440707365392,-0.7000037367466069,-0.7847087743230529,0.8185245638311155,0.2675738110184067
14.66,0.2842213273250577,0.2648418772845565,0.15427865494690113,1.3386354632808812,-0.2533513103654823,-0.2628059385510948,0.056874949727976847,0.8212433153299836,-0.6908061164286659,-0.7761753275009128,0.8254053408821513,0.27260611971751486
14.67,0.286299840692678,0.26639837580409426,0.15384857341696198,1.3595462008430883,-0.2530794138580155,-0.262266137583122,0.0538974057498003,0.8225018085534008,-0.6815650312788215,-0.7675737366210311,0.8305545926944137,0.28640774078612435
14.68,0.28842557676423236,0.2680100529682479,0.16368826149155072,1.3491295025870902,-0.25284225859419057,-0.26175737654988557,0.056381816298144184,0.8455120442753673,-0.672283101097563,-0.7589082418062412,0.8360177043110583,0.2666341805295034
14.69,0.290598318015062,0.2696348726115767,0.16312861106456317,1.4673180326487607,-0.2526403793122538,-0.2612634152215438,0.047005131075179375,0.8525046350912521,-0.6629629488558685,-0.7501757290078458,0.8407883227710347,0.2530021064381279
14.700000000000001,0.29281783233698977,0.2713353601621364,0.17576270666693358,1.4379784663643767,-0.2524742953504123,-0.2608197811661994,0.048446393769766276,0.8218669817383454,-0.653607199699068,-0.7413906444799333,0.8503916229870622,0.2790855026657154
14.71,0.2950838730879035,0.2730992307385988,0.17712715540420457,1.363216978478469,-0.2523445104680595,-0.26040372456218847,0.044298830891503244,0.8375073970374897,-0.644218479950604,-0.7325473000023005,0.855021369419618,0.2628857215543404
14.72,0.2973961791450127,0.2749204014195892,0.18199718163056167,1.3670145236548674,-0.25225151267200474,-0.26001484310685796,0.04105124861553038,0.8353616139659422,-0.6347994161160329,-0.7236482484001924,0.8576169428195993,0.2738787668011848
14.73,0.29975447496174257,0.27677818039209323,0.1864343753730734,1.39497706156328,-0.2521957740477523,-0.2596521120144139,0.038336335174404636,0.8514676239023665,-0.6253526338877334,-0.7146952386501954,0.8622080439041584,0.278032114852452
14.74,0.3021584706282706,0.2786984416126025,0.19337883235776948,1.3451061993265698,-0.25217775059588876,-0.2593275369327987,0.03607758890072289,0.826106911116062,-0.6158807571506691,-0.7056948741295391,0.8683451586891462,0.25956442279710856
14.75,0.3046078619356809,0.2806712733270644,0.19619934247446721,1.3579424258726909,-0.25219788207362953,-0.2590334389851421,0.032747562650876964,0.8308843907947976,-0.6063864069896218,-0.6966468247594637,0.8722533514835034,0.2548184975645835
14.76,0.30710233044372104,0.2826939166351768,0.2027963995589078,1.3454566149666787,-0.2522565918415704,-0.2587716571749125,0.03161512861937928,0.8125990659756203,-0.5968722006983022,-0.6875540876374009,0.8750363968715426,0.2676371667755413
14.77,0.3096415435521491,0.28476507404314716,0.2117932820327067,1.3297508851969138,-0.25235428671569754,-0.258543305647619,0.026070239241144395,0.8319397354036648,-0.5873407507907165,-0.6784194378996683,0.8823853537985771,0.271549218068516
14.780000000000001,0.31222515457565314,0.2868839369939648,0.21062279549674598,1.3654733890865154,-0.25249135682470036,-0.25834913657836805,0.025220069203778846,0.8347631554954608,-0.5777946640151915,-0.6692455253613949,0.8850737342590747,0.2632169789885579
14.790000000000001,0.3148528028223155,0.28904564503448277,0.2151675116193184,1.3974668589582862,-0.2526681754726282,-0.2581868685821345,0.0185596615710971,0.7817538430079918,-0.5682365403714725,-0.6600341308316393,0.8884939697839398,0.2554550680925879
14.8,0.31752411367562006,0.2912550441526716,0.22200703785004824,1.360717954765177,-0.25288509900694045,-0.2580648812892475,0.016395464452639227,0.8084120735130841,-0.5586689721312366,-0.6507900279048219,0.8919618747077649,0.2671359373641588
14.81,0.32023869867996513,0.29351374120096835,0.22449797423877008,1.3415153703052678,-0.2531424666919877,-0.25797773057497675,0.011177022364735455,0.8287716379073405,-0.5490945428624803,-0.6415143267427608,0.8941676718675479,0.2562275012579398
14.82,0.32299615562967043,0.29581963141,0.23144804912793057,1.3541053130412215,-0.25344060058796414,-0.25792624585803675,0.010595768468786907,0.8269035372892637,-0.5395158264581166,-0.6322095085815138,0.8994625536971166,0.28067059542165285
14.83,0.32579606866145594,0.29815404314738325,0.23699931951412534,1.313093753030039,-0.25377980543536977,-0.2577763301665269,0.007500804545141324,0.7050380469801517,-0.5299353861691934,-0.6228815164815686,0.9015131698636013,0.23442245655027794
14.84,0.3286380083503666,0.30054805048494543,0.23895811516860746,1.2666596536234387,-0.2541603685450192,-0.25766854252223464,0.0019331754049350387,0.7034104992010677,-0.520355773643127,-0.6135261308086534,0.9035490520544105,0.24058729087859965
14.85,0.3315215318091208,0.30297074433376764,0.23413218465599567,1.2915025205298518,-0.2545825596936314,-0.25750925647638206,0.04590691762573431,0.6879671053978874,-0.5107795279673152,-0.6041735381953252,0.8941845881946039,0.23109788077318916
14.86,0.3344461827908606,0.3054513556435258,0.24007589698630913,1.2042077947237997,-0.2550466310250307,-0.25736285636529105,0.04053356626550121,0.6649821641852512,-0.5012091747185248,-0.5947782307496045,0.8991947409275203,0.2309930281904445
14.870000000000001,0.3374114917952759,0.3079691623421848,0.24642807881408818,1.521974509439131,-0.2555528169569977,-0.257231419667747,0.007382589958164447,-0.44162016217629874,-0.49164722501843333,-0.585350255239791,0.9152610231281259,0.334192537476805
14.88,0.34041697617807354,0.31052868701785136,0.2584623158384251,1.5950913344231272,-0.25610133409379054,-0.25720856897545574,-0.006880943303461183,-0.4169939756754899,-0.48209617459571064,-0.5759225558742277,0.9150738323633447,0.34563873786723365
14.89,0.343462140263775,0.31313467130720957,0.25796829514524744,1.2351662125350185,-0.25669238114436743,-0.25713702361933366,0.029951483914895133,0.43627062439320285,-0.472558502854976,-0.566503659414065,0.9039736587008982,0.18470056576030802
14.9,0.3465464754618034,0.3158135251788693,0.2731241223003307,1.4964623641386552,-0.25732613884634103,-0.2572003999771781,-0.02010564652249647,-0.4703772241305122,-0.4630366719530664,-0.5570417953570476,0.9189549341292432,0.3566887615481792
14.91,0.3496694603858358,0.31852006636379643,0.26706150979489995,1.2095001276506974,-0.25800276989568205,-0.2572453092321147,0.017509544573524126,0.39118219545483557,-0.4535331258829237,-0.547605992466759,0.9072576066753681,0.19567188030942098
14.92,0.3528305609763931,0.3212881565567125,0.2817352103215283,1.4824601158187234,-0.25872241888219744,-0.2574273596848,-0.027082954350542296,-0.47211407132728267,-0.44405028956551074,-0.5381343556254183,0.925578214654166,0.34599599066746667
14.93,0.35602923062663827,0.3240801967339969,0.28478802305310535,1.457589525570144,-0.2594852122308039,-0.2575613348534494,-0.03494130320571564,-0.4975802519458708,-0.4345905679500906,-0.5286796477985815,0.9211672108691862,0.3293074420476269
14.94,0.3592649103113452,0.32689694658449964,0.276092374818329,1.4437454484462902,-0.2602912581486153,-0.25765704751211455,0.009087555765976568,-0.5023808737112637,-0.42515634512323963,-0.519250665991324,0.9046200052484554,0.32967004805428146
14.950000000000001,0.3625370287190141,0.3297818324608957,0.29317451405817446,1.4751323945748795,-0.2611406465778584,-0.2578784691710161,-0.04297080459326087,-0.7888476891502763,-0.4157499834269546,-0.5097807564824454,0.9252508304431486,0.27170358219486557
14.96,0.3658450023870981,0.33267354561677015,0.2905539159098331,1.448590165008561,-0.2620334491546389,-0.2579645897093699,-0.0015888291797761709,-0.8443468243101186,-0.40637382258620225,-0.5003633375568253,0.9146792737393323,0.29093904586178854
14.97,0.3691882358403068,0.33563791053607345,0.2927495959005232,1.418008508357191,-0.26296971917356105,-0.25821689063051534,-0.006174907552347858,-0.8336893226648808,-0.3970301788462375,-0.49092743039208686,0.9061695215747431,0.2693891905081999
14.98,0.37256612173195564,0.3386276620135194,0.29689935636692877,1.3749215326082205,-0.26394949155822023,-0.25840292920987246,-0.011154509428558619,-0.8909146676453771,-0.3877213441200812,-0.4815055205138684,0.9092978347246601,0.2615220257797287
14.99,0.37597804098832044,0.3416674030966326,0.30285398600965197,1.322662583002699,-0.26497278283757675,-0.25866203100614626,-0.02006511280436703,-0.8848310354451119,-0.37844958514645266,-0.47209531316122466,0.9048162271167779,0.2598723718672906
15.0,0.3794233629559696,0.3447490318578796,0.3063769422587128,1.3191831451684681,-0.2660395911282145,-0.25899539324489623,-0.02494268392599353,-0.8791694866552648,-0.36921714265851135,-0.4627010917546335,0.9082779288347165,0.2515270602471703
15.01,0.382901445552034,0.34786892507179007,0.30998496264907976,1.3390668948776463,-0.26714989612249607,-0.25940164037881974,-0.03167999722327478,-0.8968335752141736,-0.3600262305637497,-0.4533258702561303,0.9017196209052764,0.2808293637431294
15.02,0.38641163541737333,0.35101665310549907,0.3109518341525295,1.3790900967091806,-0.26830365908261405,-0.25987454670541704,-0.03819463092525575,-0.9038131751183973,-0.35087903513533136,-0.4439707310556178,0.9032861549648528,0.25318840627589106
15.030000000000001,0.3899532680726101,0.3542042568369274,0.3164090056662688,1.352345404485214,-0.2695008228405441,-0.26042285251992037,-0.04854885216270705,-0.8841989130280946,-0.34177771421523395,-0.43464210069668174,0.8980983747280405,0.26484857044010246
15.040000000000001,0.3935256680769842,0.357418371517744,0.3203861609466089,1.3875220533220334,-0.2707413118038969,-0.2610315703390251,-0.05471619320443886,-0.8839337972448978,-0.3327243964294956,-0.4253376652528882,0.8971214747014599,0.26734812950047676
15.05,0.39712814918999756,0.3606674234855473,0.3206497873368116,1.4025879295632118,-0.2720250319676721,-0.2617062820955831,-0.06074670715930792,-0.8742594064199053,-0.3237211804158618,-0.4160626167443148,0.8933129991765798,0.26325927377614966
15.06,0.40076001453579857,0.3639587711655089,0.32522622824806147,1.3553598191519223,-0.2733518709319066,-0.26244787279152887,-0.06448641857273964,-0.8910031095252082,-0.3147701340641827,-0.4068201286621634,0.8956980075876105,0.2580280493606259
15.07,0.40442055677027955,0.3672886436564664,0.33468258087805214,1.351327737008807,-0.274721697925215,-0.2632467904367403,-0.07130817735565419,-0.878312745788546,-0.30587329376981026,-0.3976096617858009,0.8877062398074833,0.2691264476414306
15.08,0.4081090582508291,0.3706535034048276,0.3339988134624884,1.3548516613722161,-0.2761343638342128,-0.26410285679373047,-0.07733979345985208,-0.8894244497651346,-0.2970326637003364,-0.38843386847049743,0.8840196989709406,0.26623245967625836
15.09,0.41182479120871424,0.37405165365254006,0.3399946381136851,1.345233402681061,-0.2775897012388191,-0.2650153158799963,-0.08767742884672589,-0.8841215216474283,-0.28825021507594384,-0.3792952138074075,0.880661015440488,0.2833244315068326
15.1,0.4155670179240416,0.37748199864047666,0.3420816984554057,1.3524840463499597,-0.2790875244534202,-0.26598302651290223,-0.09063714778775124,-0.8732149305215808,-0.27952788546364427,-0.3701959507136298,0.8769492864888913,0.2874440321619976
15.11,0.41933499090325066,0.38091051722032,0.3421585749559131,1.452787640541076,-0.28062762957388904,-0.26699377535372887,-0.0917626983048808,-0.9076327835727469,-0.2708675780857097,-0.36113413401473704,0.8708289362583275,0.2712259695183607
15.120000000000001,0.42312795305910555,0.3843911412452711,0.3431405473270675,1.3743918835585116,-0.28220979453044276,-0.26807715912375346,-0.10180956419296673,-0.8553535181057264,-0.262271161142558,-0.35212317204035537,0.8658404340669588,0.26202354386642446
15.13,0.42694513789313415,0.3879118555047946,0.34653442080022057,1.368579530247765,-0.2838337791463209,-0.2692076272432446,-0.10649497859438782,-0.8558563649649711,-0.25374046715035126,-0.34315645076372275,0.8670982491341374,0.2749596078264435
15.14,0.4307857696804708,0.3914660664195583,0.3519721194366023,1.3339191402023771,-0.28549932520227406,-0.27038661297422245,-0.10924216007460023,-0.879133281951085,-0.24527729229359163,-0.3342366174989479,0.8581525508699135,0.27780607831639864
15.15,0.4346490636570564,0.39505066647770076,0.3567563233588411,1.3488546855608428,-0.2872061565068316,-0.27161458305727565,-0.11031419182321374,-0.8971442530787442,-0.23688339579294757,-0.3253662498346705,0.853486835850676,0.284901530074276
15.16,0.4385342262091571,0.3986639825655296,0.3617045946428104,1.3485974043174151,-0.28895397897233843,-0.27289129597282313,-0.11806653520448931,-0.8781883143854223,-0.22856049928858163,-0.3165475909096378,0.8502831285305377,0.2829034277421241
15.17,0.44244045506513807,0.4023003504445654,0.3594313742559083,1.3400362466684077,-0.2907424806967291,-0.274211686365298,-0.12043598861140851,-0.8763130896974348,-0.22031028623921473,-0.30778168921060217,0.8492653037415051,0.2770884506620518
15.18,0.4463669394894652,0.40593589231265537,0.3621271027962586,1.4735363827334995,-0.2925713320510214,-0.27557681066639533,-0.12815530020509636,-0.8440239728562902,-0.2121344013371526,-0.29906893551180563,0.8385150870057753,0.2751670379758085
15.19,0.45031286047887686,0.4096178158691463,0.3670746159688541,1.3913834549591768,-0.2944401857724974,-0.27700536008235055,-0.13515817185306195,-0.8435619414942478,-0.20403444993952874,-0.2904210644824146,0.8340155328008935,0.2648304902824612
15.200000000000001,0.45427739096067077,0.41332164851742126,0.37339199245423893,1.4091203700621286,-0.29634867706354484,-0.2784700239097271,-0.1428189867503859,-0.8602399728645768,-0.1960119975159747,-0.28182892172393786,0.8285096391736511,0.2795814230917494
15.21,0.45825969599307337,0.417063143063784,0.3714653432126229,1.3665152398143616,-0.29829642369612874,-0.2799857617224311,-0.14224502414297643,-0.852462433252709,-0.1880685691129279,-0.2733003982690096,0.8218146354624124,0.27864475095841856
15.22,0.46225893296762854,0.42082013192052503,0.372848153293565,1.3644230702120066,-0.3002830261218649,-0.28153860119725493,-0.14692094492562432,-0.8527846866616235,-0.18020564883481244,-0.2648320165216333,0.8164867233214114,0.28359047135544607
15.23,0.4662742518135627,0.42459759904571626,0.37379216544405874,1.4096235944071789,-0.30230806758765516,-0.2831379123643375,-0.14682502740259204,-0.8509630938478345,-0.17242467934226624,-0.2564294834216537,0.809185909262381,0.29490243875051164
15.24,0.4703047952040731,0.4284111089097418,0.37901525113330303,1.372267779054164,-0.30437111425685165,-0.28478644465105957,-0.1559827114513256,-0.8505631958406805,-0.1647270613676387,-0.2480959492741554,0.8052338050736028,0.28997944624382666
15.25,0.47434969876449207,0.4322469182066036,0.3793907950886155,1.358700108255059,-0.3064717153359155,-0.286470038548215,-0.15541247748616802,-0.8687600833596896,-0.15711415324793687,-0.2398284549924106,0.7953382491309441,0.25491539364031224
15.26,0.47840809128226797,0.4360973100263846,0.3780575237459547,1.3648600922196967,-0.3086094032065267,-0.2881970904804456,-0.1572083350150774,-0.8461902965589351,-0.14958727047539605,-0.23163063640766904,0.7890035701111894,0.2772364021926014
15.27,0.48247909491872165,0.4399709801995682,0.385114155422738,1.3836468360112193,-0.31078369356310837,-0.2899723758286672,-0.16901409497764594,-0.8489837397122749,-0.14214768526586813,-0.22350629890645085,0.7850074281285375,0.29480404185425024
15.280000000000001,0.48656182542252263,0.44387217334870566,0.3847913451081115,1.3539827598458847,-0.31299408555572167,-0.2917871730603076,-0.17276890685345064,-0.851857516064083,-0.13479662614518523,-0.2154553763560825,0.7745934608947579,0.28669004160458333
15.290000000000001,0.4906553923448188,0.4477945803354313,0.3869961951157395,1.363834940208063,-0.3152400619382822,-0.2936409326972534,-0.17387455097854798,-0.8761820085135233,-0.12753527755366068,-0.2074785815428169,0.7689688599537305,0.27724784153008486
15.3,0.49475889925599925,0.4517354840573577,0.38764087452953244,1.3534162826514249,-0.31752108922206546,-0.2955342234312176,-0.17860412719066937,-0.8442309511954995,-0.12036477946888263,-0.19957787989451753,0.7591773829545228,0.2847582057257111
15.31,0.49887144396399524,0.4556933092675661,0.39271225519936703,1.34005819277486,-0.3198366178344395,-0.29746698114178094,-0.18073829426902596,-0.8520240499440259,-0.11328622704694902,-0.19175494352386335,0.7538962941841971,0.2917012324694416
15.32,0.5029921187341002,0.45966685734204255,0.3934558168352756,1.3385581219770801,-0.32218608228278395,-0.2994388276162516,-0.18269494674712633,-0.8559399674580798,-0.10630067028228207,-0.1840112774197902,0.7459650789506527,0.29553081502889367
15.33,0.5071200105102387,0.4636552756230123,0.39243000179986504,1.360100651085772,-0.32456890132354566,-0.30144935378691934,-0.1887961556449337,-0.85108943434257,-0.09940911368615457,-0.17634833386457047,0.7362143889167087,0.28494817061602906
15.34,0.5112542011376252,0.4676577075001013,0.3952244586367968,1.3401613506847847,-0.32698447813637177,-0.30349799299420444,-0.1948648416609085,-0.852394966850544,-0.0926125159840463,-0.16876746064997766,0.7291439286526672,0.2841171876579246
15.35,0.5153937675867729,0.471673348184289,0.39638915593056906,1.3418458522859043,-0.3294322005032758,-0.3055842021208013,-0.19551835849595575,-0.8677754835285748,-0.08591178983195663,-0.16126998019213606,0.724701261366792,0.2990470116180677
15.36,0.5195377821787879,0.475701358302728,0.3999054691377697,1.3280147096628803,-0.3319114409927743,-0.30770739909412514,-0.20024722827264604,-0.8608495777804532,-0.0793078015517768,-0.15385715353924395,0.7137942690546968,0.28784920163989924
15.370000000000001,0.5236853128118893,0.47974092959055153,0.3944227412952813,1.3586711944744776,-0.3344215571489412,-0.30986702559441387,-0.20373125031556305,-0.8600416912915883,-0.07280137088581884,-0.14653021460322316,0.7014525728273477,0.2810339684863503
15.38,0.5278354231891068,0.483791259253751,0.39629478936379575,1.3326096137093386,-0.33696189168531954,-0.3120624827595222,-0.2082799026531061,-0.8385803777094349,-0.06639327077060608,-0.1392903412626857,0.6981289170557038,0.2603820393454276
15.39,0.5319871730471056,0.4878515212788952,0.40016385572614055,1.3274580958549076,-0.3395317726836316,-0.31429318446918797,-0.20832225945005686,-0.8272993158586543,-0.060084227129996726,-0.1321386744133905,0.6900024687305916,0.2952309784708397
15.4,0.5361396183860606,0.49192086977931015,0.40140451912011255,1.3254677615130392,-0.3421305137972269,-0.3165585195858668,-0.2119922040878948,-0.8542580983159098,-0.05387491868772887,-0.1250763087908587,0.6835823899964447,0.290845891992099
15.41,0.5402918117005446,0.49599845071779125,0.40368055267120295,1.3442735703525266,-0.3447574144592028,-0.3188578637619798,-0.2196313833856505,-0.8349130141791901,-0.04776597679945349,-0.11810428898564039,0.6706250301446172,0.29488318461030005
15.42,0.5444428022113679,0.5000833663003401,0.40043395216156996,1.3295845354247129,-0.34741176009513797,-0.3211906100981012,-0.2214300495128896,-0.8446850949300102,-0.04175798530431263,-0.11122362571597348,0.6607990217813338,0.2848675058749292
15.43,0.5485916360983013,0.5041747648888141,0.40324761384754065,1.3237410247727381,-0.3500928223403652,-0.3235561148418723,-0.2240172279679418,-0.8694998851748756,-0.0358514803961244,-0.10443528223003432,0.6500158023214181,0.27705535172178175
15.44,0.5527373567336417,0.5082588465458308,0.39950099880824536,1.4494588354991698,-0.35279985926172686,-0.32594504210194997,-0.22832523102156238,-0.9526006754045985,-0.03004695051421591,-0.09773707653992768,0.6454240760744355,0.28752107704312735
15.450000000000001,0.5568790049165542,0.5123501558743766,0.40322260858400816,1.3498912674813774,-0.3555321155837361,-0.32838001140619943,-0.2317756436235021,-0.8704161096477239,-0.024344836253940794,-0.09113794164357902,0.6342777067961656,0.28591014235650913
15.46,0.5610156191081241,0.5164530983136946,0.4021377815973473,1.3392176745339168,-0.35828882291907505,-0.33084285024753307,-0.23502816446420063,-0.8509725875480371,-0.018745530296922164,-0.08463309686070083,0.6262124024992748,0.3113502540727782
15.47,0.5651462356670849,0.5205619776523018,0.4048431078049051,1.3295459044535778,-0.3610692000033682,-0.33333396537000903,-0.2365486298738589,-0.8386247504137619,-0.013249377361019998,-0.07822320731279667,0.6182877705485936,0.2963159022741467
15.48,0.5692698890861397,0.5246629002445735,0.405919368940414,1.382500587798239,-0.3638724529341403,-0.33584851421532536,-0.24123185257126273,-0.8631690707348711,-0.007856674170066691,-0.0719073559266154,0.6049838822697048,0.29300506753464106
15.49,0.5733856122288277,0.528741934607109,0.40662078371282134,1.3985119866810058,-0.36669777541390386,-0.3383936569595869,-0.24282779151323117,-0.8200041913224023,-0.002567669443352849,-0.06568913050854631,0.596406062897045,0.29923133604055574
15.5,0.5774924365668804,0.5328477520397599,0.40590056537855584,1.3498878486406858,-0.36954434899728894,-0.34097735281751634,-0.2435082716795316,-0.824599901778958,0.0026174360951260467,-0.05957323790099784,0.5925922776633845,0.3052957291611939
15.51,0.5815893924180084,0.5369317539426454,0.40487296762704233,1.3945640570275657,-0.372411343342143,-0.34357677641977574,-0.2467851222825126,-0.8210248167757106,0.0076984896876767794,-0.05355087093968656,0.5770010791619213,0.30222608437801146
15.52,0.5856755091840484,0.5410391336847999,0.40527838551575235,1.3460717714236325,-0.3752979164645258,-0.3462135442574548,-0.251530790171659,-0.8338177587811827,0.012675386494187035,-0.04763195431528002,0.5707960152692892,0.2964058189279579
15.530000000000001,0.5897498155894298,0.5451221373979576,0.40736276286972584,1.3857806571711577,-0.3782032149975122,-0.34886491530968977,-0.2535060054362558,-0.8382144483294661,0.017548069523698417,-0.041807752072702965,0.5584100908429805,0.30115811332768927
15.540000000000001,0.593811339919889,0.549226086079301,0.40235900323597873,1.3571358564305867,-0.3811263744537308,-0.35155223336200575,-0.25253649883266577,-0.8407408794039865,0.022316529546313302,-0.03608800919858079,0.5519077654458413,0.3295415872319718
15.55,0.597859110261377,0.5533035593217666,0.4043601171389091,1.4006143221144378,-0.3840665194915576,-0.35425278230030716,-0.2595144059504725,-0.8080941860419694,0.026980804985470286,-0.030463900603082652,0.5415062384253934,0.31444496367477764
15.56,0.601892154739104,0.5573711723107838,0.40068204489491754,1.426059853580285,-0.3870227641848764,-0.35698089624465834,-0.2606445957627272,-0.8216975878748363,0.031540981790647016,-0.024942105625156245,0.5287886930869219,0.2829399846591965
15.57,0.6059095017566525,0.561452711796754,0.3986714797313368,1.3495188309538138,-0.3899942122963229,-0.35973247038337025,-0.2602722972807142,-0.8238662805143058,0.03599719329053813,-0.01952288400634755,0.5161819522290495,0.30899865386113246
15.58,0.6099101802351121,0.5655293312327001,0.4016653899244258,1.3679432182082032,-0.39297995755393567,-0.36251252674353535,-0.26700313829260913,-0.811635663566677,0.04034962002678294,-0.014205137297684533,0.5114304545042259,0.31272320604585646
15.59,0.6138932198521729,0.569610253208745,0.4022008583496107,1.3429485241939974,-0.3959790839311199,-0.36531089047560167,-0.26328278028014956,-0.8446297980955964,0.044598489568310695,-0.008988957718847366,0.5028584215202004,0.2971667764734495
15.6,0.6178576512811084,0.5736856896111598,0.4021142570172585,1.3375210544274005,-0.3989906659298418,-0.3681266712181905,-0.2676431784116943,-0.8386853916217522,0.04874407630638963,-0.0038732031580583593,0.494263154559111,0.3019335987263502
15.610000000000001,0.6218025064296069,0.5777516926013507,0.4012988722186835,1.3083719854328668,-0.4020137688669668,-0.37096082023068716,-0.2699207046127771,-0.847660293931905,0.05278670123046211,0.0011412569738399579,0.4841511887214014,0.30162798000159663
15.620000000000001,0.625726818678378,0.581805994759459,0.39430464201027515,1.298498970041159,-0.40504744916364355,-0.37381322765642294,-0.26813759925238884,-0.8565746264937818,0.05672673168486825,0.006054040195764683,0.4760862484416167,0.3075075746695547
15.63,0.6296296231194825,0.5858472535545545,0.39823909361884985,1.3029642301433035,-0.4080907546376625,-0.3766834126514441,-0.27690335894771556,-0.8301405623378337,0.060564581106566595,0.010864954213254714,0.4654948684904937,0.3132558997557299
15.64,0.6335099567943224,0.589874339277534,0.3949634073792307,1.3099489330591068,-0.4111427247986791,-0.3795705956604629,-0.2747014712955086,-0.8481925598876786,0.06430070874395485,0.015573978678767284,0.45067336335131114,0.3099958991208177
15.65,0.6373668589312408,0.5938863377378082,0.3992679021251693,1.3093948114456702,-0.41420239114622187,-0.38247398620058864,-0.2802679123421812,-0.83302290856388,0.06793561935691345,0.020181139540021164,0.44354578900833497,0.3111770186192987
15.66,0.641199371182657,0.5978675004311306,0.38795696294856163,1.3580285832124017,-0.4172687774703921,-0.3853877290132845,-0.2795337374589414,-0.8316748619910329,0.07146986289820717,0.024688630564336476,0.43255926643259907,0.32100834576503345
15.67,0.6450065378616969,0.6018416973358252,0.39348019698536313,1.3146767744776648,-0.42034090015515413,-0.3883247353211263,-0.2814671079599967,-0.8504066145328407,0.07490403417637026,0.02909084834900719,0.4259481317684686,0.317762450380901
15.68,0.6487874061782518,0.605802287568406,0.38763310288287417,1.3158223326860634,-0.42341776848413415,-0.391272909111279,-0.2823584769962089,-0.8299221909036918,0.07823877250022795,0.03339259738749739,0.41343436980062936,0.3195260849461007
15.69,0.6525410264743985,0.6097458607374414,0.38889271365728345,1.2996743295856341,-0.4264983849488234,-0.3942326163224967,-0.28224964603595093,-0.844952749679772,0.08147476130518916,0.03759363852238204,0.40567253248743956,0.32142371446621565
15.700000000000001,0.6562664524591411,0.6136705354636199,0.38650124651895307,1.304100564742112,-0.4295817455590952,-0.39720356196437695,-0.28280829266047,-0.8425906758503421,0.08461272776148807,0.04169400037611603,0.392712722296808,0.327775587800346
15.71,0.6599627414424026,0.6175749591087752,0.38469346745214,1.2889331889896765,-0.43266684015593704,-0.4001850402441976,-0.28199035565653957,-0.8426932993825507,0.08765344236452036,0.04569392517036364,0.38145434944954676,0.33386837763075583
15.72,0.6636289545682128,0.6214580824875092,0.3827396478742229,1.3044664815223168,-0.4357526527263029,-0.4031762329590773,-0.2848373278006128,-0.839952337537933,0.09059771850746534,0.04959374238890795,0.3780780697924695,0.3212493994566831
15.73,0.6672641570470342,0.6253189412963025,0.3809737330640325,1.2956433908597638,-0.4388381617199866,-0.40617623529492924,-0.286894170049918,-0.8633813075782144,0.09344641203635426,0.05339386526151864,0.3663959051143197,0.31017845334606037
15.74,0.6708674183871748,0.6291566544080215,0.37571742363646954,1.2917599637527157,-0.4419223403684187,-0.40918410157836405,-0.28867262542678707,-0.8390445759861679,0.09620042078777852,0.05709475699068178,0.3532928601857235,0.32258406464167017
15.75,0.6744378126252153,0.632970251938991,0.3777406327869114,1.3020881824883799,-0.44500415700529106,-0.4121988514036808,-0.2877162371743146,-0.8383366927077243,0.09886068410944598,0.06069694619285163,0.34460830435075857,0.3103856667093049
15.76,0.6779744185554116,0.6367541156991813,0.3704238148354413,1.2922637091518898,-0.44808257538890045,-0.4152149748822424,-0.2846349150415705,-0.8378632796889872,0.10142818236375603,0.06420220063111551,0.33956823897829075,0.32026312759313746
15.77,0.6814763199580092,0.6405087935151865,0.3673693571827665,1.3046454565367116,-0.45115655502612473,-0.41824302404194935,-0.29636249885144045,-0.8040642009224129,0.10390393641462989,0.0676084117459932,0.328217105404378,0.3014901121865789
15.780000000000001,0.6849426058264032,0.6442427192412947,0.36510841669760197,1.290199952179129,-0.45422505149792036,-0.4212746297404534,-0.28908118952399003,-0.8304450802181146,0.10628900709779204,0.07091715796716548,0.32006077213893114,0.316289540719982
15.790000000000001,0.6883723705931053,0.6479510315425078,0.36647562425044217,1.2963584014789957,-0.4572870167862428,-0.4243079627734724,-0.2870869993695852,-0.8239273085987345,0.10858449467472858,0.07413022205890456,0.3113893095118528,0.32410442819712637
15.8,0.69176471435445,0.6516315074313603,0.36493384391889944,1.2809095664421495,-0.4603413996022978,-0.42734272357570746,-0.28802499196921316,-0.8336691523623881,0.11079153827055854,0.07724804610474106,0.302654886215716,0.3242032997418976
15.81,0.6951187430939866,0.6552827870933722,0.3584205457998627,1.2800219165808342,-0.46338714571600226,-0.43037827346021373,-0.2934910791512084,-0.8344167657816494,0.11291131529602948,0.08027125356333319,0.29555933259389944,0.3285369029896335
15.82,0.6984335689045085,0.6588724219284753,0.33994394331435485,1.2860880287672674,-0.46642319828657325,-0.43338372744098436,-0.2735133314039497,-0.8445630174149612,0.11494504085390468,0.08320871272249887,0.2844860709444468,0.31628948339848584
15.83,0.7017083102086512,0.6624089343436067,0.35138226070221806,1.3928736963896484,-0.46944849819413004,-0.4364338422781651,-0.29795891137313196,-0.7729846194508728,0.11689396712997666,0.08604321035624907,0.2708585202912408,0.3381163829960386
15.84,0.7049420919780199,0.6659528846374727,0.3483261256031222,1.3356380841380764,-0.47246198437220954,-0.4394793216355355,-0.2907057067546547,-0.8233361238234551,0.11875938276894686,0.08878188022787462,0.26545852166344114,0.35014262646718264
15.85,0.708134045950783,0.6694774242036076,0.34394947161006817,1.2897051008997922,-0.4754625941410965,-0.4425135116090492,-0.2894945176840496,-0.820598423354538,0.12054261223545522,0.09143281133750018,0.2572146144489577,0.3392845847982921
15.860000000000001,0.7112833108476837,0.6729733034523938,0.34778461189544485,1.2696561327101468,-0.4784492635418546,-0.4455401310714049,-0.2888221722102504,-0.8331946122596042,0.12224501516051496,0.09399500706319737,0.24524251470925482,0.3323064044524986
15.870000000000001,0.7143890325864023,0.6764317518944148,0.3350118614778734,1.2999859505972238,-0.4814209276709639,-0.44855607148406673,-0.28397908499547425,-0.8269575910975364,0.12386798567359839,0.09646974409980671,0.2396360972658213,0.3469057455960657
15.88,0.7174503644942453,0.6798516532314652,0.33569065896375494,1.2974009438651553,-0.4843765210154623,-0.45157155972283974,-0.292648356428514,-0.8201592905666792,0.12541295172071038,0.09885521505964218,0.22713532058429323,0.32261832391743805
15.89,0.7204664675190718,0.6832400339018672,0.33361728509796984,1.2821065688940256,-0.48731497778848004,-0.45457935608777694,-0.28787097715129994,-0.8427818997336011,0.1268813743686572,0.10115321667630885,0.21678840191618098,0.34862696413113803
15.9,0.7234365104384359,0.6865922149393123,0.32995498545172947,1.2666388935037938,-0.49023523226506166,-0.4575777696603791,-0.2908987337043807,-0.8561093360451575,0.12827474709585895,0.10336580709789452,0.21513844933389561,0.3295855818632179
15.91,0.7263596700668793,0.6899060788808266,0.3252662095178587,1.267157846506232,-0.493136219118183,-0.4605664516741185,-0.2878129090777326,-0.8325913008108521,0.1295945950699734,0.10549386443168003,0.20625439473839297,0.3407114232990871
15.92,0.7292351314613184,0.69318029984955,0.3216075696386589,1.249427587158951,-0.49601687375484826,-0.46354469419621347,-0.2832885404285398,-0.843497567346877,0.13084247441262553,0.10753845898807066,0.19638485435818173,0.3334851954331037
15.93,0.7320620881244899,0.6964139289399347,0.31713865376613903,1.255756476863343,-0.49887613265216535,-0.4665115847380323,-0.285462153172262,-0.8338898356961417,0.13201997145155578,0.10950077474494095,0.18881790713713623,0.3471412413460373
15.94,0.7348397422063953,0.6995851060102907,0.31516121068872543,1.287802819500808,-0.5017129336933009,-0.4694612045516271,-0.2854140197441855,-0.8131025810218926,0.13312870196049903,0.11138420515663314,0.18151679988487426,0.33810374488129663
15.950000000000001,0.7375673047036894,0.7027301995064904,0.3065402643514321,1.252696086409038,-0.5045262165031997,-0.472406498906555,-0.28691298938200277,-0.8360607549743103,0.13417031038710794,0.11318404508846167,0.17309478049453306,0.33758303464798745
15.96,0.7402439956569735,0.7058364996043938,0.30505400188521803,1.2758206537688168,-0.5073149227839722,-0.47533474193524317,-0.28147826499913575,-0.8213218848942531,0.1351464690692108,0.11490661173083185,0.16221040733195183,0.32010826964812783
15.97,0.7428690443459491,0.7089006203910215,0.30067611860460913,1.218195516190852,-0.5100779966498505,-0.4782463967705867,-0.2792011497970481,-0.8215041318472142,0.13605887743979173,0.11655266161697377,0.15603776037328485,0.3367303475967981
15.98,0.7454416894823594,0.7119205767128216,0.29295115694581403,1.2567492655656662,-0.5128143849615955,-0.48114100174730523,-0.2786542898970219,-0.8383523395463367,0.13690926122094169,0.11812335841119427,0.15185296207881802,0.3416771585301678
15.99,0.7479611794006997,0.7148951619215393,0.291988751213996,1.2506391527483254,-0.5155230376602633,-0.484017851774791,-0.278252895150824,-0.8341433088759883,0.13769937160717682,0.11962000673459844,0.1436812087238657,0.3344913645187427
16.0,0.7504267722466356,0.7178233832095726,0.28832420598160036,1.2400091727850744,-0.5182029081002182,-0.4868759327210083,-0.2770736591174212,-0.8244511779723107,0.13843098443843643,0.12104406091616843,0.13653775712573488,0.33916617670432775
16.01,0.7528377361630764,0.7207044080683075,0.2845517673388574,1.2470820085721896,-0.5208529533812989,-0.4897142901703418,-0.27542300777490486,-0.8344387250351406,0.13910589936308476,0.12239699449038538,0.13186834913638487,0.3266045876365746
16.02,0.7551933494738743,0.723537443708508,0.28036107759010315,1.2548440730496537,-0.5234721346800237,-0.4925318792124361,-0.27136545313185406,-0.8358773039369027,0.13972593899129865,0.12368034209811601,0.12216467535781257,0.33476809721761536
16.03,0.7574929008650918,0.7263217751401603,0.27436402646408214,1.2320270741844341,-0.5260594175797445,-0.49532765714617627,-0.2692336307496672,-0.8292161725425853,0.14029294803916528,0.12489566621639937,0.11159115103120018,0.33713256356942334
16.04,0.7597356895637891,0.7290389596414676,0.2663735294582727,1.2667268696071083,-0.5286137723996319,-0.4980964427696409,-0.2663075574245238,-0.8187830054006046,0.14080879246383185,0.1260463590521534,0.11116130429349609,0.3448457805632065
16.05,0.7619210255143081,0.7317195741171588,0.260462250483518,1.2193223269777989,-0.531134174522405,-0.5008489319762489,-0.2652097187830991,-0.8052881373526667,0.14127535859011234,0.1271289877196416,0.1055105738339417,0.3416145604447379
16.06,0.7640482295519796,0.734352883485199,0.2573056959052909,1.2377844536270046,-0.5336196047206861,-0.5035742953314661,-0.26521545555247006,-0.8415504860392109,0.14169455222884508,0.12814937395340156,0.10001279788406724,0.3382561550006022
16.07,0.7661166335742386,0.7369193051407499,0.2512109154783859,1.2533873175057286,-0.5360690494819055,-0.5062689062862914,-0.25797525204248,-0.8035896428189581,0.14206829778742164,0.12911035045212008,0.0886437695087487,0.3388383561873324
16.080000000000002,0.7681255807090828,0.7394468045976497,0.2468315256225117,1.2430325943583673,-0.5384815013316205,-0.5089432614531338,-0.25624183371383885,-0.8309975758782543,0.1423985373728131,0.1300086421359414,0.08562919277838474,0.3400098438088401
16.09,0.7700744254808524,0.7419247432438693,0.23968750223766033,1.2217895453955818,-0.5408559591551813,-0.5115873338794533,-0.25921940176704117,-0.8154899333487448,0.1426872298874991,0.13084981856746575,0.08332494094910485,0.3254490207279526
16.1,0.7719625339732745,0.7443501325692913,0.2373049525169783,1.2049428057262073,-0.5431914285176248,-0.5142013829916379,-0.24928690513748955,-0.8495363702000518,0.14293635011861877,0.1316350950312703,0.07674140061311786,0.33363681201293915
16.11,0.7737892839897397,0.7467213582444485,0.2326299543174076,1.206026536987634,-0.5454869219816957,-0.5167849490214734,-0.2493789632461069,-0.8471842699760858,0.14314788782080054,0.13236600410131932,0.07062417350264387,0.337462271407013
16.12,0.7755540652107717,0.7490373560495263,0.22883053090811,1.1907515992174582,-0.5477414594239131,-0.5193372268571461,-0.24559409263017673,-0.8417407925431426,0.1433238467929555,0.1330442452872222,0.06837724397324246,0.35716053187250624
16.13,0.7772562793486425,0.7512973066080412,0.21742669825391964,1.211963002263441,-0.5499540683485635,-0.5218573111776971,-0.245910488100767,-0.8299829157312231,0.14346624394947946,0.13367159023216676,0.061650103620464844,0.33549984682831424
16.14,0.7788953402991116,0.7534960260762621,0.2123624538202567,1.2328225154683459,-0.5521237841995394,-0.5243413180106433,-0.2353266897191094,-0.8731022802266897,0.14357710838622884,0.13425094743908775,0.057795976852844676,0.34206503985540854
16.15,0.7804706742902295,0.7556381581565901,0.2121160788181179,1.2215228720321496,-0.5542496506699096,-0.5267959812809868,-0.23467962700807163,-0.8196712351810824,0.14365848044162982,0.13478134171136474,0.04849380077468203,0.3531836160245749
16.16,0.7819817200281917,0.757724896195955,0.20005395573778853,1.1969313256585286,-0.5563307200091506,-0.5292144837001144,-0.23000135231566718,-0.8310061383172864,0.14371241075336133,0.1352666338726413,0.043017084493543835,0.3436160600127431
16.17,0.7834279288401866,0.7597538995365237,0.20081479770436195,1.1973066663740999,-0.5583660533279096,-0.5315961969165675,-0.22816574994403457,-0.8122639435174864,0.14374095931093464,0.13570873295911745,0.041699793625920495,0.32933832738832747
16.18,0.7848087648142159,0.7617239646344718,0.1926960302572072,1.193299115649884,-0.5603547209002363,-0.5339404966555718,-0.22500903805076086,-0.8214562253520299,0.1437461945046095,0.1361093888127871,0.03745985527055184,0.3325040499976803
16.19,0.7861237049358502,0.7636341526606291,0.18874942300978573,1.1862637430626264,-0.5622958024631715,-0.5362465225903744,-0.21950932933671785,-0.8394886139479883,0.1437301921710177,0.13647047542033633,0.03436873133375968,0.3451588458872577
16.2,0.7873722392218783,0.7654837778043828,0.17871931538798388,1.173801048793274,-0.5641883875135971,-0.5385133941273459,-0.21593797415926502,-0.8286634481247778,0.14369503463588426,0.13679389073460418,0.02639106995752624,0.3543052037973078
16.21,0.7885538708508275,0.7672610362792988,0.17425287745708803,1.2151750385024265,-0.566031575602274,-0.5407375887142174,-0.21358729412269672,-0.8364872767119866,0.14364280975424412,0.13708270368996714,0.025207324569058543,0.34973424576810697
16.22,0.7896681162903145,0.76898519494026,0.1696146890205539,1.184683167530475,-0.5678244766249503,-0.5429254874000542,-0.21099370989093927,-0.8352878105502805,0.1435756099485598,0.1373357032912461,0.022604642330244708,0.370261355939873
16.23,0.7907145054212033,0.7706493156752063,0.16360022613485484,1.1865146435553777,-0.5695662111104772,-0.5450700056209717,-0.209001552922102,-0.8466205635964057,0.14349553124511524,0.13755749430773015,0.02242183901084315,0.35032776571651364
16.240000000000002,0.7916925816585296,0.7722514835077268,0.15157351322046148,1.1668501120680392,-0.5712559105058135,-0.5471710121291082,-0.20211487382376078,-0.8481948184934324,0.1434046723090907,0.13774973066888263,0.01792608574390815,0.338120534599113
16.25,0.7926019020691696,0.7737904966360634,0.14821551275273961,1.1723180274697886,-0.5728927174578559,-0.5492278467412239,-0.19768609020694766,-0.8279466450515799,0.14330513347873222,0.13791429011494094,0.015020920135361899,0.35438079729866967
16.26,0.7934420374862218,0.7752656085106825,0.14510097398736682,1.1787563705206239,-0.5744757860919957,-0.5512397811594429,-0.19304855366615348,-0.8490787510501422,0.14319901579896438,0.13805310286144584,0.013615045813826568,0.3432909085895057
16.27,0.7942125726200703,0.7766761682043569,0.1372188069528231,1.1732578996465157,-0.5760042822873083,-0.5532059337897899,-0.19073743717556377,-0.844978093772285,0.14308842005492756,0.13816817121213804,0.009826845236298606,0.34603007586147855
16.28,0.7949131061661094,0.7780216941090143,0.1307170719373116,1.1719565748341876,-0.5774773839483077,-0.5551254161156388,-0.18566485339986538,-0.8429273248088851,0.14297544580573152,0.13826150771225396,0.010573430092367407,0.3511546724384851
16.29,0.7955432509090933,0.7793016175623216,0.12394858552156315,1.1807151026670122,-0.5788942812731617,-0.5569973255664059,-0.18001506197662911,-0.8418932444294991,0.14286219041892065,0.13833515181126324,0.003658252432815389,0.3607480893191649
16.3,0.7961026338240931,0.7805154363104841,0.11913324582458247,1.167646093608794,-0.5802541770183016,-0.5588207663142826,-0.17728221449904383,-0.8556596717416477,0.1427507481059786,0.13839113964217847,0.002691123128052931,0.33797713253996337
16.31,0.7965908961740289,0.7816626537666331,0.11398341021092116,1.150947943432854,-0.5815562867593302,-0.5605948733492591,-0.16999919596034238,-0.8501796038852628,0.1426432089592957,0.13843151304972218,0.005237964883977314,0.3481338626250023
16.32,0.7970076936037649,0.782742844567724,0.1050035184401902,1.1627702751681275,-0.5827998391481565,-0.5623187817737616,-0.1667723319356515,-0.8299471923345526,0.14254165799101762,0.13845831587526275,0.0014300737953746115,0.35211872444446957
16.330000000000002,0.7973526962307247,0.7837556155236532,0.09901066739131315,1.1491879476640288,-0.583984076166272,-0.5639916300145914,-0.1594187796153876,-0.8641361140043347,0.14244817417411676,0.13847359730291706,0.0007590050226762902,0.34973504016693585
16.34,0.7976255887320258,0.7847005228531032,0.09492318151593218,1.1508735878878058,-0.5851082533740878,-0.5656125699240001,-0.15710345796855446,-0.8422302184154202,0.14236482948612836,0.1384794146309616,-0.002791474314240892,0.37007136860053225
16.35,0.7978260704280944,0.7855732646472706,0.08302539613095522,1.2219067982675758,-0.5861716401562629,-0.5671916639186722,-0.15522503090334264,-0.7542257415329323,0.14229368795592395,0.1387648242094956,0.0041146052014957284,-0.2670155178330325
16.36,0.7979538553627508,0.7863864811790598,0.07575011132923004,1.0961120484496816,-0.5871735199629367,-0.5687083962379574,-0.1482175840235161,-0.8831054829712148,0.14223680471391303,0.13901140405992019,0.060921156441051616,0.3248655989453425
16.37,0.7980086723797379,0.7871300342121755,0.07295410815382831,1.1237553849246742,-0.5881131905468029,-0.5701582906684073,-0.1392708184697096,-0.8930616900105683,0.14219622504606652,0.13911910387593893,-0.006213134098346101,0.254480348049354
16.38,0.7979902651956833,0.7877974283468405,0.06303925398932042,1.1933027617492284,-0.5889899641959315,-0.5715644412441985,-0.13094564420868174,-0.7719444265853316,0.14217398345216184,0.139335988668429,-0.004338200247978673,-0.27591455266532855
16.39,0.7978983924694629,0.7883922357886796,0.056246406172524924,1.1102445614125107,-0.5898031679622933,-0.5729190124468666,-0.13349249397015484,-0.9014776240260934,0.14217210270861697,0.1396662144465453,0.05653747055086883,0.2727699201734001
16.4,0.7977328278679636,0.7889232528318476,0.05087362109634658,1.1598457644501798,-0.5905521438858874,-0.5742051310536944,-0.12245793729450546,-0.7854768180271647,0.1421925929363082,0.13985577752532258,-0.00648602210702084,-0.2687382033957639
16.41,0.7974933601282173,0.7893805493416897,0.044797860058646534,1.0838660865517193,-0.5912362492144239,-0.5754435890364583,-0.12205414303905744,-0.9236803538429571,0.14223745067376573,0.1401434081404941,0.054816465293354745,0.2738104757718178
16.42,0.7971797931158959,0.7897712002010454,0.03760716422148678,1.1664060243033816,-0.5918548566184801,-0.5766134793341465,-0.1112920324435807,-0.793613221704141,0.14230865795609693,0.14029862384321728,-0.009514130770217784,-0.2558145423457951
16.43,0.7967919458801569,0.7900865569332013,0.029165549066179977,1.1010795555270376,-0.5924073544020669,-0.5777347035495138,-0.11198640615506976,-0.9051483397618852,0.14240818140007172,0.14056017313251065,0.04870005229888676,0.2533739273357755
16.44,0.796329652704812,0.7903342861753415,0.02302203384962982,1.1659689780315783,-0.5928931467085412,-0.5787860596940038,-0.09929997747718337,-0.7934394321815746,0.14253797129567,0.14069727313252958,-0.010222683764589,-0.2747274309383796
16.45,0.7957927631558241,0.7905061134825122,0.0147362074675644,1.0780764210961231,-0.5933116537217974,-0.5797873987644145,-0.09910256994625029,-0.9113197607312711,0.14269996070454494,0.1409483167565256,0.05058120482053207,0.24564013985688027
16.46,0.7951811421251044,0.7906097254999399,0.009680758882722375,1.1499573555015634,-0.5936623118626783,-0.580717380303813,-0.0830672090654575,-0.8103107206271276,0.14289606456570114,0.1410822197186041,-0.011081899545625757,-0.26737644892580203
16.47,0.7944946698706118,0.7906358907242256,0.001163418069694987,1.0743072725569756,-0.5939445739805367,-0.5815950643582829,-0.0885155937005097,-0.9186991710544009,0.14312817880882278,0.14133728661122238,0.05077780684415982,0.2544890841605496
16.48,0.7937332420527322,0.7907348025427718,0.017991780098688886,0.930480939874617,-0.5941579095399,-0.5824617592615525,-0.09102167034997223,-0.8487015315374427,0.14339817947554173,0.14146079043356866,-0.014758673216730484,-0.2664511077071095
16.490000000000002,0.7928967697669422,0.7907710388182262,0.002824245829506003,0.20550256681602846,-0.5943018048021652,-0.5832165776705922,-0.07366697731236899,-0.597142333440772,0.14370792184909834,0.14172809115033844,0.04725033514168943,0.3027709410791046
16.5,0.7919851795727362,0.7908084010212663,0.0007326456791867861,0.012195118243808,-0.5943757630022767,-0.5839139435018127,-0.05569987293531778,-0.5396979392580312,0.14405923959265632,0.1418872151366332,-0.006538389457160648,-0.24190013338891608
16.51,0.790998413518816,0.79078446566327,-0.010237598488356406,-0.17712544743941774,-0.5943793045203345,-0.584535650013581,-0.05411728125843656,-0.6743642112688315,0.14445394389670455,0.14218859927847777,0.051583079672796114,0.30578128546768424
16.52,0.7899364291645392,0.7907491978989309,0.0024996587496219896,0.16493432299008898,-0.5943119670480638,-0.5851003746213597,-0.0578745469689916,-0.9978058747789257,0.14489382263584918,0.14238709026606944,-0.004585629343004398,-0.2789119550879132
16.53,0.7887991995976107,0.7906834707782042,-0.010895437118025722,-0.7300048479919414,-0.5941733057501096,-0.5856029075046605,-0.040343550172917915,-0.7152131539959161,0.14538063953536393,0.14272035607461458,0.059867012008691184,0.3021614648047873
16.54,0.787586713448028,0.7906295915727434,-0.01686938267096316,-0.969462117305259,-0.5939628934201007,-0.5860325287536464,-0.0301001200387612,-0.7951381870295613,0.14591613334784254,0.14295050254283978,0.06161869328054299,0.27824647194773305
16.55,0.786298974898259,0.7905439123833401,-0.006211610210786617,-1.070113932803315,-0.5936803206314294,-0.5864033627105159,-0.03486265531774409,-0.834100359809541,0.1465020170402822,0.14308093601425786,-0.006898939018500647,0.26644404016577455
16.56,0.7849360036896672,0.7904262037301436,-0.01142773686793865,-1.2960561862943452,-0.5933251958827039,-0.5866866119877302,-0.029738909507603453,-0.8763133820451023,0.14713997699193385,0.1432395356451309,0.003158153948755308,0.34093656265414674
16.57,0.7834978351251656,0.7902179208777464,-0.02211943773077015,-1.3718323162444015,-0.5928971457378296,-0.5868862394402868,-0.01602349997209209,-0.8883828686841251,0.1478316722032653,0.14331270211931948,0.008450869072279002,0.31331982730133123
16.580000000000002,0.7819845200681148,0.7898967076309248,-0.035113038680592595,-1.3850056393625918,-0.5923958149606687,-0.5870154788142021,-0.014860406886338854,-0.9130344593325627,0.14857873351633952,0.1434515135684773,0.013853293948484452,0.3401765059296557
16.59,0.7803961249374515,0.7894600001005257,-0.04594947823965495,-1.3820718571232598,-0.5918208666442409,-0.5870773720542423,-0.004487935007700741,-0.8976017926496076,0.14938276284694993,0.14365373679559368,0.017609320153199725,0.3307079017602185
16.6,0.7787327316990559,0.7889158578058385,-0.055785868699186635,-1.3127473127017941,-0.5911719823344244,-0.5872034068729552,0.0005328328802691492,-0.7818359173270276,0.1502453324288172,0.14392401575733774,0.0234153357286597,0.3494344372295164
16.61,0.7769944378533631,0.7883751953360447,-0.046300704955051376,-1.7449670065088305,-0.5904488621481161,-0.5874059991064388,-0.041575725743919566,-0.7236133002445728,0.15116798407017007,0.14425604577755832,0.04304766409084616,0.4020112455638806
16.62,0.7751813564192066,0.7876636729278579,-0.08213094278168917,-1.7286257601834922,-0.5896512248858099,-0.5875164175194418,0.005931885958280057,0.29755545509307085,0.1521522284229936,0.1446457334893818,0.02704321558351074,0.24521258659786166
16.63,0.7732936159139198,0.7868079839089156,-0.08709599506272277,-1.3002647034553831,-0.5887788081385699,-0.5876363756199379,-0.029737958392957772,-0.511732434596304,0.15319954426528698,0.145115770707066,0.05420594702189459,0.40572303824440387
16.64,0.7713313603296749,0.7858228614938794,-0.10174810601142427,-1.608919823467969,-0.5878313683893501,-0.5876017035537503,0.018870372782896053,0.37518663820188564,0.1543113777965709,0.1456078239410311,0.04317124834074488,0.2713527468283357
16.65,0.7692947491060934,0.7847538482363834,-0.103496255988684,-1.3455097569675496,-0.5868086811086367,-0.5875483983585033,-0.010105124313908389,-0.40360694763688904,0.1554891419470065,0.14619483092120014,0.06623322269484706,0.4259228729827352
16.66,0.7671839570991035,0.7835796288599556,-0.11609729316163715,-1.2423851570503504,-0.5857105408443819,-0.5874221433911452,-0.00392552108548417,-0.4001974450437203,0.15673421570033308,0.1468343706847068,0.06945053406337788,0.42631587891228784
16.67,0.7649991745460799,0.7822952122635408,-0.12431120168217792,-1.2050034993848064,-0.584536761306199,-0.5872056029753684,0.006792992578778856,-0.38260507514242614,0.158047943430974,0.1475340980514124,0.07644568860758022,0.43546807577802454
16.68,0.7627406070272584,0.7809531036624628,-0.13606624238870826,-1.47303119411807,-0.5832871754437903,-0.5871538183222683,0.002375019200283621,0.7567821580088038,0.15943163425552975,0.14831325629855885,0.07477994435152162,0.312428837533956
16.69,0.7604084754234328,0.7794908514821606,-0.14610971633830744,-1.3899165518804086,-0.5819616355195878,-0.5870100487802072,0.015892059966978095,0.7995289496576043,0.16088656139897328,0.149141319417372,0.080525038796185,0.33812993962477383
16.7,0.7580030158699603,0.7779280545048829,-0.15663793084682087,-1.354568722421643,-0.5805600131755806,-0.5867544419461584,0.02475175684995616,0.8065752064687405,0.16241396157576007,0.15003255544368632,0.0880275440346385,0.322610991926595
16.71,0.7555244797070675,0.7762754513580555,-0.16305376865979226,-1.3350888596504191,-0.5790821994943007,-0.5863857862552785,0.036119148835463036,0.8256005175395027,0.16401503438616902,0.1509899382252535,0.0894545404101905,0.33260203192082227
16.72,0.7529731334264853,0.7745380799123354,-0.17779299893878622,-1.3596081830423878,-0.5775281050539656,-0.585905654470611,0.04800730028781869,0.816169189790829,0.1656909417280573,0.1520151034171057,0.09990086097812337,0.3243124258787022
16.73,0.7503492586144086,0.7727185360306685,-0.1808551048851377,-1.343657275818371,-0.5758976599777352,-0.5853166159605331,0.05734966260526491,0.8112705082176989,0.16744280722433427,0.15310914934844058,0.10954539343784589,0.3463206639824968
16.740000000000002,0.7476531518908156,0.7708318978987001,-0.18524107953758168,-1.3879429349956454,-0.574190813977092,-0.5846245106627411,0.06853167472928541,0.7968480901578536,0.16927171566634397,0.15427163491917908,0.11083606509848434,0.32893809339394053
16.75,0.7448851248451399,0.7688549273849277,-0.1978548295899926,-1.397415576015408,-0.572407536389311,-0.5838232468965578,0.07154844255076383,0.807660143377934,0.17117871247341382,0.15550721540970627,0.12061000461977357,0.3309780855603731
16.76,0.7420455039683254,0.7667993058155216,-0.2005135935373375,-1.3604685970971364,-0.570547816209011,-0.5829255505523427,0.08690534911524014,0.789814441309612,0.17316480316879973,0.1568127156978886,0.12714859536296136,0.34378732183278915
16.77,0.7391346305812818,0.7646665342745396,-0.21199338752505964,-1.374715070192016,-0.5686116621137929,-0.5819257308196576,0.09444062823395674,0.8147686652770434,0.1752309528722069,0.15819116977644124,0.13159595987064418,0.33009159447704595
16.78,0.7361528607597384,0.7624519933762177,-0.21984494457304837,-1.3679191443996046,-0.5665991024839274,-0.5808299812846149,0.10276284094642033,0.787816912636703,0.1773780858091475,0.15964287411575506,0.14376325792123018,0.33724672411295614
16.79,0.7331005652555478,0.7601591273301498,-0.22973408491393962,-1.3860731468457106,-0.5645101854161135,-0.5796406309924345,0.11336191169295894,0.7849982599934726,0.1796070848373001,0.16116807098905045,0.14349200827061545,0.3181846111010842
16.8,0.7299781294144182,0.7577895625981886,-0.23402300287035574,-1.380654643583936,-0.5623449787312779,-0.5783589175861316,0.12266229086232715,0.7912280921906905,0.18191879099008051,0.1627678009282429,0.15386173879618625,0.33232698160360274
16.81,0.7267859530901382,0.7553442024662442,-0.24388678556212795,-1.401943664821363,-0.560103569976439,-0.5769861781433584,0.13144250356442044,0.7760546048925872,0.18431400303763473,0.16444299888690259,0.160781656145849,0.34138274430085713
16.82,0.7235244505552718,0.7528237447646463,-0.24963916746851886,-1.3780181453463471,-0.5577860664206008,-0.5755237659078203,0.14399123118192259,0.7844283009860148,0.18679347706539418,0.16619452330305956,0.16959280782400907,0.32668088189267724
16.830000000000002,0.7201940504083842,0.7502288460487899,-0.2555775438499162,-1.3803224918092056,-0.5553925950447143,-0.5739730056217639,0.14765793969205543,0.796798351337532,0.18935792607041407,0.16802318530832264,0.17513498695236793,0.32724891659188865
16.84,0.71679519547779,0.7475600998937819,-0.2639121374146043,-1.3832809718124948,-0.5529233025256758,-0.5723350798287102,0.16199548458111204,0.7831017733643133,0.1920080195756258,0.16992979112668632,0.18366273702060737,0.3251441769783394
16.85,0.7133283427218639,0.7448180027348044,-0.270320676050083,-1.3977474260453444,-0.5503783552143808,-0.5706110525861439,0.16362652512856268,0.7853056607378563,0.19474438326220167,0.1719151412561565,0.18633753577398607,0.3199686701907843
16.86,0.7097939631259418,0.7420030643595265,-0.2797487413374737,-1.4001563725799955,-0.5477579391078509,-0.5688019655034263,0.1782412289660157,0.7861501058582262,0.19756759862014178,0.17397999156352212,0.20072202252577317,0.31242787472065764
16.87,0.7061925415958167,0.7391157907893775,-0.2819658502163147,-1.3961402530712972,-0.545062259815412,-0.5669087548745965,0.18089462150950453,0.7738813447715018,0.20047820261728433,0.1761250855084969,0.2025732600705057,0.319781351061497
16.88,0.702524576847888,0.7361567041166941,-0.294485361341021,-1.4104642510554437,-0.5422915425189632,-0.564932318243409,0.19040528461618553,0.7852415995872822,0.20347668738681868,0.17835113488816978,0.21558484836816763,0.2998450958940732
16.89,0.69879058129595,0.733133285987915,-0.29797607200028625,-1.4691338951192079,-0.5394460319273267,-0.5628779300755928,0.1962934792887583,0.8187666863405428,0.2065634999334905,0.18065714535537572,0.22461784425076525,0.33768884735996446
16.9,0.6949910809346905,0.7300376828880905,-0.30685138568015946,-1.433961660254171,-0.5365259922247093,-0.5607343251415559,0.206292810357964,0.7707512977072303,0.20973904185857045,0.18304823017918687,0.23145307345129243,0.3372042380472222
16.91,0.691126615219888,0.7268676134336004,-0.3137197144494386,-1.4260111076519157,-0.5335317070132657,-0.5585113278769548,0.21156254061832944,0.7852551930194543,0.21300366910375274,0.18552186156311812,0.23815784631925974,0.3181129063671033
16.92,0.6871977369453763,0.7236482966635329,-0.3151429008772905,-1.4636007878680877,-0.5304634792498163,-0.5562140306751039,0.2239122949739047,0.7585935451889895,0.21635769171404662,0.18807645004727266,0.24937600571348922,0.32351065460190465
16.93,0.683205012116768,0.7203496035402708,-0.32664966579765997,-1.522000685664204,-0.5273216311767017,-0.5538330155918337,0.22584960993371,0.8038966523064424,0.21980137361979546,0.19071720694030503,0.2572120205913792,0.3144164198179435
16.94,0.6791490198219912,0.7169759499880564,-0.3313471246757881,-1.4492737032913101,-0.5241065042468116,-0.5513675809775136,0.2369112009766016,0.7575249447560263,0.2233349324379088,0.19344444897108207,0.2627761007071677,0.32073907473896274
16.95,0.6750303520986762,0.7135383739697485,-0.34207777926462307,-1.474467553223856,-0.520818459042824,-0.5488313651331544,0.24601696152506128,0.7604249156653896,0.22695853929236864,0.19625394325027853,0.2740534618415532,0.30937279502809484
16.96,0.6708496137983961,0.7100254624763152,-0.34804334906835266,-1.464975600289184,-0.5174578751906428,-0.5462103953284475,0.25009029452377235,0.7782545683863682,0.230672318654135,0.19915186912433502,0.2824666095719556,0.3151067531216883
16.97,0.6666074224478314,0.7064488715720615,-0.35332394078114515,-1.515370257688636,-0.5140251512670976,-0.5435200503153326,0.2621960357188027,0.8014129893457053,0.2344763482004693,0.2021328533102827,0.2876928790373395,0.31827715213291574
16.98,0.662304408106856,0.7028025410255391,-0.36053121756734885,-1.4523161267033864,-0.5105207047019051,-0.5407452634379236,0.26657610331297743,0.7513816921533655,0.238370658693777,0.20520303977592982,0.29588846070428526,0.3208766002807988
16.990000000000002,0.6579412132236135,0.6990850452473685,-0.36426390592704905,-1.4242519840169163,-0.5069449716739423,-0.537896487612803,0.27540005347446816,0.747593872372967,0.24235523388000424,0.2083593949786068,0.3071382218482517,0.29978525608156836
17.0,0.6535184924865952,0.6953120717926259,-0.3714640670139704,-1.5070072393738163,-0.5032984070018436,-0.5349784782008082,0.28030014939709025,0.7804866517654544,0.24643001040663248,0.2116001988574906,0.3133713964160764,0.3231685737535187
17.01,0.6490369126737568,0.6914680693857496,-0.37986498607908686,-1.4637322829605464,-0.4995814840289682,-0.5319765739583427,0.29128255826723554,0.7500217717630656,0.25059487776033185,0.2149319638984263,0.3239022192761501,0.2992744264707399
17.02,0.644497152498735,0.6875556351074383,-0.38573196150513783,-1.4450109390446353,-0.49579469450277475,-0.5289023537810598,0.2935210793321933,0.7485301916831414,0.25484967822426224,0.2183504887134096,0.33337092347224395,0.3046528660814053
17.03,0.6398999024541667,0.6835782894974161,-0.3915526097224072,-1.44554064271868,-0.49193854844861407,-0.5257550242246324,0.3021904479915548,0.7505189946368099,0.25919420685509964,0.2218564142588707,0.3418431425335394,0.30427753252839185
17.04,0.6352458646521846,0.6795378135492911,-0.398988094727769,-1.452183909816412,-0.4880135740380246,-0.5225344126037184,0.308894776678437,0.7595252421290191,0.263628211479739,0.22545018211401255,0.3467727121496786,0.3222955019524416
17.05,0.6305357526620899,0.6754352856354531,-0.4066521685739355,-1.4479620850304586,-0.4840203174515144,-0.5192407412192175,0.31721260340295443,0.7581199874730223,0.2681513927117454,0.22913202896755414,0.35421858033028814,0.3029302543075032
17.06,0.6257702913452872,0.6712996232191111,-0.40982968881627074,-1.5210895925255012,-0.47995934273592084,-0.5158809408354107,0.32305303182489414,0.7366420108987437,0.272763403987486,0.2328992273919251,0.36343711490176106,0.3031665709245409
17.07,0.6209502166874707,0.6670816649997404,-0.41727036751444313,-1.4960173754429729,-0.4758312316563548,-0.5124369223025658,0.3314122916023276,0.7340947156271229,0.2774638516219984,0.23675984937198483,0.3726312217585398,0.3005831328613747
17.080000000000002,0.6160762756281521,0.6627979544551361,-0.42173639944093183,-1.4755693205029279,-0.4716365835428016,-0.5089246690345334,0.34229470244241395,0.7562552834889507,0.28225229488451486,0.24070725333686355,0.3810485859989156,0.30625943568047076
17.09,0.6111492258875434,0.6585541248481448,-0.41633515536886284,-1.9231608911251654,-0.46737601513140137,-0.5053891875448046,0.34901452947731004,0.8061062000484235,0.2871282460936659,0.2447230200980068,0.39009595677373776,0.3308842580318398
17.1,0.6061698357908258,0.6542293708348433,-0.42880527424293763,-1.6914865351328066,-0.463050160400472,-0.5017099242923764,0.3545760557709533,0.6599828469782335,0.2920911707323119,0.2488564003783179,0.4001593883863658,0.2868749841685299
17.11,0.6011388840899,0.6497835638060073,-0.4398716414048879,-1.5706438432816494,-0.4586596704013287,-0.4979676536088641,0.358201546419927,0.6989332672266506,0.2971404875819372,0.25307573652788273,0.4074103366574129,0.2897972603825155
17.12,0.5960571597825887,0.6452587223505732,-0.4496670468839418,-1.501680164175503,-0.45420521308392237,-0.49416920628807603,0.3679633007050226,0.7292371771959919,0.3022755688766119,0.25737713039924154,0.4197758557066637,0.29010778673606447
17.13,0.5909254619294027,0.6406895941296676,-0.444412009038561,-1.5782643220672763,-0.4496874731173979,-0.49032378102312674,0.3674167165161057,0.7984091762268166,0.307495740476397,0.2617583309099882,0.4241274866542467,0.27587293684774106
17.14,0.585744599467867,0.6360673589806547,-0.45854261499253374,-1.549263010781856,-0.44510715170557347,-0.4863863572100833,0.3805946907807754,0.7201683791384972,0.31280028206019395,0.2662333159573298,0.4316860734866184,0.2753814936882462
17.150000000000002,0.5805153910244907,0.6313708498443583,-0.45778157575712225,-1.5027162162088366,-0.4404649663974408,-0.48238520438550425,0.38419257098696424,0.739389344136239,0.3181884273379015,0.2707952390225615,0.44245157315259487,0.2861895097065191
17.16,0.575238664724388,0.6266140167952582,-0.4683744225521057,-1.488182375878291,-0.43576165089272034,-0.478321298324254,0.3951346782847086,0.7163637294519011,0.32365936428185454,0.27544177979224943,0.44783195501978823,0.3104395472460982
17.17,0.5699152579986263,0.6218020025759273,-0.470974179525549,-1.4833390153108863,-0.4309979548425264,-0.47419264580785553,0.3982856049312233,0.7313187511320485,0.3292122353774232,0.28017362110490635,0.45792283693286406,0.30732345586737697
17.18,0.5645460173893485,0.6169373787121764,-0.477939617239269,-1.4749118341087724,-0.4261746436452326,-0.46999883208414883,0.40200579136458753,0.7219775364897494,0.33484613789266726,0.2849907436101438,0.46018600596127884,0.2866431045238685
17.19,0.5591317983526841,0.6120322476114353,-0.4792693983988722,-1.5805961775288158,-0.4212924982375584,-0.46574707622495315,0.4083360539766425,0.7956136709946949,0.3405601241669926,0.28989019287070766,0.47550221857248653,0.27954248126499986
17.2,0.5536734650595547,0.6070747637817727,-0.48707719661372045,-1.5086137506473347,-0.41635231488098173,-0.4614190552750025,0.4186249575719786,0.7041272054145891,0.3463532019186162,0.29487838694610036,0.4834920555991355,0.3060047187821627
17.21,0.5481718901943528,0.6020613404445351,-0.49794692826319575,-1.4940734563127012,-0.4113549049434978,-0.45702956406888334,0.4233715186384161,0.7139149705651574,0.352224334570812,0.299949859186504,0.48920112428598506,0.2828827331059954
17.22,0.5426279547516122,0.5969966886604973,-0.4956052119349932,-1.5105594832825766,-0.40630109467684583,-0.4525783890435996,0.42930731773470276,0.7128973864927347,0.35817244159671974,0.3051039526208144,0.4990875244983576,0.29957387326371226
17.23,0.5370425478306623,0.5919037296752753,-0.5018645677685873,-1.5284852825759558,-0.4011917249892072,-0.448072174522744,0.43304211546012855,0.7197733454017828,0.36419639888266564,0.31033744608729913,0.5052298980661822,0.2874834967550888
17.240000000000002,0.5314165664283627,0.5867701111468278,-0.5091731912260745,-1.5795252279990186,-0.39602765121351124,-0.4434991821127508,0.43999499762424266,0.692704369952244,0.370295039109778,0.3156548422174947,0.5112163401839398,0.3066262822603838
17.25,0.5257509152299342,0.5816050631358509,-0.5127530030989754,-1.600308738058226,-0.39080974287136117,-0.4388644641040819,0.4477520556960042,0.7059638260905676,0.3764671521537977,0.3210535185901045,0.5232651734639052,0.29557459673966013
17.26,0.5200465063979522,0.5763590187836204,-0.5161914531131181,-1.5555789954774748,-0.38553888343268294,-0.434158999583412,0.4513641192289735,0.6962093764096283,0.3827114855029193,0.3265369417401486,0.5276652541647391,0.2766192009971176
17.27,0.514304259359567,0.5710856976678185,-0.5169432607938184,-1.5765410341408133,-0.3802159700711737,-0.4294141680360048,0.4534257377847383,0.7000835484092777,0.38902674469345666,0.33209215122594077,0.5362233421087453,0.3139353535542835
17.28,0.5085251005919681,0.5657546723727609,-0.5278010178087991,-1.5691582011472693,-0.374841913415601,-0.42459049159654505,0.46538443451109246,0.6966616222396373,0.39541159376323387,0.33773229813384176,0.543746114252575,0.2869567641496951
17.29,0.5027099634061915,0.5603640793364184,-0.5292250767423632,-1.5241292636952066,-0.3694176372970599,-0.41971395481946244,0.470738835430999,0.7079616884434108,0.40186465572244157,0.34344879825067137,0.5527633923753843,0.27177107040638643
17.3,0.49685978772927253,0.5549252108037104,-0.5328835362982782,-1.509421757715238,-0.36394407849222077,-0.41478409515942527,0.4700693648645847,0.7171212294237262,0.40838451304184514,0.3492401488581559,0.5583893654199359,0.28579328824661276
17.31,0.49097551988484917,0.5494427354528891,-0.5364484210200445,-1.4997803644794114,-0.3584221864627073,-0.4097995095390408,0.48054483996604175,0.727467817784233,0.4149697081580857,0.3551062304079419,0.570307216789037,0.29154777613371163
17.32,0.4850581123722185,0.5439189864560869,-0.5392246935217482,-1.5034822019384184,-0.3528529230906141,-0.40476010810806534,0.4854198186476331,0.7016898157227707,0.4216187439959421,0.3610463495473524,0.5732586160528665,0.275608927624497
17.330000000000002,0.47910852364394907,0.5383554287202459,-0.5484139536469291,-1.5065868218657275,-0.3472372624103145,-0.3996663387320823,0.48911474585781767,0.7151726890691729,0.42833008450727084,0.3670595368968754,0.580002887673725,0.2761392985364642
17.34,0.47312771788206864,0.5327531119236351,-0.5514527223425887,-1.514636690940442,-0.34157619033658215,-0.39451891518338694,0.4934018305988235,0.6998284508401235,0.4351021552264782,0.3731446822627896,0.588569864063366,0.2636913441454102
17.35,0.4671166647728833,0.5271129421109312,-0.550556925564048,-1.5088539181242702,-0.3358707043891337,-0.38931866298858714,0.5021965809932672,0.6960165152567728,0.44193334384227423,0.3793005899619553,0.5939531798217433,0.2694801717172476
17.36,0.4610763392805254,0.521435730339993,-0.5555325022233117,-1.5116649090040657,-0.3301218134136996,-0.384066430983611,0.5060342978206622,0.6963031487740808,0.44882200078544776,0.3855260170795658,0.6012283208253084,0.28255997995482185
17.37,0.45500772141921714,0.5157222735087337,-0.5612943719903837,-1.5014982928567981,-0.3243305372996553,-0.37876314013373164,0.5098590458451239,0.7031778143988744,0.4557664398325136,0.3918196597018053,0.6091962614929404,0.2736894711114443
17.38,0.44891179602437903,0.5099854599595178,-0.5620438607270377,-1.6217850934838824,-0.3184979066943532,-0.37341780485511,0.5132997216729361,0.784020514419934,0.46276493872488955,0.3981772020268007,0.6123340435057852,0.27896509040822476
17.39,0.4427895525225675,0.5042509099649163,-0.5648903294485775,-1.6080118855572245,-0.3126249627141977,-0.36801902732950187,0.5223756237917043,0.6783541606196631,0.4698157398034515,0.4046010659931381,0.6207156576942673,0.27735947912228376
17.400000000000002,0.43664198470036425,0.498445214972983,-0.5729017045441734,-1.5482513047800366,-0.30671275665259334,-0.3625575616992987,0.5276866904562606,0.6679515157715893,0.4769170506581348,0.4110955322066166,0.6292293994346554,0.2864737505788159
17.41,0.43047009047222995,0.49259556817096284,-0.5785587268081284,-1.5282071881968542,-0.3007623496848156,-0.3570553012916205,0.5319663549180185,0.7076170639651088,0.4840670447923703,0.4176499250673424,0.6325894055615691,0.27798474163859177
17.42,0.42427487164738553,0.4867095407448478,-0.5775959131777002,-1.5211201978834972,-0.29477481256991445,-0.3515095095850149,0.5358294807592531,0.6985829298093251,0.4912638623020919,0.42426426345514884,0.6421305871488838,0.27794739788180656
17.43,0.41805733369581144,0.48079086980048436,-0.5790809076781386,-1.5206928327795632,-0.28875122534976305,-0.34591951225212286,0.5383238100939667,0.7113084424915628,0.4985056105689928,0.43093769815116345,0.6417923143337783,0.2581429752280472
17.44,0.41181848551336003,0.4748416487584323,-0.5880856867908638,-1.5216239290575118,-0.28269267704528145,-0.3402855842623948,0.5438452254539009,0.7231697942826035,0.5057903649678349,0.4376689534368455,0.6528161294798582,0.26729208240859365
17.45,0.40555933918611375,0.4688756438586408,-0.5862263939221,-1.6380815607241497,-0.27660026535000865,-0.3346167595784568,0.5453876217914345,0.7792163458575849,0.5131161695874357,0.44445352509291614,0.6539863878921647,0.28586846174807024
17.46,0.39928090975397096,0.4628791842650752,-0.5901721310240692,-1.551807607373691,-0.27047509632104,-0.32889166009556264,0.5529459998393644,0.6886725685141692,0.5204810379651486,0.4512977044483367,0.6614850818689312,0.27912910969502486
17.47,0.3929842149735965,0.45684823764037996,-0.5925666851535097,-1.535821312164826,-0.26431828406748725,-0.3231280757912429,0.559816709356553,0.7042437417848342,0.5278829538344214,0.45819425088768595,0.6631911034199435,0.2793591241391756
17.48,0.3866702750807042,0.45081212029705436,-0.5921608997005728,-1.5805006574326557,-0.25813095043650536,-0.31733382621576073,0.5570588291968962,0.6867825436221028,0.5353198718852659,0.4651381781346679,0.6709492942313762,0.30319632999228374
17.490000000000002,0.38034011255183037,0.444733912252061,-0.5966178301096323,-1.5362535084692728,-0.25191422469702984,-0.3114867934433697,0.5641250360915632,0.6916399661072363,0.5427897185372113,0.4721372173494382,0.6753979243452847,0.26020998065927076
17.5,0.3739947518655665,0.43862437222317746,-0.6004745863770112,-1.5312121907504725,-0.24566924322127265,-0.3056054940880735,0.5652690658718775,0.7088023284798382,0.5502903927245256,0.47918252333883543,0.6782614169457014,0.28669178236622145
17.51,0.36763521926335746,0.4324887261804021,-0.6009228438581168,-1.5084444914946467,-0.23939714916411228,-0.2996887474116274,0.5698540840853437,0.7048134828351815,0.557819766693349,0.48627313430660424,0.6856877482862515,0.2570508526535298
17.52,0.36126254250993933,0.4263468611815683,-0.6028162163338889,-1.5945282111831176,-0.23309909214046923,-0.2937446912603005,0.5729059071738644,0.6954075520880628,0.5653756868103958,0.4934044416333061,0.6914690855213244,0.2595229706074768
17.53,0.35487775065340943,0.4201749074930677,-0.6039483838521933,-1.543578115597145,-0.22677622790072963,-0.28775184557358563,0.5793338305155024,0.6925149689906889,0.5729559743829711,0.5005833588579057,0.6940608673592114,0.27629483211173866
17.54,0.34848187378506995,0.4139759210879511,-0.6057004100825809,-1.5253648518162386,-0.22042971800438624,-0.28172848081628354,0.5786764878301485,0.6983805508602803,0.5805584264898959,0.5078014345343269,0.6967077138221935,0.2580147867282173
17.55,0.3420759427990298,0.4077969460361487,-0.6060721683858593,-1.6120547462919739,-0.2140607294919136,-0.2756839298475377,0.5855841496627445,0.6519684729074304,0.5881808168230769,0.5150531280566788,0.7007019106933684,0.2442277786458658
17.56,0.3356609891516876,0.4015665883982539,-0.6138705240219975,-1.5497773623052782,-0.20767043455505108,-0.26958972948131943,0.585742946083972,0.6741916538234443,0.5958208965393106,0.5223486110488871,0.7031479111514136,0.2740347852928408
17.57,0.3292380446210907,0.39530973300810934,-0.6106247124658206,-1.5239330887717026,-0.20126001020554193,-0.2634702451362625,0.5902515271162576,0.6841946646558191,0.6034763951220734,0.5296764250455924,0.7061664773131192,0.2723294388625062
17.580000000000002,0.322808141066302,0.38926574722600765,-0.6032742811748207,-2.1707632264435053,-0.19483063794247013,-0.25739746847041606,0.5983487457116088,0.5408436160745794,0.6111450212528365,0.5370058162475533,0.7124325576300272,0.2626191431686367
17.59,0.31637231018676076,0.3830467963625094,-0.6137370689050219,-1.7782246604969263,-0.18838350341825502,-0.251164461199625,0.6003681279682735,0.5894220748481079,0.6188244636916654,0.5444183021022793,0.71338180824623,0.26978419367489875
17.6,0.3099315832817409,0.3767507552049795,-0.6144435087361022,-1.6411751931381982,-0.18191979610344144,-0.24493954662768333,0.5963449084596207,0.6571879989732092,0.6265123921666954,0.5518454428516948,0.7142170360571568,0.2495378046191195
17.61,0.30348699100997384,0.3704163564671884,-0.6185687382174712,-1.5524421852812968,-0.1754407089503829,-0.2387041165295106,0.6023180091141115,0.6821973481560345,0.6342064582721022,0.5592925172059876,0.7187739323098215,0.26726300752811954
17.62,0.29703956314943697,0.3640684314018122,-0.6189914401957898,-1.5425838846794,-0.16894743805588164,-0.23245785847361572,0.5985900638938375,0.6824968157781587,0.6419042963742967,0.5667591582175329,0.7206020314196455,0.27428609313006996
17.63,0.29059032835745136,0.3577126836775923,-0.6266535258796327,-1.5374557051779139,-0.16244118232296184,-0.22617846650560958,0.5993592980007597,0.686858849343591,0.6496035245258514,0.574249056559314,0.7218705946052322,0.2546547634517538
17.64,0.28414031393106115,0.3513374202607876,-0.6218709568726594,-1.5268883919370795,-0.15592314312179462,-0.21987789982300268,0.6098535183139475,0.7150853405561398,0.6573017453869316,0.5817592884986357,0.7248074025226314,0.26569706351017236
17.650000000000002,0.2776905455678243,0.34499409929931346,-0.6263134591138154,-1.5945845054493297,-0.14939452394995037,-0.21356823991645232,0.6100076390425115,0.6579767113173295,0.6649965471537376,0.5892820455509233,0.7283575385625403,0.2610786517684291
17.66,0.2712420471270308,0.33861025714088855,-0.6254039935258755,-1.5459431155777807,-0.142856530092045,-0.20721987188315052,0.6055440091932601,0.6852586295344301,0.6726855044936703,0.5968274388810563,0.734996081052831,0.25510165231156634
17.67,0.26479584039140536,0.33222431762157156,-0.6231360904986813,-1.66069874106179,-0.13631036827887713,-0.20086636432568028,0.6113528322883299,0.7908632834932208,0.6803661794868161,0.6043808809119945,0.7278637967197855,0.28494366985200736
17.68,0.25835294482940296,0.3258278470367303,-0.6258290923173987,-1.5325118641885802,-0.12975724634620123,-0.1944823070090205,0.6151549507298919,0.700899503840416,0.6880361225733347,0.6119490535507861,0.7311737359118844,0.26410604034229496
17.69,0.25191437735807853,0.31944348271708367,-0.626135651786332,-1.600633598524413,-0.12319837289318866,-0.18809336355580739,0.6161581271070588,0.6908096784822951,0.6956928735064508,0.619521599723809,0.7327771188149121,0.2709371001091462
17.7,0.24548115210666946,0.3130368420801354,-0.6272520517714407,-1.5541536589579408,-0.11663495694073242,-0.18167581942032957,0.6179832388342754,0.67310626312783,0.7033339623105807,0.6271053697459391,0.7330119095648605,0.26747892851983707
17.71,0.2390542801808651,0.306620363519179,-0.6266012203198467,-1.5254635053164876,-0.11006820758964568,-0.17524827925399716,0.6151794580438632,0.6913709038731533,0.7109569102442805,0.6346913834280248,0.7310962099817467,0.2744735188205
17.72,0.23263476942791758,0.3002000244848589,-0.6295891309249237,-1.506681139498213,-0.10349933367892594,-0.16880920018352458,0.6180809412709866,0.7083114724348755,0.7185592307675627,0.6422782967647906,0.7320164798948623,0.244888594602371
17.73,0.22622362420254394,0.2937788527576323,-0.6270880906639346,-1.5073805457681015,-0.09692954344410608,-0.16235856841295454,0.6203793051842799,0.703454102697123,0.7261384305132692,0.6498642336650985,0.7290725217155738,0.24910493042823195
17.740000000000002,0.21982184513378156,0.2873585723201643,-0.6303893641365153,-1.5141269037498133,-0.09036004417588483,-0.15589703878566827,0.621849815700115,0.6887521609594925,0.733692010262011,0.657447039471566,0.7325184068564805,0.2646346711044655
17.75,0.21343042889277652,0.28094043247924283,-0.6282018101121114,-1.490092578144409,-0.08379204187907395,-0.14942561680444605,0.6236424953415198,0.7178212562277783,0.7412174659203828,0.665024410450103,0.7316459908858068,0.2563055374262618
17.76,0.20705036796158754,0.2745253760335271,-0.631382629790074,-1.499843283182681,-0.07722674093198337,-0.1429453826530582,0.6226566811060884,0.7032875453988766,0.7487122895020055,0.672594002648644,0.7299341584151029,0.2683277452507001
17.77,0.20068265040309075,0.2681143002067072,-0.6291624914602073,-1.5000016641360059,-0.07066534374638984,-0.1364575348309268,0.6256510594561825,0.7009191096467342,0.7561739701109802,0.6801534150278736,0.7310119929655985,0.28135210302094954
17.78,0.19432825963198008,0.26170812021667733,-0.6264524222560122,-1.4919739605187905,-0.0641090504281161,-0.12996328477188646,0.6241159056580265,0.6874701692268333,0.7635999949274415,0.6877002302850521,0.7320120305242303,0.2724824102622503
17.79,0.18798817418699376,0.255307704422264,-0.6261741138841161,-1.4930337543348806,-0.05755905843840497,-0.12346383059981207,0.6256031514289131,0.7014379206726875,0.770987850194693,0.6952320281208937,0.7287585824215721,0.2759101519082323
17.8,0.1816633675043457,0.2489139484811456,-0.6282091861168322,-1.499242264082298,-0.05101656225611968,-0.11696037721120245,0.6215492211499234,0.7006450944161005,0.7783350222076603,0.702746371962003,0.7246617762417755,0.2659172747356194
17.81,0.17535480769249204,0.24252770419935146,-0.6246157460936984,-1.5201582357823782,-0.044482753040946774,-0.11045411232221744,0.626194093547093,0.6981063520717388,0.7856389983021427,0.7102408298964074,0.723688761275864,0.2581373421372503
17.82,0.16906345730821473,0.23614987086390885,-0.62696755062627,-1.5106653304851234,-0.037958818297619795,-0.10394626880565026,0.6222686689911134,0.713562943791358,0.7928972678445649,0.7177129440303894,0.7246621247599095,0.27000564188325965
17.830000000000002,0.16279027313414868,0.22978131937067706,-0.6247710509330525,-1.4978478343401391,-0.03144594154135959,-0.09743801747807028,0.6253610087819998,0.6939158549585229,0.800107323221743,0.7251602679166299,0.7180842900789046,0.2680909274153073
17.84,0.15653620595774922,0.22342290331026896,-0.6208411852480733,-1.4861526212409881,-0.024945301964551275,-0.0909305695539356,0.6279005311111848,0.6916919360460213,0.8072666608303471,0.7325803432419086,0.7148695158271641,0.2652703064364733
17.85,0.15030220035178027,0.2170755647313414,-0.6199200094108768,-1.4859797470720353,-0.018458074104801624,-0.08442515814219616,0.6256464825929774,0.6810646427865411,0.814372782065597,0.7399706950410679,0.7127206292337733,0.2649696518481513
17.86,0.14408919445638863,0.2107401522744033,-0.6216608574509741,-1.497217670491905,-0.011985427514494947,-0.07792291312542994,0.6240624790862164,0.6994463095910199,0.8214231943088207,0.7473288765078491,0.7082023821887791,0.26075848638199584
17.87,0.13789811976277844,0.20443453731134695,-0.6165117825125097,-1.568513457994444,-0.005528526431887212,-0.07143307554688857,0.6253401496684834,0.7301129552501258,0.8284154119134962,0.7546496164904958,0.7087498055719323,0.26796458632459885
17.88,0.13172990089859116,0.19813438914632714,-0.6173682241103146,-1.5133605073880998,0.0009114705460915445,-0.06493494011768981,0.6261764435934066,0.7114364649784684,0.8353469571893253,0.7619379816243543,0.6999918578063277,0.25931006972049486
17.89,0.12558545541498306,0.19186605185616604,-0.6170726296613511,-1.5505569551596643,0.007333410789279585,-0.05845486676960356,0.6262047763462597,0.6846019022347313,0.8422153613840203,0.769182846313452,0.697866739053659,0.2840496598806274
17.900000000000002,0.1194656935755237,0.18559494197888565,-0.6143960619200638,-1.5103978853804643,0.013736147957832338,-0.05197020243706772,0.6209371654277167,0.6935567997013549,0.8490181656623113,0.7763901459377276,0.6962737102547047,0.2645003608649883
17.91,0.11337151814689445,0.17933253259099002,-0.6108131329133132,-1.5036426001919128,0.020118542323810072,-0.04549909248601421,0.6240700793665338,0.6993800898594655,0.8557529220818725,0.7835514029275471,0.688135276531628,0.2756046155603365
17.92,0.10730382419148396,0.17308457005557162,-0.6108070369672416,-1.4876539618421571,0.02647946109069823,-0.039040219900510834,0.6250393930263537,0.6993382296905866,0.8624171945657263,0.7906649812839118,0.6928557098682373,0.2649936085684058
17.93,0.10126349886193642,0.16685400913155765,-0.6097890079297237,-1.4723883598787153,0.032817778710728815,-0.032593614418440775,0.6175019479496633,0.7169090159220772,0.8690085598707169,0.7977288360189234,0.6833457404294718,0.26145649845618896
17.94,0.0952514211976501,0.1606426142459222,-0.6056425279748203,-1.4856341636894173,0.039132377199974165,-0.026159916771841128,0.6186203593732174,0.7096773738423743,0.8755246085517194,0.8047406967106359,0.6795545370101654,0.28391833888455864
17.95,0.08926846192335372,0.1544515745831275,-0.60850004410082,-1.4648962602658808,0.04542214645103558,-0.019740082292279134,0.6184038494840091,0.6943546894509032,0.881962945921135,0.8116981904346823,0.6672487577743025,0.26650786728829334
17.96,0.08331548324973173,0.1482819424362003,-0.6066158257546784,-1.4834368494759638,0.0516859845433134,-0.013335185308213048,0.616211828069683,0.7050258287789324,0.8883211930033301,0.8185989011694138,0.6660283054629129,0.28569528915156167
17.97,0.07739333867621348,0.14215780152652124,-0.6035545929598124,-1.5538005243256223,0.057922798050688735,-0.006953964427776195,0.6145487515377305,0.6789881502487976,0.8945969874835983,0.8254377271321782,0.6619249742245946,0.26222719017519436
17.98,0.07150287279591727,0.13604158392615903,-0.599977818309184,-1.4931316383065507,0.06413150234658736,-0.0005762480336813491,0.6135499485320169,0.7049743636115119,0.9007879846513098,0.8322196531658754,0.6567132224512809,0.2735944479669983
17.990000000000002,0.06564492110285497,0.12994282711058566,-0.5985666826919326,-1.4668913400637213,0.07031102190627234,0.0057794925937402885,0.6141186057038786,0.688216489311634,0.9068918583368012,0.8389363350686724,0.6470034315209516,0.28255205302294695
18.0,0.059820309801384364,0.12386634432053573,-0.5917517415801195,-1.4729127892235119,0.07646029060633161,0.012114214072659779,0.6116451312160749,0.7166302679060054,0.9129063018416996,0.8455860172620955,0.6418244199036993,0.2583930650199142
18.01,0.054029855618003275,0.11781464376078797,-0.5937124760288796,-1.4645089107463467,0.08257825202122922,0.018427705065471624,0.6078029407230878,0.7136182188155917,0.9188290288622507,0.8521666263058347,0.6370784555138835,0.2839600870423874
18.02,0.0482743656155169,0.1117965055668272,-0.5847595337807545,-1.4771329825455581,0.08866385971683259,0.024712136905432905,0.5990594584784603,0.7130233153150576,0.9246577744052953,0.8586747178203735,0.6292849992135437,0.26226553462276253
18.03,0.04255463700960074,0.10581121471435118,-0.5913517667599968,-1.4851332522456389,0.09471607754086021,0.03098462047483879,0.603218410381904,0.7098097217940778,0.93039029569655,0.865110397670863,0.6249753473529692,0.28521849312966957
18.04,0.036871456987852685,0.09984514474944459,-0.5876998510694891,-1.4745895524278834,0.10073387991010478,0.037232366988428994,0.5977708403800674,0.7188664968874348,0.9360243730807716,0.8714711173969013,0.6150863406595601,0.2873919965797071
18.05,0.031225602531318064,0.09390506942962026,-0.579432141002455,-1.4751967302482827,0.10671625209440462,0.0434532683366165,0.599079792980281,0.7197391926616277,0.9415578109135029,0.8777529147380592,0.6032387452167508,0.28451152907869415
18.06,0.025617840238590983,0.08801619385008595,-0.5811786931622893,-1.5210380826439915,0.11266219049723092,0.049640023812917204,0.5968939645222257,0.6911883968345138,0.9469884384439875,0.8839513698780989,0.5970868713081073,0.28577377622472067
18.07,0.020048926152486324,0.08215006245641923,-0.5721621257565244,-1.4864259250930034,0.11857070293282927,0.055805558151270765,0.5905896386461185,0.7057499692044982,0.9523141106889315,0.8900700452917443,0.5898632225427918,0.27493746457130436
18.080000000000002,0.014519605589364631,0.07631444864148482,-0.5689069600522008,-1.4803356895500646,0.12444080889981887,0.06194982974875394,0.5923089561682557,0.6970998376646252,0.957532709296736,0.8961034115367251,0.5856482162752046,0.26874766531251326
18.09,0.00903061297111396,0.07049986550238412,-0.5681909030589966,-1.4591462091583278,0.13027153985118037,0.06806250745680953,0.5876091378522049,0.7233655591189512,0.9626421434018722,0.9020497786756604,0.5742694773177504,0.30031477510711946
18.1,0.0035826716598552355,0.06471466073359029,-0.5676044341012453,-1.462431166022444,0.13606193946053308,0.07414238597891276,0.5861802303872542,0.7217597854185545,0.9676403504690434,0.9079055881607221,0.5646421348751858,0.2679814944191531
18.11,-0.0018235062045880712,0.058962230928045506,-0.5602872358539623,-1.4301260428620974,0.14181106388462655,0.08018994034596566,0.5802421690448422,0.7119654041639202,0.9725252971267832,0.9136691029179121,0.5574762201756451,0.2731971810573713
18.12,-0.007187219864437211,0.053244424589833306,-0.5607716896001688,-1.4416176927515976,0.1475179820219883,0.08620474850022022,0.5776853324105209,0.7224255296580383,0.9772949799901707,0.9193383190131547,0.5522955866099787,0.2841544421772804
18.13,-0.012507780100852156,0.04758374312782617,-0.5562179012587256,-1.489933010895404,0.15318177576759004,0.09217916884331129,0.5755472354825482,0.7124051183147175,0.9819474264723141,0.9249088895400571,0.5374930813434025,0.26914922125847435
18.14,-0.017784509387976988,0.04194580653032262,-0.5526996064793493,-1.4461770498391777,0.15880154026354376,0.0981315420350681,0.5722167679293314,0.7158852363248237,0.9864806955842982,0.9303848729091345,0.5270232419962535,0.29320012420030206
18.150000000000002,-0.023016742044045607,0.03633932337627441,-0.5503456460606891,-1.443676197622344,0.164376384145657,0.10404520518479651,0.5699868844319486,0.7073099491528227,0.9908928787232328,0.9357591946371062,0.5215231683396764,0.28294619634464
18.16,-0.028203824379559317,0.030805808607588313,-0.5427602019251424,-1.5517237214033903,0.16990542978584405,0.10990697124891237,0.5666294599392465,0.7251225463483083,0.995182100448132,0.9410258987865883,0.5089231250013633,0.28817525165167973
18.17,-0.03334511484247729,0.0252886686344744,-0.542286443324183,-1.4801399836782072,0.1753878135302893,0.11575592279217235,0.5604557831493334,0.7275910805431407,0.9993465192432675,0.9461951446283345,0.496514970881885,0.2729691697054326
18.18,-0.03843998416036923,0.019798458595345715,-0.5396352492138917,-1.4460368899917118,0.1808226859332758,0.12155984767060442,0.5599184535493528,0.7285563076017151,1.0033843282687065,0.9512556131162737,0.48830269222297784,0.26723078197643774
18.19,-0.04348781547954397,0.014343760583345239,-0.5352699190625241,-1.410759152185588,0.18620921198665355,0.12732152890728796,0.5533921733398788,0.7354173674508317,1.0072937560977444,0.9562061659121867,0.4810579987054029,0.29648614596925177
18.2,-0.048488004501058,0.008928463362033309,-0.5324957030954568,-1.4096647122912085,0.19154657134481992,0.13304184340086325,0.5507188941425781,0.7308137095728365,1.0110730674408939,0.9610453730745037,0.4676943042913225,0.2782015352854131
18.21,-0.053439959613629295,0.003641982698453748,-0.5115888525725817,-1.8509268192333448,0.19683395854520327,0.13867298790254662,0.5422172199759239,0.9045796723613165,1.0147205638561858,0.9657601395274591,0.4553640811117475,0.31212437352693856
18.22,-0.058343102023375004,-0.0014648061443017675,-0.49830803477852326,-2.4098011744909247,0.20207058322412458,0.14427082866865015,0.5452974618138693,1.021165655749812,1.0182345844454535,0.9703586001525054,0.44824400425701183,0.31210657779541834
18.23,-0.06319686588038201,-0.006615731077895432,-0.5101569017845154,-1.8315884939119558,0.20725567032802894,0.1499225322514859,0.5403989953351006,0.600291157991622,1.021613506536342,0.9748671566900088,0.43752176652889463,0.2726208727725316
18.240000000000002,-0.06800069840204415,-0.011809658621802353,-0.5115329494419875,-1.6282406817232253,0.21238846031996778,0.15550464246634435,0.5370798871765974,0.6517377823630535,1.024855746349755,0.9792525321112355,0.4235402783477282,0.2869823736247918
18.25,-0.0727540599931652,-0.01701979428630665,-0.5159265279243352,-1.5004322369907406,0.2174682093813144,0.16102801255664173,0.5266318218965396,0.6969466288636821,1.027959759652478,0.9835133524964682,0.41509122125825176,0.2967124691669006
18.26,-0.07745642436278569,-0.022205594722880702,-0.5097046741558119,-1.4205820891078638,0.22249418960862768,0.16649233484742246,0.5271534705787437,0.7200899721364987,1.0309240423947077,0.9876476788765385,0.39649409610122743,0.3011340929960521
18.27,-0.08210727863769451,-0.027351592632713,-0.5064107153362107,-1.40800341674422,0.22746568920560647,0.1719050146068818,0.5217712418095567,0.7406763302074704,1.0337471313322242,0.9916562176561161,0.3874030740547912,0.31098840577249715
18.28,-0.08670612347262396,-0.032451238708131595,-0.4985603099527696,-1.382094496733758,0.23238201267008413,0.17726862580654482,0.5157209034100201,0.7535790290022181,1.0364276046329643,0.995538272727848,0.3750005219429612,0.31762701926361814
18.29,-0.09125247315706975,-0.0375016645013094,-0.49612167346726177,-1.3907502573886676,0.23724248097599543,0.18258378179988075,0.5087186908116512,0.7385672571073824,1.0389640824677406,0.9992925579605251,0.36589281079666147,0.2927541718889714
18.3,-0.09574585571874641,-0.04250158860191608,-0.4866565067914865,-1.3821797446695627,0.24204643175028642,0.18785021748811967,0.5043416031207409,0.7266834359123112,1.0413552275848776,1.0029175615131276,0.34839869299229675,0.2992451250533546
18.31,-0.10018581302360938,-0.04745035202098644,-0.4854640791261858,-1.3818520813565458,0.24679321944466076,0.19306734162920702,0.5023439334166784,0.7593742190294266,1.0435997458685145,1.0064116988146286,0.3376075162532327,0.30615060848073605
18.32,-0.10457190087246979,-0.05233449204733148,-0.4773663371301904,-1.4406613127329686,0.25148221550219,0.19822856987619245,0.49719398769598716,0.7653770935441572,1.0456963868803684,1.009771754824534,0.3249023306102907,0.3151895332745615
18.330000000000002,-0.10890368909412809,-0.057173208140785615,-0.4694398432824396,-1.3989802786388954,0.25611280851864937,0.20334928503020433,0.4912016568564377,0.7412839995058123,1.0476439443847232,1.0130005338912926,0.31561035963478457,0.2820799477889311
18.34,-0.11318076163503972,-0.06196508594725269,-0.4666128123282694,-1.3876245141733619,0.26068440439859897,0.20841581102855317,0.48808708780054477,0.7447252462721964,1.0494412568564297,1.0160931561039455,0.2953278491103911,0.30697127385726114
18.35,-0.11740271664548432,-0.06670657901267286,-0.4644410192406867,-1.378655906530819,0.26519642650614333,0.21342879212821014,0.48091890707214524,0.750359071805168,1.0510872079717286,1.0190483501521939,0.2859583077045042,0.29558059549685417
18.36,-0.12156916656219469,-0.07139611824048975,-0.46151607343639867,-1.3627293433941021,0.26964831581028764,0.21838822092361984,0.47831317468260487,0.7618004007424223,1.052580727081671,1.0218648697984238,0.2745006475911466,0.31334546856960954
18.37,-0.12567973818746592,-0.07603292302099521,-0.45187059761476295,-1.3606593787979566,0.2740395310249164,0.22329365902359102,0.47083208532975407,0.7438361110320795,1.0539207896679672,1.0245413849499776,0.2568918035890151,0.3045689906281294
18.38,-0.1297340727646843,-0.08061643184808122,-0.4482785987378125,-1.361960703536274,0.27836954874328546,0.22814449315582305,0.4698452777388779,0.7568622500159403,1.0551064177810625,1.0270765439822607,0.24549780224686887,0.3129741306225294
18.39,-0.1337318260502885,-0.08514630200071294,-0.44282172432820827,-1.3405526574610886,0.2826378635670309,0.23294013870334493,0.4605376615684385,0.7703664192688254,1.056136680460268,1.0294690382295473,0.2305739453601418,0.30379171370204466
18.400000000000002,-0.13767266838212466,-0.08962219819103931,-0.43711651251247524,-1.3451186675007647,0.28684398822963386,0.23767990537478217,0.4554010262502229,0.770130183285875,1.0570106941357715,1.031717573118839,0.21848367543010558,0.3070745165399039
18.41,-0.1415562847441948,-0.09404376112545941,-0.4320945616123433,-1.34073436009118,0.29098745371431317,0.24236315274924697,0.4508583543155365,0.7635970475094629,1.0577276230123753,1.0338208974811094,0.2047680136377698,0.3025263988271077
18.42,-0.145382374827779,-0.09839461856356103,-0.4283738382129385,-1.389439890505938,0.2950678093663203,0.24698428619638074,0.4434219535935474,0.7597259180183826,1.058286679434787,1.0357763716202029,0.189525821805124,0.31656080770804995
18.43,-0.1491506530888987,-0.10270136656302195,-0.42214440022781835,-1.361684418893646,0.29908462299956573,0.25155675799437593,0.438312482362649,0.7540799476490783,1.0586871242343285,1.0375868318279073,0.1758192450135391,0.324931960791842
18.44,-0.15286084880214731,-0.10694630385847573,-0.41401400795719834,-1.400975659890579,0.3030374809976031,0.256063357365729,0.4363077448508941,0.774496630659465,1.0589282670569156,1.0392466284306678,0.16369662665526105,0.32790877714511935
18.45,-0.15651270611081952,-0.11114314933773889,-0.41399858204874707,-1.3692826683669816,0.30692598840888013,0.26051880971743563,0.425733970026591,0.7547613377719037,1.0590094666721706,1.0407586005850733,0.14593617980250528,0.29973596881302755
18.46,-0.1601059840733901,-0.11528941179070253,-0.4060821442284435,-1.3371006128211067,0.3107497690362806,0.26491211236432965,0.4216534362031702,0.7579031195790213,1.0589301312635506,1.0421191897417732,0.13079029322066008,0.32526665206830135
18.47,-0.16364045670627286,-0.11938157194115001,-0.40148041008469976,-1.3309483068005084,0.3145084655208923,0.26924425307078775,0.41722737480343947,0.7796285153101958,1.0586897186993647,1.0433276824593376,0.11455448409380749,0.3137034202540846
18.48,-0.16711591302289683,-0.12341793909692586,-0.39068698240721655,-1.3304604467101122,0.31820173942000124,0.2735153839060322,0.4104309740380579,0.7927280776748481,1.0582877367845684,1.0443833359823582,0.10455703088525724,0.34457920631854655
18.490000000000002,-0.17053215706905644,-0.1273977988065085,-0.39098612144321865,-1.3160032401805164,0.32182927127926875,0.2777253814703178,0.40564115063702816,0.7812472568454125,1.0577237434932403,1.0452853646165092,0.08781810615529181,0.3190193833868312
18.5,-0.17388900795454237,-0.13132068592066212,-0.38252368197338316,-1.3154302973955894,0.32539076069909617,0.2818738417560967,0.3981585538858413,0.7781604457016262,1.056997347181633,1.0460329538353017,0.0758032830109631,0.33630539610176724
18.51,-0.1771862998810549,-0.13518627024303717,-0.3816096305869945,-1.3258117987369213,0.3288859263951316,0.28596036802100133,0.394483224736143,0.7796272135509696,1.0561082067817176,1.0466253245335988,0.057945522641912335,0.3339775268021948
18.52,-0.18042388216636507,-0.13898980119661744,-0.3727858199771274,-1.3141446070486331,0.33231450625291237,0.2899802508398838,0.38833999199013886,0.7880516720829369,1.055056031975146,1.047061405973376,0.04617584817961573,0.32818370471288194
18.53,-0.1836016192647542,-0.14273206430522015,-0.3710389189732978,-1.3470558730497297,0.33567625737664264,0.2939439984312793,0.3811684336065288,0.793676432667383,1.053840583347542,1.047340922078591,0.029004422622664408,0.3598244902617421
18.54,-0.1867193907836892,-0.14641523145257887,-0.3593429066211173,-1.382081797553768,0.33897095613205264,0.29783944525179934,0.37739577343630054,0.8174655742072456,1.0524616725230789,1.0474629690627104,0.014665945827868149,0.3306672625625516
18.55,-0.18977709149677247,-0.1500500169759926,-0.35657927138301143,-1.3280615719750768,0.3421983981833787,0.30166984590630064,0.37029664857985134,0.7765327425578437,1.0509191622792668,1.0477012940426003,0.06203187958740131,0.3085861387279805
18.56,-0.1927746313529121,-0.15362801280086674,-0.3504651296824098,-1.2797409097859718,0.3453583985244095,0.30544390625579654,0.3630223927683141,0.8367148348575255,1.0492129666419174,1.047797504572456,-0.010349867765337927,-0.25755043896246027
18.57,-0.19571193548176696,-0.15714825518554873,-0.34691178337718515,-1.3277872639586157,0.3484507915036179,0.3091473294460091,0.35321787011802147,0.731116168555075,1.0473430509602282,1.0478145780749022,0.024012580026090226,0.24927178909070313
18.580000000000002,-0.1985889441954163,-0.1606059655339311,-0.3373521691199717,-1.2682377631669932,0.3514754308433551,0.31279428058491465,0.3513743393025022,0.8348602504360649,1.0453094319619773,1.0475307620866932,-0.05224252813678481,-0.2585174520524908
18.59,-0.20140561298628573,-0.16401444136549823,-0.33133618390203085,-1.2769985058010673,0.3544321896531192,0.3163627998052348,0.3423939942898794,0.7965730515658301,1.0431121777887762,1.047462926405039,0.0002609365808239621,-0.3480089817958981
18.6,-0.20416191252132515,-0.16735823645946,-0.32671904570992477,-1.283661800177617,0.35732096043687817,0.31987466062249764,0.3397425734896332,0.8026115082874512,1.040751408011386,1.0472028603991705,-0.02366552803309444,-0.34277725305510004
18.61,-0.20685782863241475,-0.17063970413451687,-0.3187024604196973,-1.3024666431881093,0.36014165509445306,0.3233225452158136,0.3321128781512773,0.7911470930152602,1.0382272936250823,1.046728283134833,-0.0451659527146771,-0.35432639128471943
18.62,-0.2094933623030482,-0.17386084890214562,-0.3132838677131725,-1.2971500284035344,0.3628942049169753,0.3267050423837569,0.3296103780224458,0.8052565927024019,1.035540057025055,1.0460437854661666,-0.06643173073288436,-0.3557091591745356
18.63,-0.2120685296512496,-0.17702236742721336,-0.3080609261603729,-1.2994578710570093,0.3655785605763887,0.33002147643000607,0.3182484644982536,0.7997889968130376,1.03268997196188,1.0451537324738034,-0.08471348979815961,-0.3500061051839878
18.64,-0.21458336190876598,-0.1801245430031983,-0.30375636245321036,-1.277114798235146,0.3681946921090398,0.33327152009346495,0.30752483190516333,0.8049553143211138,1.0296773634770378,1.0440621866305138,-0.10556877462158235,-0.3449900762085103
18.650000000000002,-0.21703790539651666,-0.183161590423505,-0.2949556681201477,-1.3351065699632816,0.3707425888933331,0.33645127012812914,0.3037525148502695,0.8392217520092989,1.0265026078185444,1.0427721407559136,-0.12265393727189175,-0.35358211069690776
18.66,-0.21943222149631186,-0.18611058776501857,-0.2897196847692364,-1.3736032373332538,0.3732222596214691,0.33956233606933933,0.2997147710282433,0.786194978646391,1.0231661323366965,1.0412866293832868,-0.14102706468383655,-0.32741069529866085
18.67,-0.22176638661886272,-0.1890245857366169,-0.284551174185495,-1.2986491931229855,0.37563373226528424,0.3426199587440639,0.2938748430612831,0.79970127345508,1.019668415359975,1.039613836029821,-0.15927782541396338,-0.34116174661784104
18.68,-0.22404049216806388,-0.19188830138048427,-0.28028064088593907,-1.2882516017978396,0.37797705403618775,0.34560557563703104,0.28292334139520314,0.7911508724894606,1.0160099860511767,1.0377515228373484,-0.18033591995022533,-0.3441622948454409
18.69,-0.2262546445015869,-0.19469587429355364,-0.278672333984235,-1.2743648085935602,0.38025229133922256,0.3485219747077658,0.28090286010975574,0.8114999218524453,1.0121914242437868,1.0357030126357354,-0.19574247806509792,-0.33492774294887134
18.7,-0.2284089648877661,-0.19744493525193985,-0.2674069615758525,-1.2593624881133236,0.3824595297212545,0.35137037792786424,0.27403063679144185,0.8055371393438856,1.0082133602587109,1.033471143109867,-0.21328999739926882,-0.3443373643914773
18.71,-0.2305035894588217,-0.20011978237743072,-0.2656007089107288,-1.2931063879507432,0.3845988738133273,0.35414674161111614,0.2668609707638934,0.8144806440827241,1.0040764747013737,1.031057118667894,-0.23543499190760442,-0.33865295183759436
18.72,-0.2325386691603881,-0.2027252366652768,-0.2571217812861343,-1.3188065772688145,0.3866704472671666,0.3568596986218236,0.26411055269692085,0.7970292372405589,0.9997814982393329,1.0284654087003235,-0.24753949684696036,-0.33468807157817754
18.73,-0.23451436969740935,-0.20529007029673443,-0.25020761858979246,-1.274919905258621,0.38867439268589954,0.3595108677622134,0.25350147952899116,0.8358615009395625,0.995329211360426,1.0256987229863554,-0.2688804464918719,-0.3307538118492363
18.740000000000002,-0.23643087147637462,-0.20780067875570096,-0.24565864111506108,-1.2562847414823655,0.39061087154896873,0.36209143898377283,0.2493632172873231,0.800831770156807,0.990720444111606,1.022756435996467,-0.28300179288170174,-0.3350074261791754
18.75,-0.23828836954393062,-0.2102534622672433,-0.24346526390559411,-1.2422795131153719,0.3924800641312961,0.36460340814777226,0.2407667549441308,0.8258841314592346,0.9859560758185231,1.0196408908183634,-0.3043650729943424,-0.3719351139185971
18.76,-0.24008707352188866,-0.2126470216313455,-0.23285847991066844,-1.242769338681413,0.3942821694167129,0.3670476205938696,0.2326453947278644,0.8437678500799046,0.981037034785983,1.0163540470548493,-0.31951872589433744,-0.3460595288055718
18.77,-0.2418272075386166,-0.2149808757538407,-0.2269793305419808,-1.2307270548821243,0.3960174050056735,0.36942444576475114,0.22865460933662063,0.7990589078139647,0.9759642979794096,1.0128976543322188,-0.33297566355039127,-0.3148483078006759
18.78,-0.24350901015687004,-0.2172549657099583,-0.2183768005234667,-1.242664048128396,0.3976860070173005,0.3717340830568831,0.2223147913574936,0.8051322616281705,0.9707388906874039,1.009273354000005,-0.3509417464992181,-0.31795115071525754
18.79,-0.2451327342980515,-0.21946931353790555,-0.2158758063990187,-1.2284344785504446,0.39928822998578084,0.3739766276788863,0.21400089854299126,0.8342547145376069,0.9653618861655786,1.0054826950052795,-0.3631806442128813,-0.3147511179746977
18.8,-0.24669864716293416,-0.2216075180349919,-0.209737957896039,-1.2761283511642947,0.4008243467511523,0.3761486967313769,0.20937344186228937,0.8027650976687152,0.9598344052617545,1.0015261515684593,-0.38439328751886165,-0.31254485321655545
18.81,-0.24820703014885492,-0.2236991837048476,-0.2049759409542329,-1.230466476674084,0.40229464834450446,0.37826056554709125,0.20174244148873924,0.8402432434029833,0.9541576160227306,0.9974081656792837,-0.3993937998013526,-0.3375529750205116
18.82,-0.24965817876342136,-0.22573513442852883,-0.19997709564244656,-1.2522676676738058,0.40369944386765466,0.3803037296481723,0.19614938385844669,0.8255283932201688,0.948332733282709,0.9931277197146391,-0.4130265225168565,-0.33147461873101225
18.830000000000002,-0.2510524025347202,-0.2277133331090781,-0.19666417728473304,-1.230779410726062,0.40503906036730153,0.3822795230026924,0.18825050961234752,0.8410075975746448,0.94236101823362,0.9886865589070231,-0.4294649679452609,-0.3279576630068485
18.84,-0.2523900249180831,-0.2296331285685331,-0.1877197113212266,-1.2194053187076233,0.40631384270373466,0.3841886110053167,0.182531702508331,0.8452858391071528,0.9362437779774457,0.984086244980948,-0.44471663972687764,-0.31735601432091853
18.85,-0.25367138319941646,-0.2314944448198195,-0.18328321996009544,-1.225719505778035,0.40752415341411546,0.3860313907668992,0.17609636277638047,0.8217734588159066,0.9299823650607497,0.9793282470725002,-0.45719206525939055,-0.3134650702775849
18.86,-0.2548968283951166,-0.23329735291587553,-0.17610704002098143,-1.2212531418858197,0.4086703725703782,0.3878081016144929,0.1724295592238333,0.8449193277778461,0.9235781769916247,0.9744139917598189,-0.4719394967098057,-0.3046448902704283
18.87,-0.25606672514861006,-0.23503641933551103,-0.16759377000608627,-1.2328064736084772,0.40975289763180917,0.3895173075489937,0.16616624738554142,0.8392094083424886,0.9170326557391761,0.9693444090158804,-0.48599700229396037,-0.3036056090421019
18.88,-0.25718145162352435,-0.23672126859459705,-0.16751059987835537,-1.2124643805158708,0.4107721432923326,0.391164065335704,0.1582890081892509,0.8434117156788992,0.9103472872158416,0.9641222927698426,-0.5015037819776954,-0.3021890421118389
18.89,-0.2582413993935391,-0.23835004756835151,-0.15686856435941773,-1.218129209410946,0.41172854132256476,0.39274467800125623,0.14908218333587417,0.841068460719047,0.9035236007426389,0.9587479785671855,-0.5173173738585016,-0.2983244885926088
18.900000000000002,-0.25924697332892427,-0.23990891141160253,-0.15332177353025825,-1.2455806760809076,0.4126225404066782,0.39425710563782707,0.1484159747470262,0.845061011637372,0.8965631684976635,0.9532221632451873,-0.5358485874567931,-0.3021027068578611
18.91,-0.26019859147981056,-0.2414195746982274,-0.14917075592690537,-1.2231612808297097,0.41345460597413397,0.3957085456856474,0.13389458809421292,0.8442989969880497,0.8894676049479664,0.9475486924682545,-0.5472907690471142,-0.30579330667696075
18.92,-0.2610966849562084,-0.24287057330543463,-0.1380470336363836,-1.2476920547653423,0.414225220026338,0.39709476535843924,0.13207645025688472,0.8508479822406536,0.882238566265092,0.9417267902025194,-0.5615450274866718,-0.29649566877914985
18.93,-0.2619416978048152,-0.2442712619671892,-0.1363706897257292,-1.2050516060271237,0.4149348809582537,0.39841859616937497,0.12554911328626434,0.8463307680130213,0.8748777497244911,0.9357595902300891,-0.5751541188861621,-0.27848009607068025
18.94,-0.26273408688263294,-0.24561817657995735,-0.13135085871449928,-1.209229188438754,0.41558410337506857,0.3996773497740846,0.11784176532527937,0.846848907784561,0.8673868930890449,0.9296474407502633,-0.5900598337461982,-0.3055322946177783
18.95,-0.2634743217274345,-0.24691014084583315,-0.12524302372659993,-1.2181287840136987,0.4161734179039244,0.400872178400904,0.1152274341063714,0.8736249810890604,0.8597677739769549,0.923392099541168,-0.6010951505404007,-0.28022244795695356
18.96,-0.2641628844251121,-0.248146862984298,-0.12065021498249834,-1.1916452928114571,0.41670337100081034,0.4020038157513897,0.10799049872883698,0.8513407476277391,0.8520222092142302,0.9169952361131216,-0.6158514653555004,-0.2742435789546243
18.97,-0.2648002694739311,-0.24932630780575393,-0.11689494900524768,-1.2089554765079384,0.41717452475266487,0.403071826933157,0.10003094557979814,0.8605746672689247,0.8441520541720677,0.9104582268335507,-0.6311153654118784,-0.27573729247041984
18.98,-0.2653869836457388,-0.2504416136972229,-0.11257278890903133,-1.2115229851365699,0.4175874566747313,0.4040770832577778,0.09640669591792152,0.8775819517473984,0.8361592020893279,0.9037827237706701,-0.6420027089965656,-0.2874467198835647
18.990000000000002,-0.26592354584414013,-0.2515000011959248,-0.10581771991887708,-1.2398494610508535,0.41794275950326953,0.4050212926719902,0.09055069278250359,0.858510589731249,0.828045583380464,0.8969709551523378,-0.6585801697693027,-0.3068566239765361
19.0,-0.26641048695970565,-0.2525132625863821,-0.10172103499661178,-1.2152296774329696,0.418241040983652,0.40590765688230024,0.08773887049992686,0.8733386223002814,0.8198131649290867,0.8900252409631912,-0.6723462102197534,-0.28056015714000493
19.01,-0.2668483497222177,-0.2534779710310607,-0.09742351201144962,-1.194744055478053,0.4184829236539283,0.40673246185548556,0.07801582551818535,0.8551473452860481,0.811463949367495,0.8829461793635918,-0.6826838598228613,-0.28310095023804355
19.02,-0.2672376885500166,-0.25439181308395653,-0.08848480902979831,-1.1771303269727689,0.41866904462393384,0.4074956329671208,0.07567136534802202,0.8731828452546224,0.802999974342485,0.8757353249986185,-0.6974885474662542,-0.2820096159113562
19.03,-0.2675790693964647,-0.25525373087932274,-0.08587029580081455,-1.1909956771786876,0.41880005534998865,0.40819841602525875,0.06906775267017157,0.8800791995851925,0.7944233117676497,0.8683946533692389,-0.7065815736013423,-0.31348442114702413
19.04,-0.26787306959358276,-0.25606363317582603,-0.07802214412688903,-1.1762422898979639,0.41887662140527865,0.40884168884965577,0.05892832950063623,0.8989974897216537,0.7857360670625615,0.8609260797213868,-0.7185507064580379,-0.2958289841597052
19.05,-0.26812027769288294,-0.25682178996769217,-0.07296438148005226,-1.1800331694032,0.418899422245985,0.4094261083151509,0.05481014141692996,0.8747713892663173,0.776940378379057,0.8533314832151232,-0.7341331935059565,-0.2839994690062513
19.06,-0.26832129330345245,-0.25752318904094035,-0.06878076963747583,-1.1906995793350528,0.41886915097322874,0.4099498512491339,0.052278775961804996,0.8841179616398799,0.7680384158150093,0.8456120512081479,-0.747155888048723,-0.274730552538309
19.07,-0.26847672692731644,-0.2581765138963312,-0.06604524177526352,-1.1736284965178225,0.4187865140909145,0.4104201174346266,0.042100698535038485,0.8748874435048413,0.7590323806158134,0.8377715799834525,-0.757520572330572,-0.2453261347160577
19.080000000000002,-0.2685871997921259,-0.2587817391466704,-0.05970961853093054,-1.1731517045609272,0.4186522312595409,0.41083219233750606,0.03967532798201795,0.880104309921009,0.7499245043640077,0.8298105601747237,-0.7674103124682905,-0.29269531753113964
19.09,-0.2686533436812218,-0.25933798683019,-0.05474918735655271,-1.176288333459991,0.4184670350460666,0.4111872292378565,0.032821336200411395,0.8918998880011816,0.7407170481572484,0.8217310479112062,-0.778514137504015,-0.2875636028022772
19.1,-0.2686758007610884,-0.2598453186433673,-0.053454311256492526,-1.189659619325317,0.418231670669897,0.411486173764991,0.029001354238708053,0.8824901920573579,0.7314123017750458,0.8135351438982972,-0.7926436452045544,-0.2592228901366774
19.11,-0.2686552234062814,-0.26030406362471714,-0.04622999771261245,-1.1656373044433432,0.4179468957450768,0.41172971145352877,0.022192857522451898,0.8804883902780841,0.7220125828345618,0.8052249008868088,-0.8021735296701084,-0.29026248824309697
19.12,-0.2685922740218363,-0.26071472448790006,-0.039677102867821015,-1.1594876203242812,0.4176134800187805,0.4119185624164975,0.016515448441120316,0.8918142217647397,0.7125202359357865,0.7968023984727333,-0.8134315478848293,-0.28829359865326515
19.13,-0.26848762486322075,-0.26107794632640835,-0.032970630235514914,-1.150048570369928,0.4172322051061561,0.4120534260537709,0.012431338593762336,0.893804937416886,0.7029376317964877,0.7882697390079689,-0.8228743380104645,-0.2580035328345993
19.14,-0.2683419578538786,-0.26139419502093925,-0.030046681888496067,-1.1543728514676603,0.4168038642216318,0.41213481831356064,0.004441936429335882,0.8946870419757866,0.6932671663772065,0.7796290038047718,-0.8295581648672992,-0.2629313655385693
19.150000000000002,-0.2681559644003923,-0.26166402938312927,-0.02908827476054641,-1.149830806715812,0.41632926190676717,0.4121635510255071,0.000998803287625814,0.8711461245821369,0.6835112599967337,0.7708823635231792,-0.844694864579948,-0.2820360254205428
19.16,-0.2679303452053286,-0.2619042387456577,-0.021429077910790795,-1.1316327071151298,0.41580921375470276,0.41227229396683995,-0.0010104262180363206,0.5597192223617034,0.6736723564383411,0.7620257440852838,-0.8522058845656141,-0.3153447999669611
19.17,-0.26766581007780893,-0.2621037449777346,-0.013815312721517517,-0.9175835684744353,0.4152445461313429,0.412457771937991,0.0013250496061143618,-0.26635780361133765,0.6637529220471531,0.7530660513070474,-0.8549988188787563,-0.15530652240926193
19.18,-0.267363077741844,-0.26224474150156024,-0.009121667893786989,-0.9580494336008385,0.414636095893321,0.4125853256154308,-0.002690943347190438,-0.3586345306688452,0.6537554448190622,0.7440152134005431,-0.8644374868585205,-0.19444386436155853
19.19,-0.26702287564248983,-0.2623362359774476,-0.012972627466090316,-1.3294706049811402,0.4139847101028472,0.4127458314208575,0.02775813937088972,0.4774340640093234,0.6436824334814577,0.7348514295022389,-0.8928367390137031,-0.3669804862797648
19.2,-0.26664593974987394,-0.26243131319982016,-0.0028545124468441077,-0.8115210749998991,0.4132912457395442,0.4127858582984615,-0.01711559939605371,-0.35802182599590654,0.633536416566239,0.7256361649035821,-0.8835398890820344,-0.19948342563623278
19.21,-0.2662330143611229,-0.26253799222509366,-0.01492805817647212,-0.8424098636213184,0.41255656940932545,0.4128244138879268,0.011202347938887506,0.43957924364068085,0.6233199414753909,0.716294225128111,-0.909406045762407,-0.35725032459723627
19.22,-0.26578485190026746,-0.26261852284424003,-0.0034030930864029935,-0.6124404049837816,0.4117815570504493,0.4126908343197184,-0.03565210460183902,-0.26920172975364104,0.6130355735395805,0.7068877759683041,-0.9016817582507765,-0.18457599384341786
19.23,-0.2653022127161563,-0.26268063379961437,0.006928042178088264,-0.5950866509312552,0.4109670936368014,0.41258289927853137,-0.035673591930260956,-0.4918876846394532,0.6026858950700494,0.6973689908357205,-0.9110870889990919,-0.19887008909206322
19.240000000000002,-0.2647858648784338,-0.26277537044319776,-0.024262552664892828,-0.6753631244424654,0.41011407287852886,0.4124507707297177,0.006800079994722625,0.5587600956620108,0.5922735044043012,0.6877713885533231,-0.9323788463459332,-0.315562257661056
19.25,-0.2642365839716341,-0.2628785298666266,-0.016236209408049696,0.2608720044294989,0.4092233969201082,0.41221495376002776,-0.007392051487886938,-0.6045227527207734,0.5818010149458415,0.6780885194253435,-0.9380642494739996,-0.19108709399883536
19.26,-0.2636551528874369,-0.26288368607051865,-0.015625437349932936,-0.5931036677975673,0.40829597603592477,0.4120573342784356,-0.006508567614710152,0.4296301475079975,0.5712710541984499,0.6683240046937211,-0.9488101849293735,-0.37532859919316075
19.27,-0.2630423616151465,-0.26290151573207304,0.001723305130087339,0.23635784476831448,0.40733272832350464,0.41194879465653894,-0.020919473333000437,-0.9935374253680991,0.5606862627953245,0.6584759836722169,-0.9488957624123829,-0.2635147772156539
19.28,-0.2623990070304381,-0.2628883921890603,-0.0006603300003958784,-0.12773667020793844,0.40633457939442896,0.4117958016684546,-0.009920873172468895,-0.6023249905650675,0.5500492935234748,0.64856169658049,-0.9608072004645164,-0.24777326582846346
19.29,-0.26172589268242874,-0.26284627537799404,-0.0012852574660538732,0.018824051723940652,0.40530246206309434,0.41156052203653515,-0.020405508179756494,-0.6092196022963376,0.5393628103438005,0.6385789220383384,-0.9660431590299511,-0.24321387964988073
19.3,-0.2610238285791171,-0.2627640826134173,0.0034844267286804533,0.0956564819484948,0.4042373160333744,0.4112353316682493,-0.026560650816296362,-0.5779199997274004,0.5286294874071872,0.6285210418150705,-0.9723042128035005,-0.2571577951444792
19.31,-0.2602936309712623,-0.2627151112900567,-0.0035526675992217684,0.5667322564174319,0.403140087583284,0.410860197954869,-0.038588421268703196,-0.8870872970775172,0.5178520080670631,0.618401038833347,-0.9773623052446977,-0.2416572515695666
19.32,-0.25953612213473454,-0.2626242976156049,-0.000319686250847764,0.855276379972699,0.40201172924777057,0.41040645986289187,-0.04343809759752281,-0.9407781674459155,0.5070330638887774,0.6082131001379473,-0.9831746625088718,-0.2787943033133517
19.330000000000002,-0.2587521301514086,-0.26250110833103407,0.005420610596487998,0.920282553617911,0.4008531994996954,0.40987029705927097,-0.048985353011375375,-0.9139911475500586,0.49617535365621607,0.5979568065336378,-0.9879304285467261,-0.27972600925364505
19.34,-0.2579424886886499,-0.26242777787464355,0.006594099709097967,1.1682015414488787,0.3996654624291354,0.40928844001892944,-0.06072000604725907,-0.8173552343112539,0.48528158237603736,0.5876459120869473,-0.9975112667420045,-0.2600547029447574
19.35,-0.2571080367774383,-0.26232039791745243,0.008507598433080573,1.2542695722455663,0.39844948742109365,0.40862644842141643,-0.06761663672215426,-0.7987365737973487,0.4743544602799125,0.5772692456063543,-1.005522600708182,-0.2521425199958467
19.36,-0.25624961858920375,-0.26215739159981577,0.014375193664677642,1.2907782480251018,0.3972062488317062,0.40790157462130694,-0.06998400640230416,-0.7838095264835058,0.4633967018252247,0.5668344256457923,-1.0053097852123165,-0.22894535406814645
19.37,-0.2553680832114065,-0.26193124039312593,0.02278475774688978,1.312327169308768,0.39593672566307503,0.40712216707648535,-0.0769963560934505,-0.7631361508502914,0.45241102469454053,0.5563460861700669,-1.009099157271761,-0.23781563943490416
19.38,-0.2544642844219419,-0.26164388000907457,0.025670023380040725,1.3205136352884614,0.3946419012368037,0.40629385724348366,-0.08392191834104595,-0.7710874857947799,0.44140014879434813,0.5458079684457593,-1.014545545650137,-0.24325471347740824
19.39,-0.2535390804624024,-0.26129686452107165,0.03365383964498677,1.3100922131397352,0.3933227628663427,0.4054192103105474,-0.08777156122980702,-0.7623582028969593,0.43036679525335003,0.535222753359918,-1.0202132576149259,-0.24214040662532035
19.400000000000002,-0.2525933338102715,-0.2608931928135482,0.03820591906865439,1.3074576885188363,0.39198030152826896,0.4045008237878238,-0.09230534097141482,-0.7807655682027643,0.4193136854208381,0.524593192921298,-1.027309460400914,-0.24383426300016706
19.41,-0.2516279109500952,-0.26043611980994535,0.04489487504618633,1.3069562026795987,0.3906155115325598,0.4035407846259668,-0.0942269221097792,-0.7870339158797426,0.40824353986543854,0.513921914405333,-1.0265574570227305,-0.23998729823723713
19.42,-0.2506436821436967,-0.2599288612659746,0.048525323748345645,1.3166078953145952,0.3892293901920049,0.4025410445196808,-0.09908062006380124,-0.7437649053813375,0.3971590773746623,0.5032115318495917,-1.0304718446465748,-0.24880148020323567
19.43,-0.24964152119947902,-0.2593744497904923,0.05562881944204936,1.2994197547642834,0.38782293749084434,0.4015033885398866,-0.10182265825263175,-0.7808994243261508,0.3860630139557327,0.4924646407703081,-1.0399812359561345,-0.24263624069874024
19.44,-0.24862230524088363,-0.258775809663835,0.05631379673224162,1.3049621414341461,0.38639715575271816,0.4004295215826314,-0.10771255474438479,-0.7785333641436104,0.37495806183793784,0.4816838530323411,-1.0400451087846825,-0.2463111109708375
19.45,-0.24758691447406098,-0.25813556981093244,0.0609411563432642,1.2812243545612227,0.3849530493080727,0.39932107179023374,-0.10572588389075525,-0.7616482572360874,0.3638469284770658,0.4708717748508397,-1.046266066506964,-0.25212231674824215
19.46,-0.24653623195480534,-0.25745629916758195,0.06340013091195128,1.299257462447214,0.38349162416107496,0.3981796738119269,-0.11161156450286404,-0.7858189052825622,0.3527323155621941,0.46003104794173816,-1.0448296168139286,-0.2501338612944335
19.47,-0.24547114335482478,-0.2567446426047964,0.06380897946947112,1.3077861352897155,0.38201388765619376,0.3970081882010511,-0.11875517352710396,-0.7697221042478668,0.34161691802530814,0.44916481778287415,-1.0489400510865663,-0.23947739627586828
19.48,-0.24439253672737254,-0.25599572866391235,0.07522884786184883,1.3162587206222855,0.38052084814450593,0.3958042764310549,-0.11431209778520608,-0.7630721913760806,0.33050342305410335,0.43827427204330566,-1.0514707782657273,-0.2341876329784466
19.490000000000002,-0.243301302272351,-0.25521328115721276,0.07538521224708791,1.3125588902060141,0.37901351464985483,0.39457249065305017,-0.12246228403534136,-0.7661094203835476,0.3193945091083849,0.4273632122761502,-1.0513457727801667,-0.24427183445034012
19.5,-0.2421983321008899,-0.2543999698684434,0.08174787145471947,1.3059725764979642,0.37749289653497353,0.393313886172677,-0.12085852799091064,-0.7618130118500384,0.3082928449404445,0.41643416212479606,-1.0543933947832933,-0.23743255312497819
19.51,-0.2410845199994978,-0.25355798436474264,0.07977899777446298,1.2800049288588435,0.3759600031676379,0.39202966948245066,-0.12582038217854966,-0.7813846698771578,0.2972010886197873,0.4054897110253874,-1.0530468218183653,-0.2466615093921408
19.52,-0.23996076119382773,-0.25269394270056766,0.08292996328755009,1.3151731003388667,0.3744158435870079,0.39072264178765964,-0.13198629321340888,-0.770972166769068,0.2861218865626711,0.3945330756527816,-1.0577969720601286,-0.2326194834600531
19.53,-0.2388279521121183,-0.251801671022591,0.0858251878058193,1.311149793518723,0.3728614261702214,0.38938978728009277,-0.13412589182815665,-0.7592757201591304,0.2750578725667137,0.3835652354164936,-1.057561994062323,-0.2315275575360566
19.54,-0.23768699014836592,-0.25088465528148635,0.08974342968651793,1.2838518987185628,0.3712977582993504,0.3880358931785518,-0.12879860144948352,-0.7678388299904721,0.2640116668511215,0.37259016263437883,-1.061378705842958,-0.24987451807153507
19.55,-0.2365387734252989,-0.24994522119286494,0.09234137211091005,1.2758024881861425,0.3697258460288429,0.38666178805885243,-0.13253277800335125,-0.7762267485914977,0.2529858751027377,0.3616103538005506,-1.0581201282114003,-0.23068256189865807
19.56,-0.2353842005571977,-0.24898784919384775,0.09035837933694942,1.3217118420010547,0.3681466937535333,0.3852702966864726,-0.1383678430935665,-0.7717703347826972,0.2419830875284646,0.35062895786643816,-1.0590444288489727,-0.24386818176248795
19.57,-0.234224170412628,-0.2480108953918598,0.09476172153411346,1.3210346669528208,0.3665613038773284,0.3838578212940253,-0.13925903419891172,-0.7698043659816115,0.23100587791428195,0.33964706660280514,-1.0567553733768558,-0.24355104091125945
19.580000000000002,-0.23305958187715178,-0.2470146685841659,0.09558485696310318,1.279624098033553,0.3649706764826942,0.38242911245776834,-0.143482294624941,-0.7620326042697191,0.22005680269136657,0.3286683330973147,-1.0594549227058476,-0.24912548423581726
19.59,-0.23189133361604997,-0.2460015637087377,0.0989564936516134,1.2840927884967053,0.36337580900100697,0.38098511717801004,-0.14048729252170322,-0.7611608677503607,0.20913840000960016,0.3176954123822774,-1.0577672030924794,-0.23276208146583968
19.6,-0.2307203238371517,-0.24497320868154568,0.10244804492374047,1.300674491827113,0.3617776958839086,0.37952674501728684,-0.14478048705460558,-0.7778933953315221,0.1982531888188409,0.3067308148667046,-1.0584673594730993,-0.2450452122656444
19.61,-0.2295474500538043,-0.24393447999116893,0.1037169348731348,1.2953395842215845,0.36017732827574733,0.37805589725028954,-0.14786783098143919,-0.7645058552232901,0.18740366795839802,0.2957774449797502,-1.0567016304943202,-0.228939142181694
19.62,-0.22837360884804364,-0.24288047734426066,0.10441941038751192,1.2947145716391255,0.35857569368721226,0.3765713281091968,-0.14260977482549742,-0.753833919456872,0.1765923152549498,0.2848369292653742,-1.0539401379319593,-0.23579017923395942
19.63,-0.2271996956340408,-0.2418143458392277,0.10447659192085532,1.2864841421196178,0.35697377567027355,0.3750760898335775,-0.14814773572645482,-0.7662866600057182,0.16582158662938518,0.2739126134649044,-1.0509400669384676,-0.22805141185504774
19.64,-0.22602660442186018,-0.24073769873561543,0.10170491816849635,1.3074949498491422,0.35537255349449565,0.37357105174398014,-0.14928254443358455,-0.7631051496113377,0.1550939152128367,0.263006968195096,-1.0510970640453723,-0.24514904109241462
19.650000000000002,-0.22485522758160867,-0.23965182556664366,0.1039975703892868,1.2846666887749925,0.3537730018248828,0.3720571988102489,-0.14742802071853683,-0.7696859433097294,0.1444117104723038,0.25212249726305497,-1.0489541414964476,-0.22897930730354688
19.66,-0.22368645560802541,-0.2385579132805068,0.10930960578424093,1.2905081424844664,0.35217609040128905,0.37053556209253047,-0.14771313223149485,-0.7711545551840926,0.13377735734619506,0.24126171209643305,-1.048753962836802,-0.24550463566861036
19.67,-0.22252117688556408,-0.23745707211842876,0.10776934980523752,1.2822989598873509,0.3505827837195444,0.36900721242773526,-0.15088161755373727,-0.7775006775838446,0.12319321539011363,0.2304271266100417,-1.043150061589036,-0.24498787112689147
19.68,-0.22136027745403877,-0.23635033543072217,0.10711050747842833,1.3021817709231762,0.34899404071438783,0.3674731904439043,-0.14895482780437383,-0.7785568372967326,0.1126616179332999,0.21962123111104667,-1.0457565900033161,-0.24616291710500152
19.69,-0.22020464077488783,-0.2352386686883793,0.10294467064601415,1.2755102824880835,0.3474108144442676,0.36593454656741353,-0.15318733252008077,-0.7693269137732961,0.10218487124593745,0.2088465022615202,-1.035681563611693,-0.2333905308424325
19.7,-0.21905514749810606,-0.23412318577189004,0.10550334463359243,1.2998818698235222,0.3458340517781659,0.36439238971935783,-0.14904450445817213,-0.7749102919609179,0.09176525371781533,0.19810542713194368,-1.0371960812413077,-0.2417227526337364
19.71,-0.21791267522990618,-0.23300491519339733,0.10758408938871032,1.2815314456477038,0.3442646930845035,0.3628477007529874,-0.15083448883923448,-0.771979703699351,0.08140501504849892,0.18740043160094816,-1.029132104390237,-0.2447379393987941
19.72,-0.2167780983011855,-0.23188481485264437,0.1093948106283208,1.2829405209172178,0.34270367192222884,0.36130152220231204,-0.15010116190627049,-0.7762587908135177,0.07110637544949405,0.17673393647864657,-1.026097486535635,-0.24379712976732812
19.73,-0.21565228753681911,-0.23076549800479165,0.1061987366352385,1.2785400795760062,0.3411519147342062,0.35975646649619963,-0.14795954709047862,-0.7803910210841057,0.06087152485857461,0.1661087298412161,-1.022733657738595,-0.23170054081088376
19.740000000000002,-0.21453611002587436,-0.22964750576369108,0.10990072796303325,1.315187258849057,0.33961034054297246,0.35820950809602403,-0.15126900319119585,-0.787822267463458,0.05070262216671015,0.15552635511577245,-1.0214657023949778,-0.2614493961062958
19.75,-0.21343042889277708,-0.22852845596816168,0.10638529528624441,1.2733941856767985,0.33807986064897805,0.35666421359882333,-0.15233881155416443,-0.778643366847087,0.04060179445781578,0.1449893807809327,-1.0179829867226304,-0.24060061972064442
19.76,-0.21233610306949774,-0.2274106505771525,0.10870435687292554,1.2862409013339595,0.3365613783313992,0.35512187497292436,-0.15089539519738057,-0.777198386414199,0.03057113626163696,0.13450054383293472,-1.0106343658076173,-0.24492329092193366
19.77,-0.21125398706881576,-0.22629823095431648,0.10816239840253036,1.2981818228399313,0.33505578855160545,0.35358508436083136,-0.1521154403070571,-0.801012706016451,0.020612708820130776,0.12406270341338098,-1.0086932666292714,-0.2529305854943436
19.78,-0.21018493075871328,-0.22518903678608726,0.10671870274964222,1.2675618803089395,0.3335639776593935,0.3520497881050289,-0.15126840833959143,-0.7895159546051268,0.010728539367518553,0.11367639868523537,-1.003348839627958,-0.26222410738621615
19.79,-0.20912977913795383,-0.22408574276657509,0.10968423894023363,1.3130843468947906,0.33208682310206156,0.35052245677649835,-0.15210320519037707,-0.7965558256757651,0.000920620424427615,0.10334569811428249,-0.9921006248000285,-0.24767486279758788
19.8,-0.20808937211291031,-0.2229870214537711,0.10672028016453856,1.263937994007389,0.3306251931364237,0.3489988316770778,-0.1465866790495522,-0.7935221727321775,-0.008809090893740684,0.0930711247999014,-0.9890471180960111,-0.2455207677364248
19.81,-0.20706454427568394,-0.22189303385483677,0.1068359253986349,1.2492074711452064,0.32917994654386024,0.3474833547234799,-0.14443738534778255,-0.7688765681556337,-0.018458673553789717,0.08285596760918033,-0.9871944528002425,-0.2713068179303246
19.82,-0.2060561246835801,-0.22080588197764672,0.10459268505746207,1.2823252847408437,0.3277519323484671,0.34597661242016037,-0.14862707720504778,-0.7913103103338313,-0.028026243266945305,0.0727023711218971,-0.9824788695848653,-0.24335790763467355
19.830000000000002,-0.20506493663999292,-0.21972688724669293,0.10275960664004152,1.3038416992246866,0.32634198953843363,0.3444792879512843,-0.1422542346116214,-0.8061798858830659,-0.03750995313590991,0.06261236306904105,-0.9732891978991384,-0.24762505472802504
19.84,-0.20409179747675488,-0.21865716079542866,0.10712745071341777,1.252096154144735,0.3249509467906904,0.34299218483251703,-0.1408304690944355,-0.7800557612518587,-0.04690799428658876,0.05258800399446172,-0.9606094467529908,-0.2573739121868137
19.85,-0.203137518337999,-0.21759769412307856,0.10596044724375918,1.270191883698999,0.32357962219894704,0.3415161606367306,-0.13920955874110036,-0.7942963832190669,-0.05621859648422975,0.04263134443860838,-0.9594098887767727,-0.24822989199491688
19.86,-0.20220290396559074,-0.21654935747965184,0.10150815442665384,1.252953782510566,0.3222288230051953,0.3400520833915229,-0.14217062785366477,-0.7734569881315883,-0.06544002873365687,0.03274440903491455,-0.9533243745755133,-0.2608622074510036
19.87,-0.20128875248619016,-0.21551297586645105,0.10016495305770738,1.2519351757421302,0.3208993453347408,0.33860083979159294,-0.13999700621223984,-0.7708377272006576,-0.07457059986349329,0.022929201256826657,-0.9473242704938113,-0.2582064418558293
19.88,-0.20039585519998465,-0.21448946937194088,0.0958424180387816,1.283641953194887,0.31959197393489025,0.33716332327963794,-0.13943817193273347,-0.7753835038035998,-0.0836086590940017,0.013187703617022293,-0.9406589396307272,-0.26628930020038133
19.89,-0.19952499637115376,-0.21348812251758364,0.09558289425575306,1.2835331506185201,0.31830748191731884,0.33574286760825905,-0.1393252412581249,-0.7820956259633679,-0.09255259658845261,0.003522892586494427,-0.9328151724257211,-0.24349057133184243
19.900000000000002,-0.1986769530201159,-0.21249532512045274,0.09790755998807654,1.2744176359006512,0.31704663050425247,0.33433337622835785,-0.13771440538275417,-0.7839720525460554,-0.1014008439876799,-0.006066240018991571,-0.922215286827254,-0.26131115977511254
19.91,-0.19785249471760644,-0.21151575616058804,0.09473426344034454,1.263085467063535,0.31581016877851115,0.3329413620816211,-0.1358896108364869,-0.7757143710412033,-0.11015187492771927,-0.015575483831497877,-0.9165145965764048,-0.26045645440558746
19.92,-0.1970523833806372,-0.21055156346028178,0.09019658763862658,1.255918925230211,0.3145988334374906,0.33156704220977457,-0.13332981027907953,-0.7961973404373208,-0.11880420554027055,-0.025003251666850634,-0.9072704531414413,-0.2670280718487439
19.93,-0.19627737307040022,-0.20960403077859896,0.09311185054976608,1.2430420482141769,0.31341334855118785,0.3302108772451709,-0.1349489935463541,-0.7992856005056782,-0.12735639493577247,-0.03434789820411719,-0.9039821149691069,-0.24742193825013106
19.94,-0.19552820979214047,-0.20867838351983267,0.08803158510224272,1.2649319022603907,0.3122544253243048,0.3288750002961738,-0.12779744193474724,-0.7837676841853515,-0.1358070456689798,-0.04360711674942736,-0.8923613838313411,-0.28809732648307124
19.95,-0.19480563129708575,-0.20776861528156604,0.08592758406763973,1.2633082661401707,0.3111227618625432,0.32755623373827863,-0.1314962468692653,-0.7936676184218959,-0.14415480418675017,-0.052780845522244504,-0.8858006469085604,-0.26870659852514345
19.96,-0.19411036688643685,-0.20687711673783793,0.08414113037014942,1.2547336806945877,0.3100190429431372,0.32625850643962456,-0.12469140515245702,-0.7991874368282231,-0.15239836125798947,-0.06186611984020257,-0.8738719662909702,-0.2862381130908841
19.97,-0.19344313721750506,-0.20600542162999905,0.0815820135122739,1.2591598090433826,0.3089439397897066,0.3249822545074344,-0.12298122963952807,-0.7934496496982759,-0.160536452385458,-0.0708614299452213,-0.8659131187002527,-0.2691650574498836
19.98,-0.19280465411203004,-0.20515464398628253,0.07925802938269295,1.2379280612542207,0.30789810985149835,0.3237280716875892,-0.12251549952936303,-0.8118582239552494,-0.16856785819941117,-0.07976524985476385,-0.857701365849733,-0.26477121996015757
19.990000000000002,-0.19219562036671775,-0.20432567839608948,0.07980103597115855,1.2615837219386083,0.3068821965870847,0.32249661317549777,-0.12356638949220838,-0.7962505197958099,-0.17649140483279663,-0.08857606042128731,-0.8491426949193629,-0.2818009487618222
20.0,-0.1916167295660606,-0.20351926331353082,0.07853407233107168,1.245516394228002,0.3058968292525886,0.3212885801455879,-0.11471590922269272,-0.7999721006091844,-0.18430596427796625,-0.09729236238399638,-0.8416194589619252,-0.2603122183416945
20.01,-0.19106866589748495,-0.20273619635703638,0.07387826434082072,1.2471142127689756,0.30494262269449746,0.3201047329781421,-0.1159493476952282,-0.8303750517515149,-0.19201045472470168,-0.10591266955208964,-0.8304336990980304,-0.26448900706835704
20.02,-0.1905521039688496,-0.2019772936009579,0.07278774307032096,1.2290280471446455,0.30402017714713186,0.31894580724400584,-0.11190614732542058,-0.8159603688704828,-0.19960384087943733,-0.1144355414379587,-0.8238609960042861,-0.27283320087943524
20.03,-0.1900677086283729,-0.20124324186963152,0.07095372409040643,1.2409017741036115,0.30313007803483777,0.317812443027936,-0.11212408986563448,-0.8191998739056334,-0.20708513426558717,-0.1228596077784603,-0.8123612149495837,-0.26490187101247104
20.04,-0.18961613478701944,-0.2005347849788654,0.07105840088939186,1.2423172635998119,0.3022728957789519,0.31670540083567583,-0.11088303768564182,-0.8036310020177326,-0.21445339350480258,-0.13118349873140694,-0.8029631835616776,-0.28166601097155824
20.05,-0.189198027243372,-0.1998526958475398,0.062510769201029,1.2228536974404025,0.3014491856096106,0.31562533747326327,-0.10517416270867974,-0.7950269697048477,-0.22170772457913546,-0.13940591070462524,-0.7905156356742401,-0.2891448338524132
20.06,-0.1888140205110678,-0.19919764533849435,0.06274662840659229,1.241059451291735,0.30065948738246606,0.314572908694247,-0.10303718953115315,-0.8081451870534572,-0.22884728107390934,-0.1475255902269838,-0.7800399485117462,-0.27604071505204253
20.07,-0.18846473864881988,-0.19857033255184453,0.060347093093435174,1.2110435709869813,0.29990432540034007,0.3135487788685987,-0.09842482880879734,-0.8091932371032623,-0.23587126440131334,-0.15554131294406995,-0.7712333641671462,-0.27000979849760404
20.080000000000002,-0.18815079509305643,-0.197971460237611,0.05113984747855896,1.2124229679026817,0.2991842082399119,0.3125536004749347,-0.09741135658189135,-0.8039928741165663,-0.24277892400452827,-0.16345190061550563,-0.7646728160152959,-0.276330895592538
20.09,-0.18787279249324915,-0.19740256618873292,0.05195416536328054,1.2170094821358504,0.2984996285834554,0.3115888155418521,-0.09103408803281736,-0.8016886427158821,-0.2495695575423991,-0.17125600413652708,-0.7529009803111855,-0.30032795079414937
20.1,-0.18763132254995038,-0.19686401178753352,0.054823908279284954,1.2278628929396784,0.2978510630557014,0.31065292615119894,-0.09435005935141047,-0.7938469818160209,-0.2562425110545448,-0.1789530419868366,-0.7440948130806914,-0.26476780363114727
20.11,-0.18742696585557736,-0.19635486586412962,0.049639592260456666,1.2238187038912343,0.29723897206587374,0.3097479128948515,-0.08920929237421951,-0.8151389642338629,-0.26279717910681993,-0.18654178428724408,-0.730840579263182,-0.28675418273941916
20.12,-0.18726029173800043,-0.19588019890432837,0.044685276713956674,1.221304949934078,0.29666379965493417,0.3088753962358355,-0.08587986877631723,-0.8059663128256184,-0.26923300491715196,-0.1940206645100944,-0.7215479057774122,-0.2893275282605576
20.13,-0.18713185810695962,-0.19543543206314262,0.04208641546629099,1.235378995342388,0.296125973348103,0.30803400937716124,-0.0811177811749659,-0.8006138649746406,-0.27554948046161337,-0.2013896000315692,-0.7069912243756622,-0.28399829273804983
20.14,-0.18704221130334575,-0.1950220224113837,0.038348033754129505,1.2013953173116756,0.29562590401268735,0.3072243414484021,-0.0800801766097318,-0.8287210000337663,-0.2817461465607925,-0.20864754701301005,-0.700579495108069,-0.27586291444444505
20.150000000000002,-0.18699188595140084,-0.1946406625442676,0.038514652922402255,1.2092725802595494,0.295163985721268,0.3064481700556336,-0.07467877272094676,-0.8088072672024817,-0.28782259294633866,-0.21579325700701674,-0.6925009094424057,-0.29026665334140617
20.16,-0.18698140481386005,-0.19429264306921334,0.02840861378204493,1.2144843861629047,0.294740595620287,0.3057058020892358,-0.07446114281170839,-0.8208232193247255,-0.2937784583077459,-0.22282596780726438,-0.6773438286142222,-0.2934673080004931
20.17,-0.18701127865006614,-0.1939787920721787,0.028871712373711274,1.1989856597271529,0.2943560938040707,0.30499758226275286,-0.06847256066744972,-0.8327498944945313,-0.2996134303193024,-0.2297449875733437,-0.6671864098774468,-0.26743170135688105
20.18,-0.18708200607711548,-0.19370054412310594,0.028179364976925952,1.2060326308505187,0.29401082319434163,0.30432444155670835,-0.0645976431518663,-0.8207188583022035,-0.30532724564723274,-0.23654944379505743,-0.6556164375349822,-0.2944201399139629
20.19,-0.18719407343404354,-0.19345768549089912,0.024283734249881055,1.1886015256215692,0.293705109425241,0.3036855426636913,-0.06610011958895451,-0.8254950799006374,-0.31091968993702684,-0.2432391420154947,-0.6448818466585234,-0.2785850417607613
20.2,-0.18734795464909856,-0.193250536706643,0.018757722529354752,1.190165714882222,0.29343926073390664,0.3030822739639714,-0.05816052748839667,-0.8335115567058542,-0.3163905977809694,-0.2498131538235217,-0.6369799777754127,-0.2892684910251211
20.21,-0.1875441111101341,-0.19308045345077218,0.014273653349440207,1.2022768863714262,0.29321356785664204,0.3025154040174002,-0.05506810028033154,-0.8136005287456565,-0.3217398526658944,-0.2562707681974401,-0.6213576826192181,-0.2889023538999751
20.22,-0.18778299153815523,-0.19294746846066013,0.013585811462258183,1.1970461976765,0.2930283039307003,0.3019843354933321,-0.050866096342516556,-0.8203048082771183,-0.32696738690117,-0.2626118284250807,-0.6111984634907676,-0.3047038537056862
20.23,-0.18806503186403958,-0.19285194996392585,0.008880568426303376,1.1772758574221724,0.29288372440172344,0.3014901481387057,-0.04923007683420354,-0.8399165872212789,-0.33207318152699766,-0.26883563967976165,-0.5994705990746113,-0.3077187895010988
20.240000000000002,-0.18839065510847405,-0.19279461798623276,0.005368327308690194,1.1917820302319841,0.2927800669368612,0.30103320865762845,-0.04532328289833837,-0.8278631634271115,-0.3370572662030056,-0.27494176768897105,-0.5876874587394634,-0.2948398226182059
20.25,-0.18876027126513564,-0.19277611617776247,0.001891477355794867,1.155004383563075,0.29271755134359423,0.30061384892025983,-0.04018312553570367,-0.8117076401120269,-0.34191971907724383,-0.2809298503975225,-0.5745578747766266,-0.30579653653548583
20.26,-0.1891742771871449,-0.19269732876488027,0.005465578938706286,0.9919146551020626,0.2926963794942937,0.30020830772615575,-0.033369429465155934,-0.915547909793874,-0.3466606666356204,-0.2868098649730786,-0.5652932811257538,-0.31509440708535447
20.27,-0.18963305647681225,-0.1926443770966514,0.00040726554717349117,0.8064513314252231,0.2927167352565351,0.29985491742567244,-0.028581171255217197,-0.9155030774145339,-0.35128028353181884,-0.2925653028276327,-0.5512417790903691,-0.31707642385592266
20.28,-0.19013697937872154,-0.192573451587952,0.017171862838492157,0.8163541960972308,0.29277878442918936,0.2995191578251689,-0.048026876106940904,-0.9736344845685425,-0.3557787923978357,-0.29820514181500624,-0.5427499970305063,-0.31114791869440417
20.29,-0.19068640267616122,-0.19253648743773719,0.00039927609143119297,0.47758379790996675,0.2928826746843158,0.2992666851854044,-0.017780592986759887,-0.9027094489403736,-0.36015646363514264,-0.30371830129236566,-0.5276127628545985,-0.3056760776631811
20.3,-0.1912816695909352,-0.1925103373827793,-0.0029496127673449037,0.09359146456636717,0.29302853551486724,0.2990319135075684,-0.017570180089394503,-0.5880986042870882,-0.36441361518664794,-0.30911439712820193,-0.5179204957883548,-0.28507229329311856
20.31,-0.1919231096865856,-0.1924600221817485,0.010897230129388745,0.2524972209855231,0.29321647818823093,0.29881542640059944,-0.026395249693807667,-0.9910395793626887,-0.3685506122894731,-0.3143975941773703,-0.5085808067468438,-0.30165233834674193
20.32,-0.19261103877503588,-0.19246951784760888,-0.005937824355033467,-0.21273270871639827,0.2934465957056159,0.2986911052199388,-0.004358396892069828,-0.6658397727445442,-0.37256786720872875,-0.319547831766423,-0.49688540207377097,-0.28196924713831717
20.330000000000002,-0.19334575882669217,-0.1925078405891675,0.0010405270597350926,0.1308497224002244,0.29371896276730053,0.2985796857611358,-0.01482409889230224,-1.0497256234936772,-0.37646583895233476,-0.32458183499929955,-0.4861813854007263,-0.32951841211732313
20.34,-0.1941275578840205,-0.19254719943011636,-0.0032981232419374363,-0.02837751347587345,0.2940336357437526,0.2983834120594527,-0.0187269606336177,-0.7515487896047994,-0.3802450329670652,-0.32949074194214434,-0.4772420231578532,-0.2758929811303293
20.35,-0.1949567099786169,-0.19261963366708545,-0.022223557904508053,-0.8339878633580537,0.29439065265262876,0.29824808888994186,1.126021811008156e-05,0.3592776956043789,-0.3839060008159062,-0.33427976158952166,-0.46144578196833785,-0.3958914499261723
20.36,-0.19583347505179458,-0.19269676002367772,-0.003244577481936019,-0.7846213944152108,0.29479003314166174,0.2982092410924587,6.589497368461941e-08,-0.6882488467208363,-0.3874493398368891,-0.3389884997928121,-0.4495842072935236,-0.28445822608972793
20.37,-0.1967580988787157,-0.19276430346705248,-0.011818106195540313,-1.0648075988716923,0.29523177847744214,0.29804791208628334,-0.010154461358074737,0.3686056527584409,-0.39087569278352285,-0.34352423478723937,-0.4453007816876601,-0.4191359190286065
20.38,-0.19773081299606868,-0.19285150635130346,-0.004183596911135203,-1.058704508990847,0.2957158715400961,0.2979080599837742,-0.03847629321274579,-0.643795099416764,-0.39418574744700285,-0.3479616278415811,-0.4133392949769342,-0.280799286573853
20.39,-0.19875183463333074,-0.1929883449448225,-0.020932689353400664,-1.4706640929735284,0.2962422768238624,0.29780588946705455,0.006401376534225584,0.40396326257621723,-0.3973802362603278,-0.3522924326355902,-0.42266133855405796,-0.39409536583132865
20.400000000000002,-0.19982136664761535,-0.1931926452499552,-0.0191802581168003,-1.1492509891190767,0.29681094044356837,0.29769060985603546,-0.027585839806315033,-0.45179067970419856,-0.40045993588451556,-0.35647605916382746,-0.39312576052383696,-0.23777310348467606
20.41,-0.20093959746212786,-0.19350098132409146,-0.03563652247344676,-1.463200980113654,0.2974217901470025,0.29771816287330516,0.018763512787267546,0.405984417453863,-0.4034256667770736,-0.3605743896609369,-0.3979288068328436,-0.4059727766424341
20.42,-0.2021067010082497,-0.1938716453492395,-0.03561994100266451,-1.159725931641676,0.29807473533318163,0.2977295625245741,-0.01794337244717047,-0.45621409366791665,-0.40627829274292504,-0.364524794928291,-0.37061717658786364,-0.23626276239534202
20.43,-0.20332283667125642,-0.19434014165596294,-0.05204362485109811,-1.4605895210743556,0.2987696670765041,0.29787964124203453,0.030923607446274193,0.4085742806140326,-0.40901872046794613,-0.3683906648877289,-0.3802284773486524,-0.3913816241329344
20.44,-0.2045881492396885,-0.1948651031135996,-0.04926780226034311,-1.1565012668212962,0.2995064581567859,0.2980099798675311,-0.006600494956450457,-0.47516428685262935,-0.4116478990353577,-0.3721094818193646,-0.35170285916895994,-0.24365140994751242
20.45,-0.20590276885838832,-0.19546270066374183,-0.05945367270393898,-1.1541762431960432,0.3002849630951656,0.29816945917877963,-0.0014660785350569328,-0.3923434217167134,-0.41416681942511385,-0.37572651202325547,-0.3422919010157172,-0.2534637504653007
20.46,-0.20726681098521268,-0.1961401728273431,-0.0802141028648914,-1.4678372700177382,0.3011050181958723,0.2983601593237904,0.04091103144518529,0.6891779984259466,-0.4165765139965657,-0.3792441618012442,-0.3464028893309231,-0.34288602653765826
20.47,-0.20868037635143016,-0.19685160855569045,-0.0720337557810778,-1.429319312138578,0.3019664415938391,0.29840552805694415,-0.0033064991753038483,0.7975108698326129,-0.418878055954543,-0.38260840728412276,-0.32497181684093684,-0.33550715733930686
20.48,-0.21014355092582238,-0.19766868850033026,-0.08162918578476026,-1.3943153118756926,0.3028690333081526,0.29861484979327285,0.007136089516439976,0.7648619284902883,-0.4210725587991423,-0.3858880934944443,-0.3152832938677053,-0.34507400227656987
20.490000000000002,-0.21165640588248477,-0.198538137141708,-0.08832172826261687,-1.3485009177518361,0.30381257530131345,0.2987561902370349,0.011467216911066664,0.801230592495804,-0.4231611757593969,-0.38905327874789103,-0.29997185323209813,-0.31527498981499413
20.5,-0.2132189975723488,-0.19948302433680248,-0.09672417139244371,-1.3231499736166006,0.304796831544302,0.29897211589654304,0.02004485473610054,0.823516160761734,-0.42514509921110455,-0.39210899025415347,-0.29269741487779904,-0.3391605000720745
20.51,-0.21483136749842122,-0.20049608452933793,-0.10354479168531931,-1.3043547064405718,0.30582154808741924,0.29926192596789936,0.023565823003513973,0.8538698799558029,-0.42702556007902903,-0.39505412495839926,-0.28479337638373414,-0.30652925240013257
20.52,-0.2164935422947531,-0.20157153120520377,-0.10610026456588591,-1.3148029789715456,0.30688645313688073,0.2996239526647771,0.033065743111301636,0.8335767206629696,-0.4288038272237411,-0.397889017989615,-0.2734033920161079,-0.338538193068857
20.53,-0.2182055337091472,-0.20269675247117533,-0.11111388599183959,-1.3089416248011156,0.30799125713715214,0.30005370781235624,0.039206422349403566,0.8326430287325615,-0.4304812068133308,-0.4006151720668154,-0.2624113213452451,-0.33643231770143545
20.54,-0.21996733858959588,-0.20388581014251003,-0.1211722593389387,-1.3083091034585417,0.3091356528589807,0.30055384562302395,0.04701919936093583,0.8266654961635862,-0.4320590416802861,-0.40323099982297705,-0.25153987471566713,-0.31476578185069426
20.55,-0.2217789388744703,-0.2051327100052042,-0.12288326042315216,-1.3081212505910567,0.3103193154931196,0.3011201832494749,0.051131539233572464,0.8357163537593773,-0.43353871066376326,-0.4057388362940023,-0.24175966393384052,-0.3588163889559706
20.56,-0.22364030158644724,-0.20642772959413427,-0.13217778859749274,-1.3339006985900381,0.3115419027496924,0.30174589364446175,0.059195865667877164,0.8431348445467295,-0.43492162793755984,-0.4081408826510391,-0.2280127630494591,-0.32063837040201193
20.57,-0.22555137883018686,-0.2077873268023549,-0.13612729759467745,-1.3394381516268017,0.31280305496318567,0.3024360874867965,0.06252061676276616,0.8218759481031437,-0.43620924232403335,-0.4104353782793409,-0.2222227345389268,-0.34658644035134045
20.580000000000002,-0.22751210779375441,-0.2092044211614525,-0.14425145676337045,-1.3005094124779395,0.3141023952030263,0.30318296763821534,0.0681437500310834,0.8282304215142535,-0.43740303659429736,-0.41262582519201835,-0.2094765885873551,-0.3429605501193063
20.59,-0.22952241075379284,-0.21063524338570092,-0.14654104959819225,-1.4379806054769437,0.3154395293897117,0.3039715087656102,0.07827770115305767,0.7763973071010526,-0.4385045267549106,-0.41471883726933695,-0.20029873947535587,-0.3474983336669838
20.6,-0.23158219508444186,-0.21214785052812068,-0.1520083292124275,-1.366820195737453,0.31681404641646493,0.30483922489839566,0.08253510753246905,0.8135293508360979,-0.4395152613214396,-0.4166994574059149,-0.19256927873614615,-0.35984752566049155
20.61,-0.23369135326999713,-0.21372564092746452,-0.15528870230017003,-1.346538666001986,0.3182255182763599,0.3057531426817731,0.08527911103394169,0.82492629274824,-0.44043682057911726,-0.4185816433237814,-0.18192529972663024,-0.35415066864932393
20.62,-0.23584976292131662,-0.21536112233795598,-0.16348024715091233,-1.3313906522641703,0.31967350019489565,0.30671537174797203,0.09277236510151654,0.8187720513839757,-0.4412708158309736,-0.4203652874035226,-0.17053331388929127,-0.3227483093537564
20.63,-0.23805728679595822,-0.21705090022890192,-0.1729693856897493,-1.3339110779110248,0.3211575307679675,0.3077261815773696,0.09660407097312716,0.8170277054101704,-0.4420188886336809,-0.422050999034165,-0.1656580440679868,-0.33204028659360396
20.64,-0.2403137728220591,-0.21879338118112288,-0.17355005710827887,-1.3457271855629855,0.322677132105196,0.3087849799374231,0.10050581219228381,0.8160211466050357,-0.44268271002148474,-0.42363981250915106,-0.15352788085952407,-0.3460280670619794
20.650000000000002,-0.2426190541259335,-0.2205825963270556,-0.1764178158539795,-1.359503309255743,0.3242318099785687,0.30988837035802885,0.106849951665874,0.8287074998739493,-0.44326397971850284,-0.425133948459648,-0.14513552420149253,-0.3353663160386785
20.66,-0.2449729490633964,-0.2224257200187548,-0.18444458375523476,-1.3524791109259975,0.3258210539763491,0.31104191601526743,0.10971298777498331,0.8142023302317403,-0.44376442533974136,-0.4265321536450552,-0.13755227468544506,-0.32903482930910366
20.67,-0.24737526125480414,-0.22432182849734328,-0.18891008785807312,-1.351663296301489,0.3274443376622043,0.31223929240362347,0.11670826877841084,0.8149846130281805,-0.4441858015811397,-0.42783787008064245,-0.1285624518755232,-0.3465300284095859
20.68,-0.24982577962378757,-0.22626940954527003,-0.19365620974687958,-1.3449462672918497,0.32910111873950343,0.31347996161511077,0.11699324187782989,0.7968018875803543,-0.4445298893989943,-0.42905240632276226,-0.1127487961374552,-0.3313134060150352
20.69,-0.25232427843969774,-0.22826779945778536,-0.19902937742585242,-1.3537852101215704,0.33079083922073393,0.31476324289256746,0.12131138023204258,0.822399709211809,-0.4447984951790842,-0.43017713141366826,-0.11016542172337779,-0.3525411207441323
20.7,-0.25487051736371913,-0.23031650375103532,-0.20286519670232903,-1.3547087139769036,0.3325129256019853,0.316088187533131,0.12681197536741104,0.8233044292475257,-0.44499344989585776,-0.43121356311438086,-0.10136781184992553,-0.3372795379228667
20.71,-0.25746424149867525,-0.23241511108406654,-0.20580155456970745,-1.3492076410711749,0.33426678904244755,0.3174538959337574,0.13072776560462201,0.8177989137848996,-0.4451166082619913,-0.4321632520180922,-0.08953442530473786,-0.35099323230569246
20.72,-0.2601051814424817,-0.23456342060058008,-0.2133086591488791,-1.3538636936868649,0.3360518255488567,0.3188595237967598,0.13449309611466656,0.8024076154779622,-0.4451698478687233,-0.43302776657268693,-0.08346103180525855,-0.33996679265158
20.73,-0.26279305334525704,-0.23676115448678867,-0.21458624402463922,-1.3634211483985292,0.33786741616485805,0.3203041528350731,0.1379778437429155,0.8229295616257227,-0.44515506831728074,-0.4338087464968931,-0.07497102722761863,-0.3530292469120245
20.740000000000002,-0.26552755897006486,-0.23900806164703317,-0.22324810614076718,-1.3589137266813485,0.33971292716518786,0.3217869329186396,0.14037375139993327,0.8146590725580509,-0.4450741903417631,-0.43450784196702924,-0.06662484020663666,-0.35048374328244053
20.75,-0.2683083857572791,-0.2413039087971254,-0.225496856426645,-1.3645122909231648,0.34158771025465606,0.3233070147249922,0.1436102561529485,0.8057170453910678,-0.4449291549238215,-0.4351267345887988,-0.059122368828048194,-0.3426250923990616
20.76,-0.2711352068925552,-0.24364839235711888,-0.23153844969832282,-1.3707214597597264,0.34349110277183825,0.32486353767439446,0.14918524981680895,0.8038311740443523,-0.4447219223995671,-0.4356671456723214,-0.055232477561833006,-0.3522699378911886
20.77,-0.2740076813783838,-0.24604126105117102,-0.2385063943264411,-1.3579342460276136,0.3454224278974175,0.32645572530474404,0.14915144986391202,0.8031960079480481,-0.4444544715590002,-0.4361307975210169,-0.044359987640845755,-0.3350846511952696
20.78,-0.2769254541092282,-0.24843329999084943,-0.23824526273732247,-1.5967143739975098,0.3473809948671358,0.3280597160567191,0.15587244091442504,0.8297730572621791,-0.44412879873835065,-0.43652865936756646,-0.03942362120996949,-0.34121387415546156
20.79,-0.27988815595019556,-0.25082805354737797,-0.24087004471391354,-1.6611829681513157,0.34936609918925066,0.32971455558787555,0.16005735394126508,0.7236423494304804,-0.443746916905733,-0.4368472278337209,-0.027274359052592796,-0.36590673732609347
20.8,-0.2828954038192613,-0.2533356356830657,-0.24840033200888542,-1.4731126351815094,0.3513770228664616,0.33143451068641266,0.1637109454180172,0.7568583471647998,-0.4433108547404696,-0.4370808638747236,-0.023159929222003474,-0.3677696951668365
20.81,-0.28594680077299267,-0.2559176250872271,-0.25990244624366166,-1.4102325518810792,0.35341303462222334,0.33317138478885594,0.16449329387292777,0.7980834859393067,-0.44282265570645246,-0.437251142816545,-0.017837182143383815,-0.34669964109601004
20.82,-0.28904193609577444,-0.2585572736217987,-0.260632976930704,-1.405322088893977,0.3554733901313747,0.3349331224447319,0.16920767878928708,0.7883005167971435,-0.4422843771199312,-0.4373565201120309,-0.009340859337820707,-0.33988760677158636
20.830000000000002,-0.29218038539249996,-0.2612472321198635,-0.2633866720984927,-1.3846121081832437,0.3575573322550182,0.33672295740115676,0.16959913929835008,0.7948034748864229,-0.4416980892121019,-0.43739722015488236,-0.004950195789749488,-0.35068026967675986
20.84,-0.29536171068471007,-0.26397527590255765,-0.26633036149275297,-1.3654373013495698,0.3596640912795723,0.3385514432913265,0.17715119390978734,0.8117632518421819,-0.4410658741869426,-0.4376498332471988,-0.06249841818510616,-0.3419687368690371
20.85,-0.2985854605101625,-0.26675360562043865,-0.2696211946286752,-1.3647866786324168,0.3617928851599226,0.34040159458400815,0.18002882292501127,0.8251694849776953,-0.4403898252745648,-0.4378381073054152,-0.05498842563302459,-0.27392717481474077
20.86,-0.30185117002579254,-0.2695808172702493,-0.28168465240846496,-1.4363702602794122,0.3639429197666011,0.34227405831770147,0.17942780902903413,0.7368550072187529,-0.4396720457805685,-0.4379550374351975,0.012916494276692225,0.25234489401392546
20.87,-0.305158361114061,-0.2724508515315753,-0.2826517541717291,-1.3498956641542028,0.36611338913690994,0.34418189439711383,0.18521189735054494,0.8459498585399877,-0.4389146481317697,-0.43810048486278746,-0.03550828891214406,-0.2784544005106486
20.88,-0.3085065424926353,-0.27536994324068337,-0.2880947049031386,-1.418403419788077,0.36830347572991606,0.34610734878774396,0.1836777980526772,0.7380764961562255,-0.4381197529186669,-0.43804580011783173,0.02994175209139721,0.26128876978863697
20.89,-0.31189520982741054,-0.2783284137229931,-0.29022108590467516,-1.3437279128912762,0.3705123506852426,0.3480682108323668,0.18749063037004635,0.8487506616310551,-0.4372894879350377,-0.4380284149178001,-0.01797916813980349,-0.27533430148105303
20.900000000000002,-0.315323845848809,-0.2813278551206407,-0.29951836346804056,-1.447130986656185,0.37273917408555524,0.3500427780502698,0.18771570469462664,0.7320072004598797,-0.4364259872151128,-0.4378207868047683,0.041211621346074534,0.26275778244383324
20.91,-0.3187919204713565,-0.28436869354592964,-0.2997468827285198,-1.3380406503977653,0.3749830952226986,0.35205648536972106,0.19280980546559873,0.8433409050917071,-0.43553139006865615,-0.4376568836655537,-0.007256957633454126,-0.2765875296320161
20.92,-0.32229889091649305,-0.28745417303411896,-0.3033964414416044,-1.3556354313954224,0.37724325286736227,0.35408981988703664,0.19394268508305226,0.8751714521927135,-0.4346078401143887,-0.43744120993952623,-0.0007601276578401862,-0.25446566306325963
20.93,-0.3258442018385843,-0.29058068533844017,-0.3063639332073631,-1.456550980213501,0.37951877554221775,0.3561392161823418,0.18880025973272885,0.7819701855764951,-0.43365748431213746,-0.43717259450085577,0.061607568192715956,0.36225638510087543
20.94,-0.32942728545412414,-0.29374071188554934,-0.31064304994977704,-1.4303198926543965,0.38180878179843497,0.358226243013291,0.1988181821814239,0.7689294404691565,-0.4326824719941024,-0.43709231862898246,0.0061876000006792576,0.3409655015031206
20.95,-0.33304756167405347,-0.29695073594293747,-0.31510351152700505,-1.4264264609156947,0.384112380495477,0.36032665620135146,0.19869652879241492,0.8039065014052853,-0.4316849538956635,-0.4369458552028494,0.013263055377464495,0.33001214607064067
20.96,-0.33670443823922747,-0.3002058509580414,-0.3227254984669713,-1.4041019309252274,0.3864286710841264,0.3624453712719186,0.20140624291119116,0.7869119941786124,-0.43066708118608854,-0.4367174237145993,0.02488736337212541,0.33405665707461535
20.97,-0.3403973108589269,-0.3035028086753578,-0.3288939300528066,-1.3875011914884785,0.3887567438925945,0.364583131405683,0.2015530690841617,0.7978682230156907,-0.42963100449956715,-0.4364125139982454,0.02683445241519945,0.33349495830705367
20.98,-0.3441255633524364,-0.30683997515170985,-0.3266131362511005,-1.413932910435283,0.39109568041569587,0.3667397342594108,0.20450884477266784,0.7782986522485238,-0.42857887296696007,-0.4360366319715607,0.03573167386837514,0.32599975183302043
20.990000000000002,-0.34788856779362326,-0.3102163830707468,-0.3365004550437767,-1.402740320209741,0.3934445536069319,0.36891457986686327,0.20695176332606094,0.8066072051853371,-0.4275128332486492,-0.4355951025579882,0.04442412425346184,0.3323050645387042
21.0,-0.35168568465849015,-0.31363141829474367,-0.3365547757308799,-1.3899716129177813,0.3958024281734325,0.3711068698994772,0.2089089058310276,0.7894323460863797,-0.4264350285689162,-0.4350930084125769,0.04537288365346942,0.33496318044198586
21.01,-0.35551626297567107,-0.31708450224933055,-0.34146077700231314,-1.418385537969822,0.3981683608736686,0.37331575223222874,0.21098996154294292,0.8060623613049848,-0.42534759775220604,-0.43453517891244453,0.05186848163386658,0.35776865516009154
21.02,-0.35937964047981974,-0.3205650389938424,-0.342171919633564,-1.4740896712578133,0.4005414008177979,0.37553559786059176,0.2142904000109749,0.7984332044174541,-0.424252674261697,-0.43392809978946467,0.05774040662981772,0.3518923796880925
21.03,-0.3632751437678764,-0.32408780908829327,-0.346418303173224,-1.44124346024846,0.4029205897706153,0.37777848885259535,0.21360428795762723,0.7949974768203344,-0.4231523852405651,-0.4332709459879652,0.06564601479602752,0.34700267458170014
21.04,-0.36720208845813296,-0.32765112722240886,-0.3476653911881838,-1.4188338345469733,0.4053049624569529,0.3800332132717079,0.21278439505628624,0.7983497768095308,-0.422048850556334,-0.4325718720479409,0.06891467545475552,0.3526027917711192
21.05,-0.3711597793521224,-0.3312473067103723,-0.3503832511682695,-1.3978308796824435,0.40769354686947606,0.38229526501994054,0.21185281464933187,0.793635014018715,-0.4209441818486951,-0.43183577051830735,0.06926400431122533,0.3295631276151891
21.06,-0.3751475105992138,-0.33485219728333626,-0.3585236192349517,-1.4967451886450056,0.41008536457876155,0.38457034453481714,0.21804682377984344,0.7804908054203945,-0.4198404815812149,-0.43106569939798767,0.0741104864375269,0.31753931227310306
21.07,-0.3791645658639431,-0.33851681944440004,-0.3624006170300156,-1.4496844712376062,0.4124794310455655,0.3868663934681782,0.220376609380342,0.7843375436390769,-0.418739842097278,-0.4302594547187586,0.0737835738830966,0.3274059605252648
21.080000000000002,-0.3832102184959934,-0.3422230891092718,-0.3678232536660399,-1.4283210018253447,0.4148747559351851,0.3891683082422644,0.22068474515388756,0.8160582371113144,-0.4176443446806961,-0.4294271047546276,0.08121950108534579,0.3321701621659144
21.09,-0.3872837317028024,-0.34595783535871677,-0.3700086250330026,-1.5083311142493376,0.41727034343381264,0.3914721279538262,0.2209728206311418,0.859913394699954,-0.4165560586213147,-0.42857299966246554,0.08475034297037816,0.34246915774855025
21.1,-0.3913843587247534,-0.34972834447188,-0.3724283714849309,-1.4268919694969449,0.4196651925667893,0.39379258362149155,0.21906752730107926,0.7892449417704657,-0.4154770402860634,-0.42769465601516976,0.08628974816320374,0.3300226831198347
21.11,-0.3955113430128938,-0.3535365603683355,-0.37241421902592026,-1.4479500057384567,0.4220582975186566,0.3961181555611743,0.2197813177975633,0.7762272346674415,-0.4144093321957958,-0.4267987014095309,0.08627005215082854,0.3147731085624006
21.12,-0.3996639184091649,-0.3573635102147837,-0.37593940903281736,-1.4652890511038346,0.4244486479549017,0.3984438504212435,0.22282974364595287,0.7729785578259724,-0.4133549621082765,-0.42589013203238457,0.08429293027895352,0.34570089860770936
21.13,-0.4038413093290517,-0.361232181813311,-0.3810494730364418,-1.4411898211833003,0.42683522934530777,0.4007832435540297,0.22080440117341327,0.7868131179404546,-0.4123159421077318,-0.4249658051803748,0.08632156942938396,0.3238737863784241
21.14,-0.4080427309466782,-0.36513559619264224,-0.38866947692884124,-1.425395785320697,0.4292170232888021,0.403124516210773,0.22534913835039252,0.7857155248649876,-0.4112942677013298,-0.4240329972776436,0.08801141663218251,0.3231251625449416
21.150000000000002,-0.4122673893822215,-0.36907041040119787,-0.3875813628137342,-1.4160127565515772,0.43159300783968596,0.40546813729573694,0.2243507198726738,0.799625577495471,-0.4102919169229444,-0.42309388845676676,0.09060303103662268,0.33093717706903797
21.16,-0.416514481891659,-0.37303474235172496,-0.3905359869157529,-1.4202792306482135,0.43396215783518505,0.40781374779174917,0.22412505852774386,0.7972363882564016,-0.4093108494445481,-0.4221508822102996,0.0909156796922563,0.33725143263491697
21.17,-0.42078319705879075,-0.37702747968880806,-0.39543845801521194,-1.434695367310897,0.436323445224179,0.4101606905265792,0.22176171978406162,0.81856155489989,-0.408353005695685,-0.4212064406826835,0.09054812648800345,0.3277060649398288
21.18,-0.4250727149894534,-0.381047800390063,-0.3968824042161273,-1.411134708703271,0.43867583939701116,0.41250808799684446,0.2243270441073211,0.796583885740299,-0.407420305991285,-0.42026304765552913,0.09283836319888081,0.3416595182514406
21.19,-0.4293822075079312,-0.3850894241603886,-0.39584181665079105,-1.4198649877181424,0.4410183075163206,0.414849685760684,0.2191237595917219,0.8106031850928813,-0.4065146496682249,-0.4193246488806742,0.08517190733287819,0.32529325632130746
21.2,-0.43371083835547314,-0.3891532982688903,-0.40287091662372665,-1.4402248564893183,0.443349814848719,0.41719790070194995,0.22089963710573543,0.8092015773686017,-0.4056379142309906,-0.4183902697636653,0.08837883074680837,0.3298094906244873
21.21,-0.43805776339090297,-0.3932494247244662,-0.40374442136981165,-1.4373901243636542,0.44566932509728846,0.4195431131227519,0.22325300913139784,0.7909678289332841,-0.4047919545067856,-0.4174636127817262,0.09264474765668991,0.3298035017696773
21.22,-0.4424221307932195,-0.39737255863551907,-0.4058489014899192,-1.415375372158948,0.4479758007347315,0.42188340255810997,0.22643139251167496,0.789229683250492,-0.403978601810439,-0.41654813931919743,0.08927432247902037,0.3244266897823381
21.23,-0.44680308126622026,-0.4015205308139557,-0.4070663230237538,-1.4140752653313053,0.45026820333710876,0.42421862067640065,0.22138983225956438,0.8070745787701697,-0.4031996631194217,-0.4156457590272483,0.08441887504102384,0.3554018084840682
21.240000000000002,-0.4511997482450033,-0.4056920003816959,-0.4124344092151496,-1.4337199199742234,0.45254549391805204,0.42654807706711145,0.22149405605360678,0.803255152420055,-0.40245692025936053,-0.4147585508750211,0.08382791402730358,0.32788483525835815
21.25,-0.4556112581043719,-0.40988587505762775,-0.41574480579091344,-1.427599206867636,0.4548066332633315,0.42887089944555495,0.2216815268322689,0.7851708774464132,-0.40175212910034797,-0.41388863408561716,0.08138665640437015,0.34161626736385836
21.26,-0.46003673036905135,-0.4141012950236042,-0.4189335156977859,-1.4258477448420626,0.45705058226571005,0.43118615785985,0.217839306789374,0.8032478852435366,-0.4010870187643919,-0.4130381031165054,0.08103783003968242,0.3311426779539857
21.27,-0.4644752779256772,-0.4183374706104058,-0.4198957444246671,-1.4380482259316025,0.4592763022599311,0.43349286467950093,0.218766455021752,0.8119546587570762,-0.40046329084431675,-0.4122090364722529,0.08061571007451776,0.32363187395689336
21.28,-0.4689260072365029,-0.42259363931141947,-0.41874217935951585,-1.423864458364678,0.46148275535778144,0.4357900238254538,0.21694569799811692,0.8262898793657094,-0.3998826186344653,-0.41140347644896513,0.07451867728645888,0.35050875890050764
21.29,-0.47338801855477014,-0.42686897330977397,-0.4229318094443854,-1.4438983369375429,0.4636689047830997,0.4380765728776475,0.21851632962175926,0.8010817031838523,-0.39934664637347805,-0.41062344899314507,0.0764201548787874,0.34020289491889966
21.3,-0.47786040614170566,-0.4311626917770128,-0.42289666227798667,-1.429254307295216,0.46583371520662764,0.4403515330657598,0.21845672869975213,0.79327864527011,-0.3988569884994927,-0.4098709157803255,0.07542820338111104,0.34018357663572535
21.31,-0.4823422584850455,-0.43547400858956425,-0.42630355919932733,-1.4282546112318775,0.46797615308061313,0.4426138491511427,0.217765640233227,0.8274007996836931,-0.3984152289180524,-0.4091478218874634,0.06858607466465622,0.3341740154602023
21.32,-0.4868326585191136,-0.4397852595707566,-0.42383968502340846,-1.464768511505569,0.4700951869730487,0.4448569848095575,0.2154744911976368,0.7876438090494505,-0.39802292028302594,-0.4084584030128159,0.06231986997009663,0.32654747198824347
21.330000000000002,-0.49133068384630274,-0.4441236409747909,-0.43019887378233945,-1.4391456585042894,0.47218978790143495,0.44709530585014584,0.20984720747431945,0.8137183987822738,-0.39768158329084685,-0.40779806786689643,0.059401910586472366,0.3266762870606449
21.34,-0.495835406959984,-0.4484817886721588,-0.42831375834514157,-1.434621719621059,0.4742589296659968,0.4493153012548373,0.21468321082765077,0.7944527854780636,-0.39739270598833976,-0.407173817682083,0.05897067632207585,0.3356151183045297
21.35,-0.5003458954687482,-0.4528560436046759,-0.42989326199552613,-1.421406245305769,0.47630158918220467,0.4515173917192686,0.21178313308649274,0.8070945466410092,-0.3971577430944381,-0.40658688657129965,0.056294556838231966,0.3357465113314548
21.36,-0.5048612123219333,-0.45724434654756685,-0.43302174022633444,-1.4384778151311077,0.4783167468125349,0.4537012511731785,0.20654508292907475,0.806909708813676,-0.39697811533605715,-0.40603874224335906,0.05319756900360909,0.3564335378802135
21.37,-0.5093804160363855,-0.46164533419589115,-0.43246468609694,-1.4248634429981981,0.48030338669734796,0.4558661227280698,0.20609525264342707,0.804835110870624,-0.39685520879841063,-0.4055309917390344,0.04906175101899102,0.33626084259322175
21.38,-0.5139025609243933,-0.46605794352728225,-0.4354693909777859,-1.4404312546274987,0.4822604970847687,0.45801113813306304,0.20003886705644794,0.8060654533709605,-0.3967903742900131,-0.405065262394268,0.04592963395132302,0.3535487745784948
21.39,-0.51842669732275,-0.4704812243605481,-0.43898698152592025,-1.4250046214217313,0.4841870706595142,0.46013528577197843,0.20241120645553992,0.8365704925738918,-0.3967849267226672,-0.40464319724688663,0.04141134597450123,0.339558132403408
21.400000000000002,-0.5229518718228618,-0.47491421090193336,-0.4396694423139598,-1.423077451969781,0.4860821048704955,0.4622375946054511,0.19782062888638507,0.825276698454887,-0.3968401445066465,-0.4042663993004129,0.03975794103017561,0.3143367831762165
21.41,-0.5274771275018726,-0.47935604352258393,-0.43842266616753717,-1.4198060730787003,0.48794460225716174,0.4643170422933607,0.1943499260206962,0.8198061264338998,-0.3969572689613568,-0.4039364454960435,0.03257529462652609,0.35650666746126464
21.42,-0.5320015041547527,-0.4837996288825462,-0.43751034837421077,-1.4112508004543025,0.48977357077443784,0.46636672751775826,0.18766338660770132,0.8102267163026102,-0.3971375037417038,-0.40365657660507365,0.026477539314903847,0.35465426247358794
21.43,-0.5365240385272475,-0.48824595322133746,-0.4410231126350201,-1.4490741236624975,0.4915680241161641,0.46840056747273007,0.1930852475796889,0.8040567572840602,-0.397382014280396,-0.40342442475243756,0.0200014183663848,0.34322391199338276
21.44,-0.5410437645496884,-0.4927062985354263,-0.43885209655901203,-1.4319591187852974,0.4933269820369635,0.4704079803616847,0.19002775379649076,0.835396644557105,-0.39769192724643965,-0.40324303455627486,0.011370804531665644,0.3461132747584337
21.45,-0.5455597135715675,-0.497174616025029,-0.4402122123104017,-1.4202776652992837,0.49504947067239424,0.47238687069164303,0.18633956698613063,0.833162083251141,-0.39806833002001024,-0.4031151329522703,0.014220643704978945,0.3547434020146761
21.46,-0.5500709145968379,-0.5016483464383189,-0.4406932714864341,-1.4104393829558546,0.4967345228573203,0.47433718893877,0.18565790684168704,0.8409725390668902,-0.39851227018395197,-0.403041724061075,0.004696692701086986,0.3507532854450266
21.47,-0.5545763945198691,-0.5061258650511101,-0.4434291641599123,-1.414004300466251,0.4983811784423878,0.47625832459868855,0.18124882054270866,0.8410974535550624,-0.3990247550320894,-0.40302400604325306,6.599736103207071e-06,0.34450972869351987
21.48,-0.5590751783620193,-0.5105886118054611,-0.4402048871604637,-1.4755720723628292,0.4999884846085092,0.47813351033161183,0.17546663493910644,0.8104842597808696,-0.39960675109456906,-0.4027903688951748,0.05754165685617395,0.34596734267539553
21.490000000000002,-0.5635662895087322,-0.5150391107057455,-0.44154635806318193,-1.4467375026708613,0.5015554961792613,0.4799939474606225,0.1808339494279607,0.8583172147250913,-0.40025918368042124,-0.40260230176419026,-0.0062061330816661885,-0.2598214780179889
21.5,-0.5680487499471315,-0.5195166800571467,-0.44347195756067087,-1.4636643225240615,0.5030812759310915,0.48182564722499543,0.17260670517519727,0.7711699543005438,-0.40098293643753663,-0.4023840514374051,0.041532220655127676,0.2547186697997819
21.51,-0.5725215805040594,-0.5239959165722833,-0.44584439165064277,-1.3901420543658427,0.5045648949012465,0.4836302069671642,0.17006519343193896,0.8813703072596256,-0.4017788509302131,-0.4023745576982516,-0.023361499715871266,-0.27713943644939965
21.52,-0.5769838010844505,-0.5284607948048805,-0.44266598191639417,-1.5025831628933808,0.5060054326933209,0.4853832435331543,0.16117046556624098,0.7722822349320799,-0.40264772623450257,-0.4023406072506006,0.028162648627001612,0.25730336328982634
21.53,-0.5814344309100451,-0.5329333499863351,-0.4405909485079397,-1.3934283404230479,0.5074019777803258,0.487121583003841,0.16601765139557806,0.8932465641056835,-0.40359031855145183,-0.4025062959776655,-0.039952149500205404,-0.25964942502935257
21.54,-0.58587248875834,-0.5374124878017027,-0.44562414763256325,-1.451368768209678,0.5087536278051994,0.48881110319052334,0.15732954330082247,0.7895397711449318,-0.40460734083847044,-0.40264282786721745,0.010953127096176032,0.2638820118043766
21.55,-0.590296993201746,-0.5418706217104261,-0.43746072172725053,-1.4339954769624916,0.5100594898786432,0.490467038708842,0.1598010713523536,0.8910943259947014,-0.40569946245892163,-0.40298388606884483,-0.05626986736350206,-0.26480608451121246
21.56,-0.59470696284685,-0.5463428309508878,-0.44566631859418865,-1.370417157623094,0.5113186808742102,0.49207974387191605,0.1505729570956916,0.8966370886250434,-0.40686730885010985,-0.40314481096145216,-0.0025499442083473465,-0.26141457848656113
21.57,-0.5991014165737991,-0.5508139803851702,-0.43854502692638353,-1.3859696835808437,0.5125303277205474,0.49365583725991696,0.1501307088955923,0.8509829686377043,-0.40811146120980285,-0.40324187101291653,-0.012531139383575272,-0.36073405359494476
21.580000000000002,-0.6034793737756546,-0.5552732861127192,-0.4401731829986918,-1.414251116521208,0.5136935676906863,0.49519535149269467,0.1446764428413683,0.8382410499539289,-0.40943245620140173,-0.40345358857050534,-0.019992439684423425,-0.35068786447831796
21.59,-0.6078398545977252,-0.5597223823248593,-0.44250001481831275,-1.4200423569355551,0.5148075486883212,0.49669516367031985,0.13586278055391318,0.841948231095647,-0.4108307856778975,-0.4037776855485445,-0.03257429260021538,-0.3517352680891773
21.6,-0.6121818801768104,-0.5641615708275177,-0.4432808463704333,-1.400443401832077,0.5158714295309633,0.4981537530789976,0.1365802076996431,0.8422261395007347,-0.4123068964247284,-0.4042111002332655,-0.04201892874796319,-0.351568118989383
21.61,-0.616504472880252,-0.5685904089008929,-0.43474892724606923,-1.379090040094425,0.5168843802298757,0.4995699278228874,0.1308873996095282,0.8573285594683369,-0.4138611899216275,-0.40475097956896006,-0.05315790537372015,-0.3525956375136008
21.62,-0.6208066565447926,-0.5730081143005911,-0.4348443319518318,-1.394865296778015,0.5178455822667372,0.500942710525332,0.1255686765170958,0.8526395398223442,-0.4154940221235876,-0.40539470833071667,-0.06167187259023128,-0.35348652232748745
21.63,-0.6250874567151405,-0.5774138560045097,-0.4344383736909806,-1.3991751133215655,0.5187542288669009,0.5022712215039222,0.12240713050355691,0.8651378751035075,-0.41720570326100664,-0.4061399101756376,-0.07301510059847018,-0.34885002326413583
21.64,-0.6293459008822138,-0.5818067407931732,-0.4340091234406382,-1.399623068470133,0.519609525269211,0.5035545719201034,0.12078622580030732,0.8568885824807979,-0.4189964976591264,-0.40698446757735796,-0.08361264272042675,-0.3423129174862023
21.650000000000002,-0.6335810187209578,-0.5861755635716168,-0.43006086155731005,-1.504387984971614,0.5204106889922471,0.5047852504675937,0.11324369941403789,0.9276065053112732,-0.4208666235768097,-0.4079289960145693,-0.09453975284907812,-0.32548236879947035
21.66,-0.6377918423277443,-0.5905316384262623,-0.4301335680508699,-1.4017352713290123,0.5211569500969466,0.5059802766212228,0.10879055627977158,0.8751529885383689,-0.4228162530647534,-0.4089651784777042,-0.09978737333092348,-0.3302460675474172
21.67,-0.6419774064572398,-0.5948780862796581,-0.4281452634184934,-1.3756903747000413,0.5218475514455178,0.5071252827409441,0.10419954454395203,0.8883642346268389,-0.42484551184318203,-0.4100962020526782,-0.11015338135993516,-0.33319154728545036
21.68,-0.6461367487586859,-0.5992101494094363,-0.4293978826153222,-1.3799602876462111,0.5224817489565339,0.508220396416916,0.09772321930344549,0.8745979647904893,-0.4269544791990677,-0.4113206396598693,-0.12077932874057282,-0.3448763942905517
21.69,-0.6502689100115913,-0.6035253924484276,-0.4262858436456617,-1.375275547311535,0.5230588118561803,0.5092655884540299,0.09715054139985049,0.8616683970499709,-0.42914318790294553,-0.4126369107416795,-0.12814810041985586,-0.3340399424500613
21.7,-0.6543729343606918,-0.6077988571834928,-0.42146524672234986,-1.4273685670360352,0.5235780229255232,0.5102550365540794,0.08999470090961494,0.8485289840825607,-0.4314116241453296,-0.414046070785398,-0.13765425143790755,-0.33488857982276876
21.71,-0.6584478695501935,-0.6120708137439784,-0.41890469657322904,-1.3901388148153764,0.5240386787437532,0.511203492918741,0.08273362295936085,0.8462204699493168,-0.4337597274927903,-0.41554040266119224,-0.1466036901729985,-0.35168687000015647
21.72,-0.6624927671571983,-0.616326945523648,-0.422634608603276,-1.3857750107138511,0.5244400899273292,0.5120973333551315,0.08098945985093457,0.8637527963901592,-0.43618739086368097,-0.41712443113514935,-0.15520198439268096,-0.33109222368844543
21.73,-0.6665066828242822,-0.6205533120535137,-0.4154590420009488,-1.4611645122205152,0.5247815813649229,0.5129309845110004,0.07645412680041012,0.9546617712272285,-0.4386944605235598,-0.418799052404576,-0.16579806476256287,-0.31823388681710885
21.740000000000002,-0.670488676491128,-0.6247597334572679,-0.41704769228192595,-1.3731541190284275,0.5250624924481232,0.5137218891305612,0.07138572980898764,0.8772226625686489,-0.4412807361002788,-0.4205566820306723,-0.16960038629283933,-0.332051572074653
21.75,-0.6744378126252152,-0.6289389321857075,-0.40728639589869836,-1.4514423342314857,0.5252821772977996,0.5144499065883716,0.06706392940558925,0.9542825800003714,-0.4439459706187622,-0.42240351267368387,-0.1818656802810201,-0.32046750123613615
21.76,-0.6783531604514625,-0.6330917573931718,-0.4084027008826425,-1.3674504639489296,0.5254400049860664,0.5151268096558844,0.05837363485618079,0.8514810229097387,-0.4466898705554554,-0.42433405496984655,-0.1895134776517441,-0.3351170575202675
21.77,-0.6822337941807638,-0.6372216425702731,-0.40769009825994534,-1.3903501285955167,0.5255353597537876,0.5157542268193234,0.05111851594381674,0.8850350898430682,-0.44951209591240815,-0.4263479452596829,-0.19464337851855065,-0.3160436414141131
21.78,-0.6860787932374177,-0.6413352492632042,-0.4075964164128632,-1.3770577300584608,0.5255676412235303,0.5163233017180135,0.04964705605233819,0.8981602913236241,-0.45241226031099907,-0.42844601248777214,-0.20108636516783554,-0.34114030837235115
21.79,-0.6898872424853162,-0.6454248885011741,-0.40669800710096404,-1.361713368928565,0.5255362646079242,0.5168332545439662,0.04474764761457492,0.8877832517851575,-0.45538993110522485,-0.43062844870397526,-0.21055673125896165,-0.3309403125742172
21.8,-0.6936582324529007,-0.6494872642561605,-0.40112034175907374,-1.3590543052167232,0.5254406609133448,0.517284718116256,0.03534577280728332,0.900535318717544,-0.45844462951455295,-0.4328940920788079,-0.21746991240429253,-0.31967213159859814
21.81,-0.6973908595567945,-0.6535205595969168,-0.3990129001213334,-1.3279586213975196,0.525280277138864,0.5176775945367893,0.031854080747004465,0.89261463537733,-0.4615758307762464,-0.4352420919874261,-0.2287462907958231,-0.3257496093878776
21.82,-0.7010842263240769,-0.6575234498747601,-0.3963721657333589,-1.3350384564730413,0.5250545764704079,0.518011428063454,0.02482430177062611,0.9165356242487458,-0.46478296431713706,-0.4376717648000093,-0.23568393858829606,-0.35263546203076085
21.830000000000002,-0.7047374416131126,-0.6614948923935632,-0.393714566854791,-1.3408105437651834,0.5247630384700512,0.5182856517540544,0.02277691310961005,0.9022146397561733,-0.4680654139447478,-0.4401824714241008,-0.2428092265179366,-0.3341209925780654
21.84,-0.7083496208329325,-0.6654339292220673,-0.3860941032338248,-1.3304974677655954,0.524405159260402,0.5184996738483382,0.015189196727272161,0.9033008347863819,-0.47142251805772023,-0.4427735903523671,-0.2532202854851595,-0.32883806099423946
21.85,-0.71191988616107,-0.669339688740593,-0.38902585313818816,-1.3238340836300995,0.5239804517040036,0.5186528907375983,0.014116334469034248,0.91321702951139,-0.47485356987543687,-0.44544449701641853,-0.2579995843107808,-0.3236359595652733
21.86,-0.7154473667597941,-0.6732112945413394,-0.3841244152455758,-1.3256218514358282,0.5234884455777102,0.5187446697907077,0.0071747583471060425,0.9076888627509805,-0.4783578176867667,-0.4481945731435633,-0.2642612250696257,-0.3203545042738753
21.87,-0.718931198990744,-0.6770478489106028,-0.3820137997707111,-1.3350623305680929,0.5229286877419784,0.5187744203600575,-0.0037105326156361253,0.9162671704598915,-0.48193446511782684,-0.45102317522088287,-0.27482365894682925,-0.32381382888952764
21.88,-0.7223705266278323,-0.680885642339536,-0.38739449895778527,-1.356906581203144,0.5223007423050111,0.5189744330480133,0.04067179907058195,0.8683024020216699,-0.4855826714186529,-0.45395575892909895,-0.29171555056285753,-0.31884289604119515
21.89,-0.7257645010684282,-0.6846695743047075,-0.3821507247611683,-1.3680430952432476,0.5216041907817174,0.5191378428131377,0.0379374172925771,0.5564840225681963,-0.48930155176867146,-0.4569450417529257,-0.2953293834668641,-0.3843012464223545
21.900000000000002,-0.7291122815427364,-0.6883729202095532,-0.37129152373475555,-1.512449025318899,0.5208386322474301,0.5192156562272869,0.030114133536851793,0.5625087140750381,-0.4930901776008474,-0.460008147029622,-0.30592760898440363,-0.35394223736971303
21.91,-0.7324130353213292,-0.6920369507545066,-0.35708503240024786,-1.1994444318873652,0.5200036834863289,0.5192561006938449,-0.01901454796895529,-0.38489647865507315,-0.49694757694437236,-0.4631248220467627,-0.2957005265102075,-0.2509489036553416
21.92,-0.7356659379207798,-0.6956838729258321,-0.36466472538208566,-1.4705835592615544,0.5190989791345301,0.5192826674359303,0.01525850138192229,0.4670299868652667,-0.5008727347857818,-0.46634569289319944,-0.3196556434647715,-0.4013982191824538
21.93,-0.7388701733073442,-0.6992741236665223,-0.352340093988067,-1.168913768943319,0.5181241718177975,0.5191400741339579,-0.037169139407763715,-0.3916710216088555,-0.5048645934483078,-0.4696113385240892,-0.3098971008210498,-0.25252297547432506
21.94,-0.74202493409865,-0.7028471218304381,-0.34784157495858475,-1.1096534148185282,0.5170789322838155,0.5190113335833713,-0.042111875261179356,-0.6039353741567646,-0.5089220529893812,-0.4729704690662191,-0.31738353893902826,-0.2764827635652082
21.95,-0.745129421763322,-0.706389687989535,-0.35216375475362,-1.2128277196591053,0.515962949529013,0.5188951379588425,-0.005163554365043409,-0.3978080617526418,-0.5130439716160577,-0.4764194119805946,-0.33815406587714314,-0.25273391064810574
21.96,-0.7481828468185223,-0.709841558910116,-0.3263443816132443,-1.1833943185519613,0.5147759309198607,0.5186808322628635,-0.02840532354816699,-0.6397935494081718,-0.5172291661182615,-0.47993400838754285,-0.3446045589959287,-0.2770294497921314
21.97,-0.7511844290253353,-0.7132290177599934,-0.3379488661169729,-1.3927619560622264,0.5135176023086343,0.5185638553001035,-0.015253784037313579,-0.8184426781783497,-0.5214764123196205,-0.4835047260733826,-0.3448671707061683,-0.3066839782438818
21.98,-0.754133397581959,-0.7166040573425433,-0.3318080408490436,-1.3576883076343618,0.5121877081435912,0.5183399573419507,-0.02462781967731008,-0.810913049297378,-0.5257844455457559,-0.48713715005187364,-0.35004081709092055,-0.31794582764182133
21.990000000000002,-0.7570289913146512,-0.7199448225809907,-0.3321914659347431,-1.324645197290549,0.5107860115735263,0.5179987471035031,-0.04037957300278061,-0.8018162774547238,-0.5301519611098034,-0.4908416880384763,-0.35773667119087044,-0.3001422332362325
22.0,-0.7598704588663852,-0.7232448285850643,-0.3240597356393854,-1.2980487238107274,0.5093122945466788,0.5175470407922349,-0.04665690944295491,-0.7861265447525627,-0.5345776148149981,-0.49461597682765074,-0.36594088923486284,-0.304482442853052
22.01,-0.7626570588831749,-0.7264906328262059,-0.31995710898891344,-1.3406856887991931,0.5077663579039549,0.5169850301571719,-0.05730764132861776,-0.763541869487613,-0.5390600234741112,-0.4984601785538389,-0.3721768332399526,-0.32014039094308605
22.02,-0.7653880601979953,-0.7296855360174731,-0.3162134487907614,-1.3507168091575856,0.5061480214664398,0.5163244988577637,-0.06817059790587032,-0.7720932801669776,-0.5435977654455119,-0.5023695953999915,-0.3803743567320402,-0.3002144480023086
22.03,-0.7680627420123072,-0.7328421203013556,-0.3142986289854075,-1.3077166671747038,0.50445712411716,0.5155710012714467,-0.07953592260894884,-0.8000731779101836,-0.5481893811856868,-0.506341816253978,-0.38830959371859763,-0.31915486928562314
22.04,-0.7706803940750768,-0.7359458765710585,-0.3072453007300251,-1.327586562415981,0.5026935238770909,0.5147138498798705,-0.08738165766495808,-0.7594340357167607,-0.552833373817925,-0.5103809725870068,-0.38980782534507286,-0.28693119043439175
22.05,-0.7732403168592961,-0.7390024300293794,-0.29862402503628244,-1.2791522119799603,0.5008570979753614,0.5137646479182871,-0.0961055785882897,-0.7643416953007752,-0.5575282097170174,-0.5144815871343947,-0.3951926098773387,-0.3061887423435324
22.06,-0.7757418217359356,-0.7419986711919141,-0.29919606871992027,-1.3091403184672676,0.49894774291364663,0.5127243960171528,-0.10768426147057295,-0.7763307983196955,-0.5622723191096666,-0.5186443129007843,-0.4012404855942485,-0.3069587310759789
22.07,-0.778184231145294,-0.744958725010218,-0.2908636909636114,-1.2886916508820512,0.4969653745247281,0.5115989273723786,-0.11085966969917346,-0.7454331299694446,-0.5670640966904188,-0.5228644901644861,-0.4081005437100291,-0.30025125038437445
22.080000000000002,-0.7805668787656996,-0.7478722372608324,-0.2928542571861787,-1.2651539676687718,0.4949099280251966,0.5103816408249979,-0.12199264553906797,-0.7513509318798897,-0.5719019022528327,-0.5271447815810251,-0.41373004594549617,-0.29711601850190816
22.09,-0.7828891096795251,-0.7507275328791277,-0.27995162075872215,-1.3188711313674526,0.49278135806227796,0.5090713377824427,-0.12850855147509688,-0.701382216440844,-0.5767840613356455,-0.5314847625698497,-0.41884174916473466,-0.3015942284879868
22.1,-0.7851502805364763,-0.7535198639533195,-0.2788347080805089,-1.2744013850737768,0.490579638754779,0.5076802776478553,-0.14090314033468054,-0.7575209051360324,-0.581708865883692,-0.5358791263332956,-0.424516377193738,-0.3064188071221076
22.11,-0.7873497597140959,-0.7562705703500358,-0.27454118788941256,-1.2615140370586537,0.4883047637281284,0.5062077449536103,-0.14438397310869083,-0.7420903544851929,-0.586674574923268,-0.5403265079235546,-0.4344001268690397,-0.3017307264056007
22.12,-0.7894869274754849,-0.7589545988861142,-0.26562145819056604,-1.279675942105279,0.4859567461434977,0.5046447074397119,-0.15432035585809398,-0.7417560035774465,-0.5916794152517226,-0.5448299385145072,-0.43640179593832124,-0.2912323297879487
22.13,-0.7915611761241479,-0.7615938509262522,-0.26388274455356175,-1.2330768319964618,0.48353561872101225,0.5030071152876082,-0.1673578205987149,-0.7319542652148217,-0.5967215821409376,-0.5493816810990038,-0.4421334732839094,-0.3007713378736887
22.14,-0.7935719101559683,-0.7641806339359508,-0.25775306510675317,-1.2292099839679922,0.48104143375701536,0.5012854452423798,-0.1690246077102875,-0.7402959428930956,-0.6017992400544838,-0.5539845038972153,-0.4475396639420461,-0.3026943396090957
22.150000000000002,-0.7955185464082567,-0.766711324599056,-0.2502386707073444,-1.213294543968554,0.4784742631354032,0.4994820874219532,-0.1816625668447787,-0.7328573989969003,-0.60691052337808,-0.5586362229516701,-0.4497212263619693,-0.2946845702715857
22.16,-0.7974005142058347,-0.7691840198172742,-0.24989758864355735,-1.2160167440365224,0.47583419833301654,0.49759849708605264,-0.18258587429592193,-0.7380431289728492,-0.6120535371631403,-0.563334955731108,-0.45549435938210764,-0.2865554672639097
22.17,-0.7992172555041239,-0.7715976244690148,-0.24518636451860892,-1.205097735465024,0.47312135041908016,0.49563564470119764,-0.19583533994259214,-0.7266838458000546,-0.617226357883065,-0.5680789555956653,-0.4613327248006269,-0.3048915629465197
22.18,-0.8009682250292034,-0.7739512367893097,-0.2350128205995168,-1.1909155919518992,0.47033585004870226,0.49359426459956585,-0.20267115655505413,-0.7017447363768402,-0.6224270342019633,-0.5728665307609719,-0.4651092161301875,-0.29724519749205947
22.19,-0.8026528904148007,-0.7762442087733058,-0.2293652920482262,-1.1923254909127798,0.46747784745042475,0.49147498906988374,-0.21175233886934455,-0.7019699697002872,-0.6276535877555479,-0.5776959726519627,-0.46618282045090187,-0.3106040229311078
22.2,-0.8042707323361739,-0.7784685979509781,-0.21856850916902673,-1.1994116331529496,0.46454751240783443,0.4892750612936905,-0.2171347704495287,-0.6814949919118539,-0.6329040139438064,-0.58256690259759,-0.47170089427925976,-0.3169773202967609
22.21,-0.8058212446408759,-0.7806348849051026,-0.21768673966288526,-1.1923541373161497,0.46154503423522497,0.4870041448335798,-0.22392650745033588,-0.7192311112033309,-0.6381762827352212,-0.5874739228712372,-0.4748714985604838,-0.2945711231659249
22.22,-0.8073039344763354,-0.7827416675081387,-0.2099293097135211,-1.184089233683886,0.4584706217473457,0.4846554334559541,-0.23072551440389655,-0.6988149216018819,-0.6434683394821308,-0.5924181074918776,-0.47829503952740354,-0.29198920972847503
22.23,-0.8087183224142497,-0.78478660606971,-0.2054753023840508,-1.1815088604290374,0.45532450322320245,0.4822301126310114,-0.2364761875850772,-0.704954960164964,-0.6487781057469669,-0.5973974185932849,-0.4827103013380004,-0.28490402476308646
22.240000000000002,-0.8100639425717476,-0.7867684028705437,-0.19379484704952588,-1.1782588467422044,0.45210692636397004,0.47972904299765623,-0.24528782561405132,-0.7169438780652769,-0.6541034801389821,-0.6024098550818494,-0.48154434190595746,-0.26947492167950854
22.25,-0.8113403427292913,-0.7886829288103351,-0.18682702321290906,-1.1676033361915628,0.4488181582449836,0.4771496184107466,-0.2544851432692331,-0.6992603891599853,-0.6594423391611759,-0.6074544009854741,-0.4903968519683744,-0.29277662055066
22.26,-0.8125470844452928,-0.7905305035580312,-0.18558865941814193,-1.1652598166086137,0.44545848526184795,0.47450039115771925,-0.259221205257811,-0.6830398748073159,-0.664792538067042,-0.6125270469883969,-0.49094113557281344,-0.2832782640654844
22.27,-0.8136837431674127,-0.792317247126186,-0.17920633960657711,-1.1725491619208588,0.44202821307067974,0.47177657229860714,-0.26589023504588366,-0.7092822835197801,-0.6701519117267993,-0.6176267653973735,-0.49384369911954046,-0.2920995231046005
22.28,-0.814749908340519,-0.7940398650123092,-0.169998471869826,-1.1515601963986217,0.43852766652248465,0.46897800964339437,-0.2766552524917994,-0.7090125927732527,-0.675518275502783,-0.6227522646683009,-0.4943976853108401,-0.27917822417096305
22.29,-0.8157451835112657,-0.7956969004782952,-0.1642027851652955,-1.1534712622470094,0.434957189591712,0.4661055551828307,-0.279387851123739,-0.6740057833863015,-0.6808894261335875,-0.6279013902852504,-0.4967146535091656,-0.2685803647517794
22.3,-0.8166691864292903,-0.7972875037239369,-0.15882870735070492,-1.1397359177494188,0.431317145298973,0.46315983046865744,-0.28914082560357374,-0.6820026538574409,-0.6862631426266765,-0.6330720590455271,-0.49717899313635355,-0.2985984580238717
22.31,-0.8175215491449768,-0.7988110384574376,-0.1526325286878806,-1.1260066273223013,0.4276079156279954,0.46014129481538707,-0.2942999556956145,-0.6890782480291767,-0.6916371871590102,-0.63826222849667,-0.5033875984985856,-0.2966918549863168
22.32,-0.8183019181037785,-0.8002669916896727,-0.14912505734874293,-1.1301651127545003,0.4238299014367798,0.4570503905583881,-0.3051923455917143,-0.6866890647371141,-0.6970093059854213,-0.6434698440202083,-0.5034932911666259,-0.288662754622995
22.330000000000002,-0.8190099542370732,-0.8016549072303724,-0.13730207974460318,-1.112954478582004,0.41998352236304126,0.4538874979544015,-0.3088222787484218,-0.6877582401768139,-0.7023772303542895,-0.6486928505670382,-0.5034955984493438,-0.2676639910708543
22.34,-0.819645333049525,-0.8029743831929927,-0.13118411096617064,-1.1307903829702235,0.41606921672392294,0.4506530245728089,-0.3180564278196702,-0.661665243510163,-0.707738677430199,-0.6539291651099062,-0.5058809217060339,-0.2948092703545598
22.35,-0.8202077447029322,-0.8042249174799101,-0.1248458532054686,-1.1129347392481976,0.4120874414100202,0.4473473313531788,-0.3244758640285772,-0.680677501706856,-0.7130913512231847,-0.6591767056637012,-0.5072020689221806,-0.2877264432000467
22.36,-0.8206968940965432,-0.8054061375179038,-0.1181966598356777,-1.1002662897942026,0.4080386717737763,0.443970836871119,-0.3313245456573042,-0.6586613536501461,-0.7184329435241839,-0.6644333454772885,-0.5093794057765771,-0.2720447017988459
22.37,-0.8211125009438207,-0.8065176526208934,-0.10867150519739253,-1.1075072435860236,0.4039234015122347,0.44052398338525195,-0.33409085824006346,-0.6699628574844092,-0.7237611348463321,-0.6696969417558563,-0.5093137216531551,-0.2914807315438396
22.38,-0.8214542998456255,-0.8075590846464128,-0.10448209785818396,-1.1087225439201591,0.39974214254422313,0.43700715053295763,-0.34642200634960785,-0.6812143521938545,-0.7290735953717035,-0.6749653514287204,-0.5067124406222155,-0.2877415230967899
22.39,-0.8217220403598198,-0.8085300633478232,-0.09558364597976411,-1.0914708288342474,0.3954954248819844,0.4334207819954606,-0.34871525739621384,-0.687058599637543,-0.7343679859031427,-0.680236399263531,-0.5149519703288021,-0.28358004918247465
22.400000000000002,-0.8219154870672535,-0.8094301978238506,-0.09059936844858778,-1.0741560895572013,0.3911837964973045,0.4297653132716497,-0.35708814230828134,-0.6548660308770783,-0.7396419588207549,-0.685507900388534,-0.5090758617491403,-0.28873466850802
22.41,-0.8220344196341303,-0.8102886990479647,-0.08596821802488348,-1.0372991472159512,0.38680782318216855,0.4260479969950623,-0.36479200422941727,-0.6396381432133807,-0.7448931590427246,-0.6907748493694713,-0.5093766899855234,-0.30324314414413933
22.42,-0.8220786328707329,-0.8110530397651383,-0.07851945590534343,-1.0436357256876465,0.3823680884039873,0.42224991512943627,-0.37146927550794023,-0.6545766323497791,-0.7501192249900213,-0.6960429268149836,-0.5096506715118488,-0.2625409198343952
22.43,-0.8220479367864941,-0.8117392828408023,-0.0668028950278119,-1.0822360340700905,0.37786519315545714,0.4183876997253406,-0.3749269814355685,-0.6473248216974471,-0.7553177895546294,-0.7013033967778063,-0.5071825361933062,-0.2826460033197368
22.44,-0.8219421566413974,-0.8123509619091146,-0.06209045765806868,-1.0699319238249017,0.37329975579906016,0.4144598082264917,-0.3798785941558891,-0.6709794647322778,-0.7604864810709203,-0.7065548032628562,-0.5119540202642303,-0.275947978823499
22.45,-0.8217611329936994,-0.8128893765598405,-0.05098705589280659,-1.0578608426033445,0.3686724119062992,0.4104658324793045,-0.3849067377431506,-0.6388156183522862,-0.76562292428973,-0.7117952516510662,-0.5065043907035409,-0.27188414559934926
22.46,-0.8215047217439558,-0.8133549228496576,-0.04620149114954242,-1.0671134262422861,0.36398381409166614,0.40640591452970964,-0.3955983867535416,-0.6654625689353124,-0.7707247413548134,-0.7170226240570701,-0.5065731071595833,-0.2956200799426883
22.47,-0.8211727941753469,-0.8137476184989063,-0.041917192929769795,-1.0421459149931975,0.359234631841444,0.4022804409067334,-0.40189077199722817,-0.6618535212584769,-0.7757895527811943,-0.722234698368527,-0.5035620554675387,-0.2671020993380354
22.48,-0.820765236990286,-0.8140659718155472,-0.031997789682890895,-1.0472853360443157,0.35442555133734444,0.3980885804747709,-0.4046835511552107,-0.6491434793795947,-0.7808149784351094,-0.7274295595421812,-0.5029443734401464,-0.28492678763207197
22.490000000000002,-0.8202819523433067,-0.8143101374717315,-0.029137117962300205,-1.0472513317082008,0.3495572752750862,0.3938341414298579,-0.4108017619516622,-0.6531918996170981,-0.7857986385150669,-0.7326041445021289,-0.5034624115642873,-0.2858451833804824
22.5,-0.8197228578702167,-0.8144825403224804,-0.02013758906669698,-1.0390172653082634,0.3446305226779157,0.3895155833236173,-0.4197124529062344,-0.6517565028155873,-0.7907381545336749,-0.7377564589856985,-0.4980642979358764,-0.28996818092012755
22.51,-0.8190878867135142,-0.8145804228608086,-0.014541105554335996,-1.0406868569316567,0.33964602870516747,0.3851326292562663,-0.4277763713948888,-0.6481039302255974,-0.7956311502998225,-0.7428846996881355,-0.49949840955491376,-0.2766469175183085
22.52,-0.818376987544059,-0.814605425811241,-0.003249274343298065,-1.0413689126572245,0.33460454445591703,0.3806879296209847,-0.4299345978007646,-0.6596073014126145,-0.80047525290081,-0.7479857785063294,-0.4963864344909876,-0.26472622956377834
22.53,-0.817590124578991,-0.8146479357483837,-0.001308528691491546,-0.7517361562360523,0.32950683676774484,0.3762101645550392,-0.4397888406075242,-0.5852136555986207,-0.8052680936840403,-0.7530462991850624,-0.4935175988389803,-0.28452049701736354
22.54,-0.8167272775958986,-0.8146865805071348,-0.021467316379176128,-0.6633404439324303,0.324353688010745,0.37168581461062966,-0.43198111531277267,-0.5380715580030891,-0.8100073092378645,-0.758074543131773,-0.4860445483634596,-0.2778641673611524
22.55,-0.8157884419432194,-0.8147237707093321,-0.01072337756660946,-0.4470024332096557,0.31914589587676695,0.36707032925362443,-0.4392117143251224,-0.4505072267154143,-0.8146905423712043,-0.763075436811858,-0.48489805730323793,-0.2628347799925124
22.56,-0.8147736285468896,-0.8147213022517642,0.002194193089785654,0.2777264926600782,0.31388427316400547,0.36237801069584075,-0.46634691470008577,-0.8801261058215686,-0.8193154430915132,-0.7680435431864749,-0.48157980856360927,-0.29672889829989013
22.57,-0.8136828639132199,-0.814682661090407,-0.005487193447245716,-0.005435860699764504,0.3085696475569797,0.3576386831007962,-0.45573837588018606,-0.4520480915205106,-0.8238796695807397,-0.7729751183453353,-0.47583619604215444,-0.2723979810162755
22.580000000000002,-0.8125161901280162,-0.8146098128678195,0.014016059437409426,0.7620521968606142,0.3032028614019805,0.35283559058513564,-0.4752161812191362,-0.8406348866988189,-0.82838088916882,-0.7778611363643,-0.4780102679591163,-0.32201912413971134
22.59,-0.8112736648519312,-0.8145414394737361,0.014074909215787117,1.0276770833363333,0.29778477147803967,0.34797572480005223,-0.48774185838377865,-0.7758255120599343,-0.8328167793043788,-0.7827063954968034,-0.47074278581091133,-0.2871124344970976
22.6,-0.8099553613120511,-0.8144361996461803,-1.5107550298139837e-05,1.1449880052054762,0.2923162487635078,0.343075963804883,-0.47606097727220636,-0.7235376370616527,-0.8371850285222073,-0.787504869242185,-0.46538663417041154,-0.3082637257281874
22.61,-0.8085613682897277,-0.8142976684667748,0.007346690057180923,1.3519058961863415,0.2867981781983045,0.33809129771322627,-0.48738252847387936,-0.6379567968078307,-0.8414833374071146,-0.7922609741927826,-0.4621333090513593,-0.2955236872545447
22.62,-0.8070917901046446,-0.8140689275989397,0.021165226587445896,1.4170149477251166,0.28123145844189906,0.3330353153181258,-0.4889317070694913,-0.6174500357714442,-0.8457094195537969,-0.7969731021886062,-0.45578251982670887,-0.29530200444865595
22.63,-0.8055467465951346,-0.8137315825128904,0.034081198761333927,1.4650914554868857,0.2756170016271313,0.3279196631506689,-0.4963052399578137,-0.5906402153498514,-0.8498610025223049,-0.8016346515185999,-0.4529166888825865,-0.2829455225772685
22.64,-0.8039263730947432,-0.8132797652198669,0.04322229642630061,1.488354785136046,0.2699557331099024,0.3227503304059725,-0.4999578576209387,-0.6019445009763318,-0.8539358287887319,-0.8062413633687726,-0.4441008105674521,-0.27846543473234225
22.650000000000002,-0.8022308204050519,-0.8127134924784716,0.05457802947375551,1.507763907574519,0.2642485912148477,0.31753002597787816,-0.508011423719472,-0.5983764564966453,-0.8579316566907359,-0.810790193762789,-0.4398891444489041,-0.27578679231308156
22.66,-0.8004602547647603,-0.8120349889675582,0.06683528124650354,1.4729435137980014,0.2584965269770545,0.31226009234450763,-0.5083808718845658,-0.5814903196887607,-0.8618462613675171,-0.8152786399940323,-0.4360786818891468,-0.2851688747673942
22.67,-0.7986148578150374,-0.8112473250992824,0.07523845409409885,1.4980465328701624,0.25270050387989756,0.3069413061394634,-0.513971598307483,-0.6000311516301888,-0.8656774356938615,-0.8197044188052459,-0.42948384939359685,-0.27512831408528093
22.68,-0.7966948265611549,-0.81035784437084,0.08578265270576912,1.5051181569251417,0.24686149758908857,0.30157558715305954,-0.517724960710169,-0.6028999114226431,-0.869422991207872,-0.824064835254694,-0.4251977220116787,-0.2711433695467817
22.69,-0.7947003733304052,-0.8093624636198292,0.10109390659043463,1.4819500990834271,0.24098049568299887,0.2961596385327446,-0.5259005838113124,-0.5932511132795897,-0.8730807590320093,-0.828359172184463,-0.4142324689472495,-0.2865822485434641
22.7,-0.7926317257263193,-0.8082656357969362,0.10666844477127202,1.4892730567360044,0.23505849737937543,0.29069715427964055,-0.5285642557692156,-0.6085882475084131,-0.876648590787071,-0.8325841234702388,-0.40979784327103713,-0.2832035256362022
22.71,-0.7904891265791869,-0.807070737159796,0.11820089633006625,1.4734137900052964,0.22909651325846353,0.285188368261817,-0.5342049725774058,-0.6035882719447643,-0.8801243594987453,-0.8367376720165336,-0.40352865211599426,-0.28418084828612167
22.72,-0.7882728338929099,-0.8057804152090955,0.12947361081910425,1.4781383728179973,0.22309556498272376,0.2796337085173065,-0.537808733369774,-0.608235887482065,-0.8835059604963458,-0.8408177548669125,-0.3966437269951614,-0.2841454912824984
22.73,-0.7859831207881743,-0.8043994764711659,0.13174661520755915,1.4888851724721646,0.21705668501310715,0.2740349665868814,-0.5385106452515459,-0.6115769347383877,-0.8867913123033923,-0.844821845170843,-0.38910567951883024,-0.2970602829573733
22.740000000000002,-0.783620275441982,-0.8029262057990518,0.14798266803061222,1.5111585147028481,0.21098091632209287,0.2683896286735492,-0.5456411219980772,-0.5979439787123042,-0.889978357519657,-0.8487489456270095,-0.3802324126769326,-0.28417996035780185
22.75,-0.7811846010235421,-0.8013626565865909,0.1530364754849864,1.4979410429927413,0.20486931210349268,0.2627009840756848,-0.546116283972649,-0.6303392619236261,-0.8930650636943103,-0.8525960688897332,-0.37718238836707213,-0.31345109913292446
22.76,-0.778676415626532,-0.7997142987541589,0.16080196849273917,1.5015314199300596,0.19872293547912634,0.25697206042444837,-0.5545005427031989,-0.639522733964851,-0.8960494241898413,-0.8563604952588414,-0.3651069127407527,-0.2923778296152515
22.77,-0.7760960521977669,-0.7980018628812169,0.1688711267547425,1.5443221268160785,0.1925428592025172,0.25120198062978705,-0.559961039548309,-0.5850273279446876,-0.8989294590363637,-0.8600399527022503,-0.35667744832797665,-0.2988121104503152
22.78,-0.7734438584622694,-0.7961853475543926,0.17781211322611762,1.5147793419906097,0.18633016535959313,0.2453819254243971,-0.5654685874295118,-0.6043333517736792,-0.9017032157759888,-0.863636734769261,-0.3478171199830867,-0.2856266930427384
22.79,-0.7707201968447761,-0.7942798146730944,0.1878759451709446,1.4938220952820835,0.18008594506659337,0.2395246910017118,-0.567520708404162,-0.5967405537587431,-0.9043687702969092,-0.8671441377778608,-0.33624635083425825,-0.29177586732496186
22.8,-0.7679254443876882,-0.7922898439159066,0.19735715954562646,1.5125066940438636,0.1738112981651835,0.23362926069498954,-0.5683899171015367,-0.6213525434970738,-0.9069242276568461,-0.8705607798804114,-0.3295706641444009,-0.2844903648156806
22.81,-0.7650599926655031,-0.7902180787970189,0.20277131565400247,1.4935345909297504,0.16750733291494196,0.2276958241769995,-0.5713988438656786,-0.6182650278865144,-0.909367722895541,-0.873884889051473,-0.31916698211849903,-0.2866021337425517
22.82,-0.7621242476957164,-0.7880661646126048,0.21221437746239158,1.491835430053181,0.16117516568325183,0.22172494495557665,-0.5783575780588832,-0.6424000362377147,-0.9116974218359554,-0.8771145773423158,-0.31327597579379624,-0.32446638512039877
22.830000000000002,-0.759118629846258,-0.785835279522999,0.21952380859596524,1.5089097594046477,0.15481592063274793,0.21571745939638512,-0.5789898651119674,-0.6041265546327645,-0.9139115218738402,-0.8802478889716103,-0.30404852969352125,-0.27586225869886294
22.84,-0.7560435737394517,-0.7835265218592637,0.2249173493274552,1.497900745055709,0.14843072940637062,0.20967434437139346,-0.5808508392977576,-0.6298594085153489,-0.9160082527553683,-0.8832828448909705,-0.29654462598660647,-0.2998305003825961
22.85,-0.7528995281525254,-0.7811407963483175,0.231760592556141,1.5003315864483702,0.14202073081013977,0.203596552535782,-0.589936338999536,-0.627442809370034,-0.9179858773425139,-0.886217499497375,-0.2866057582165844,-0.2800554400647696
22.86,-0.7496869559147261,-0.7786788659588505,0.243657933773652,1.5247757980005463,0.13558707049376273,0.19748508072566123,-0.5878860788982905,-0.6131241769296955,-0.9198426923658388,-0.8890499237829422,-0.2749982935662705,-0.29757313718781353
22.87,-0.746406333801021,-0.7761415214597162,0.24959880234719498,1.4915056431293592,0.12913090062913618,0.19134099391423598,-0.5935298711283586,-0.6028518969333165,-0.9215770291644222,-0.891778195716921,-0.26718074483404497,-0.2976280033596126
22.88,-0.743058152422447,-0.7735294898677795,0.2604142112450331,1.503633799267356,0.1226533795868762,0.18516534289865355,-0.5937175423792727,-0.6139449732459661,-0.9231872544125952,-0.8944004267313409,-0.2538519179708749,-0.30519427361291895
22.89,-0.739642916113108,-0.770843553075163,0.26156584840817926,1.5101728226080495,0.11615567161094571,0.1789592173628136,-0.5997746659088532,-0.633505534262329,-0.9246717708332011,-0.8969147459023429,-0.24553099244831694,-0.2894242775131175
22.900000000000002,-0.7361611428138779,-0.7680843579851999,0.2707078125173198,1.5097561511007882,0.1096389464915184,0.17272366494749047,-0.6014560210527077,-0.6079156977927963,-0.9260290178970924,-0.8993193304262385,-0.23423608318900965,-0.3032771150330419
22.91,-0.7326133639528054,-0.7652552016268297,0.2734751793243123,1.5117863867393322,0.10310437923612248,0.1664623721092197,-0.5991782166711123,-0.6322011975631838,-0.9272574725085508,-0.9016118601195999,-0.2220605521114735,-0.294675704991333
22.92,-0.729000124322265,-0.7623560299757425,0.28544851045078323,1.517835835662591,0.09655314973921153,0.1601698792831116,-0.6082865559367296,-0.6210637677873334,-0.9283556496764082,-0.9037916508039991,-0.2150344481142088,-0.30271349726088936
22.93,-0.7253219819529058,-0.7593822052424627,0.2916111611292669,1.5230658144731113,0.08998644245025958,0.1538515745417624,-0.610410356136282,-0.6361494705625722,-0.9293221031705137,-0.9058566846419394,-0.1993488906256094,-0.3063378289425217
22.94,-0.7215795079843716,-0.756336573453914,0.30064634611622104,1.5291469463191572,0.08340544604043656,0.14750898440051932,-0.6105095609783873,-0.6246405320765359,-0.9301554261633656,-0.9078046939244973,-0.18750260351824882,-0.30749130175151645
22.95,-0.7177732865328956,-0.7532205311397225,0.3093866425846835,1.5236816548961167,0.07681135306804944,0.14114282069860842,-0.6134576327690848,-0.623039033643644,-0.9308542518565646,-0.9096341390065115,-0.1758410669331119,-0.3166742701802619
22.96,-0.7139039145557433,-0.7500350029176551,0.31362629235270906,1.5232144308373043,0.07020535964274348,0.13475404320308473,-0.6201314253131981,-0.6126040618172192,-0.9314172540919001,-0.9113434357572217,-0.16675260826207908,-0.31798315066244975
22.97,-0.7099720017125716,-0.7467807270543968,0.31770038672992346,1.5217054688124854,0.06358866508867317,0.12834370475023385,-0.6178657056112068,-0.6371224432201852,-0.931843147946759,-0.9129309972555819,-0.15627698023360795,-0.29916286993930535
22.98,-0.705978170223714,-0.7434583829877419,0.32737625313023644,1.5264550257712013,0.056962471606668307,0.1219129443305176,-0.6182512606020193,-0.6324908231452582,-0.9321306903136708,-0.9143952515581467,-0.14038707549265425,-0.3087739821613022
22.990000000000002,-0.7019230547254625,-0.7400685927756729,0.3360739665547436,1.5171117992684686,0.050327983935539194,0.1154628816070166,-0.6253399863941024,-0.6348977400716483,-0.9322786804637035,-0.9157346655763768,-0.13314363844820426,-0.32541861984185083
23.0,-0.6978073021223312,-0.7366120009106502,0.34529648361050636,1.5204466574097466,0.04368640901261036,0.10899469673230971,-0.6216306028092697,-0.611799343384128,-0.9322859605935052,-0.9169477274279164,-0.11810166332373395,-0.3192995346722371
23.01,-0.6936315714363764,-0.7330891982364726,0.34605414312050536,1.5374698379280662,0.03703895563357519,0.10250951940950441,-0.6253125164123448,-0.6344616809980714,-0.9321514163557618,-0.9180329776038043,-0.11008184657008965,-0.3055244200982493
23.02,-0.6893965336536109,-0.7295008596711605,0.3509258814366439,1.524319848295613,0.0303868341118178,0.09600856122010812,-0.6268555328453013,-0.6264732611618405,-0.9318739773728447,-0.9189889722124578,-0.09517101817306658,-0.313765646430863
23.03,-0.685102871567516,-0.7258476315185153,0.3577206738151544,1.5597122802234655,0.02373125593724256,0.08949297653940799,-0.622839954556357,-0.6213601462311189,-0.9314526177334492,-0.9198143214256638,-0.0816341062685397,-0.32141743062009404
23.04,-0.6807512796197286,-0.7221301001834832,0.3658121151440507,1.5447776297397549,0.01707343343478073,0.08296390989116821,-0.6286834831543584,-0.6069919779753701,-0.9308863564720138,-0.9205076824579679,-0.06721333185590074,-0.3329743401328184
23.05,-0.6763424637379152,-0.7183488761988704,0.3706068875750633,1.5310103119585683,0.010414579422624333,0.07642256424804536,-0.6277743267449228,-0.6316450516868324,-0.9301742580307157,-0.9210677335090893,-0.05463925997579308,-0.3220705430480091
23.06,-0.6718771411708897,-0.714504662569738,0.3752201644999421,1.5377655730899022,0.0037559068703309348,0.06987016084387905,-0.6314649610102747,-0.6433451034636503,-0.9293154327038731,-0.9214931902763058,-0.04288070339077598,-0.30510445421129706
23.07,-0.6673560403209987,-0.7105981163213069,0.3835284165936826,1.52838317976336,-0.002901371443126545,0.06330785454238873,-0.6310997762535883,-0.6332471011348102,-0.9283090370645362,-0.9217828273082073,-0.02815879205258026,-0.30993398837053354
23.080000000000002,-0.6627799005738468,-0.7066299329281474,0.3911004828042236,1.5438984307982742,-0.009556043271219072,0.05673685180089875,-0.6321954851362491,-0.642020689117054,-0.9271542743731319,-0.9219354475014109,-0.016033854416019653,-0.33514768047610094
23.09,-0.6581494721253547,-0.702597367336512,0.39142630990012095,1.550623738147046,-0.01620689724158927,0.05016005087548582,-0.6323695154334183,-0.6246052691395314,-0.9258503949679603,-0.9220947783574241,-0.0008434036489529285,-0.30477554596752304
23.1,-0.6534655158062317,-0.6985154804615,0.3984166554530911,1.5417671639785486,-0.02285272319747666,0.04358547285925821,-0.6355447492882238,-0.6852481385389844,-0.924396696637394,-0.9222460694855831,0.005531861787452828,0.28125809094038506
23.11,-0.6487288029039078,-0.6943688488427658,0.4109281038880655,1.590562541526566,-0.029492312538771565,0.036995413878526964,-0.6318762590263893,-0.5733148697869872,-0.9227925249736332,-0.9223655360300982,-0.035016169412081244,-0.23304078283111987
23.12,-0.6439401149819285,-0.6901645713202166,0.4146622681803852,1.5223799697818436,-0.036124458562607556,0.030394963044367333,-0.6374717505501613,-0.6799376534209884,-0.9210372737078518,-0.9221993028409649,0.03834268095594253,0.2812763450323266
23.13,-0.6391002436969087,-0.6859021948816083,0.41634192935514286,1.57653960497957,-0.042747956803323245,0.023800096257026396,-0.6347991579459152,-0.7114678562967153,-0.9191303850266139,-0.9219898050141767,0.05157129842626441,0.2618607690099157
23.14,-0.6342099906130462,-0.6815737916549706,0.42734599578187,1.5333550327062981,-0.04936160537179312,0.017207201497984295,-0.6349243833009852,-0.6405713589032835,-0.9170713498694083,-0.9218820101058466,0.008630762464670014,0.3760502319049172
23.150000000000002,-0.6292701670142717,-0.6771912544524487,0.4294253931917603,1.563819954822399,-0.05596420529390933,0.010607454983137886,-0.6349187674669377,-0.6198071446392085,-0.9148597082072034,-0.9215986220158051,0.02623790803903293,0.38181301415319835
23.16,-0.6242815937140657,-0.6727546549382528,0.4372869687102335,1.5711849967309155,-0.0625545608482026,0.004007675488614505,-0.637069810681081,-0.6310849589096467,-0.9124950493018776,-0.921117952931498,0.046418823292398916,0.38973188029450967
23.17,-0.6192451008629788,-0.6682633690872238,0.4381781740674716,1.5783874915946032,-0.0691314799024569,-0.002590132992798095,-0.6360221924449713,-0.6300515400627967,-0.9099770119464322,-0.9204439320961304,0.060663984563601864,0.37795527820360525
23.18,-0.6141615277539538,-0.6637175672575057,0.4489386519064051,1.5590907320069096,-0.07569377424919836,-0.009184505621424918,-0.6334642689189958,-0.6414672050813371,-0.9073052846858889,-0.9195802485393533,0.08298887916315993,0.36572109962518323
23.19,-0.6090317226254063,-0.6591225313587985,0.4532051096744349,1.5676578019030438,-0.08224025994001888,-0.015769479588671233,-0.6319982415253836,-0.6497372042222654,-0.904479606018758,-0.9185295318049777,0.10162976029855499,0.3654246136609962
23.2,-0.6038565424622157,-0.6544777881195559,0.4575936377835463,1.5593702115513324,-0.08876975761854283,-0.022355806052403903,-0.6335720346739385,-0.6192034708061996,-0.9014997645790246,-0.9172963004173144,0.12021585873928804,0.36429920145025196
23.21,-0.5986368527945916,-0.6497743602855183,0.4671903580949452,1.5752337614429857,-0.09528109285204138,-0.028934462280048916,-0.6332902720018173,-0.6279998836960347,-0.8983655992985323,-0.9158832352162594,0.1367386297997197,0.36728870206248554
23.22,-0.5933735274949179,-0.645034752591635,0.4677388172782729,1.6318962171464808,-0.10177309646147736,-0.035497879000667726,-0.6314676968502552,-0.6486582859164168,-0.8950769995497425,-0.914289836371662,0.15261049830871684,0.3858689892811812
23.23,-0.5880674485725907,-0.6402497536986709,0.4711854623092863,1.647178577135177,-0.10824460484998796,-0.04205584110205664,-0.6385957671649474,-0.6288814842322776,-0.8916339052687574,-0.9125219146415887,0.17204549055077534,0.37536299459527755
23.240000000000002,-0.5827195059669308,-0.6353975123173371,0.4766669970794286,1.5796937144614163,-0.11469446032962088,-0.048610739745679026,-0.6302389313080751,-0.6430178485149117,-0.8880363070586019,-0.9105827324296893,0.18541086033798315,0.3746706681075308
23.25,-0.5773305973381944,-0.6304888556853618,0.48184427733960566,1.5553072133312893,-0.12112151144627864,-0.05514981900084231,-0.6277736878149243,-0.6432247917613042,-0.8842842462726684,-0.908470350539889,0.20244006438040854,0.36296102406438924
23.26,-0.5719016278567387,-0.6255291324709925,0.48694063396950216,1.5861393498501302,-0.12752461330274673,-0.06167426973990006,-0.6265085432540645,-0.6693397694950506,-0.8803778150783399,-0.906187151526245,0.21892416734867695,0.3716874062305894
23.27,-0.5664335099904318,-0.6205211159274903,0.49498125270310467,1.5579148312003592,-0.1339026278797087,-0.06818398095135775,-0.6280113715293121,-0.6611501233537791,-0.8763171565007009,-0.9037350015710567,0.23367054268608864,0.3415545811051492
23.28,-0.5609271632902747,-0.6155317803691464,0.49605014562883565,1.6892164160967609,-0.14025442435465774,-0.07466322823203213,-0.6271067047483434,-0.6105317971888226,-0.872102464446379,-0.9011103363862469,0.24901565778751286,0.3448375601015385
23.29,-0.5553835141743974,-0.6104468813489238,0.5003063728955961,1.6250752181904538,-0.14657887941859754,-0.08115402019645737,-0.6231703058779048,-0.6455664293354945,-0.867733983707437,-0.8983289510344101,0.2669674218111688,0.3412727830889933
23.3,-0.5498034957103828,-0.6053033489672739,0.5064324418294056,1.579169251963914,-0.1528748775904551,-0.0876193422249716,-0.6227097938820393,-0.6508140644938963,-0.8632120099453733,-0.8953801644119368,0.28479436030928534,0.3472310723413778
23.31,-0.5441880473960409,-0.6001105875669845,0.5141989569590909,1.570249831365096,-0.15914131152907188,-0.0940627147659926,-0.622368690449678,-0.6546796116693835,-0.8585368896551695,-0.8922665593582603,0.29601321169099487,0.3584741285444933
23.32,-0.5385381149386357,-0.594873144042451,0.5179063671125771,1.5607989246985563,-0.1653770823427368,-0.10048495133623836,-0.6133325640189297,-0.6765068182769644,-0.8537090201094586,-0.888989824253547,0.3105897259452663,0.3464836803354574
23.330000000000002,-0.5328546500326785,-0.5895933783931304,0.521700859503485,1.5659893720879667,-0.17158109989608628,-0.1068858007148933,-0.6110710644835119,-0.6836047563190676,-0.848728849282766,-0.8855512353866247,0.3287364241659559,0.33509135509789706
23.34,-0.5271386101362746,-0.5842727393303488,0.5272719703569996,1.552842188817757,-0.17775228311436522,-0.11326448396348676,-0.6124872786113859,-0.6734523236389061,-0.8435968757559171,-0.8819518515194382,0.3466065398268986,0.3347492647426773
23.35,-0.5213909582461193,-0.5789123482429298,0.5266191517062988,1.566594021703954,-0.18388956028490183,-0.11962000822342411,-0.6078206879632874,-0.6895751049082367,-0.8383136486005748,-0.8781926164804692,0.36307179887361857,0.3249570753942312
23.36,-0.5156126626712183,-0.5735131089648436,0.5353678306294489,1.5556834384995235,-0.189991869355688,-0.12595133039370482,-0.6045284128841835,-0.6772402000231575,-0.8328797672440214,-0.8742744300805485,0.37672475189740273,0.3246334471522007
23.37,-0.5098046968053089,-0.5680759056776756,0.5419129401308338,1.552639842525542,-0.19605815823105424,-0.1322573333258407,-0.6021923376542423,-0.6815472331249094,-0.8272958813141598,-0.8701981434468805,0.39308242260616827,0.33367468774251535
23.38,-0.5039680388981419,-0.5626015853437114,0.5373869201068299,1.5598945987801909,-0.20208738506424556,-0.13853689610112022,-0.6053208215888808,-0.6863287250567319,-0.8215626904648693,-0.8659645942809165,0.40429166594518734,0.350817686328163
23.39,-0.49810367182558707,-0.557091046971563,0.5411157682242101,1.5629899486455885,-0.20807851854690398,-0.14478891658627044,-0.5967734944314205,-0.6898889637849724,-0.8156809441816993,-0.8615746050829723,0.4232556112851676,0.33541538157605993
23.400000000000002,-0.49221258285868713,-0.5515551613954536,0.5434211710482973,1.6552274072702557,-0.21403053819529244,-0.15100565372726865,-0.5967222692394976,-0.7410385028678165,-0.8096514415680602,-0.8570272555448473,0.43721014156881405,0.3227727179601659
23.41,-0.4862957634316718,-0.5459830018473739,0.5510681916482394,1.5880451674309655,-0.21994243463322166,-0.15720392127114943,-0.5958732121472864,-0.6765088041685946,-0.8034750311119194,-0.8523278854244964,0.45282049765992916,0.3474621658214904
23.42,-0.48035420890901087,-0.540370932742961,0.5538186601772506,1.5791412131549856,-0.22581320987159537,-0.1633689785129098,-0.5925398073927094,-0.6825361322298532,-0.7971526104331232,-0.847474280177676,0.4702333706362456,0.32770037650818634
23.43,-0.47438891835156716,-0.534723779164113,0.5560375237931262,1.5648860888915872,-0.231641877584425,-0.16950072262802846,-0.5895749722120243,-0.6908271137522084,-0.7906851260114689,-0.8424670919402109,0.48357682593302004,0.34526767074014236
23.44,-0.46840089428187254,-0.5290439250608235,0.5599631515935442,1.557534892087807,-0.23742746338133675,-0.1755989403621234,-0.5834835624723818,-0.696325029448019,-0.7840735728955577,-0.8373074531914345,0.49421329924426194,0.3221856061060988
23.45,-0.462391142448659,-0.5233328636029848,0.5645723363351967,1.5426471318260937,-0.2431690050763718,-0.18166292879711243,-0.5765837632674222,-0.689327642130139,-0.7773189943926385,-0.8319963593927596,0.5086769759584581,0.3169867899898182
23.46,-0.4563606715905892,-0.517591818590162,0.5666348626018602,1.5646160381912961,-0.24886555295309382,-0.18769175314865602,-0.5790365522713294,-0.7104339960300793,-0.770422481739458,-0.8265347426788494,0.5311138074956644,0.3248881518988602
23.47,-0.4503104931993699,-0.5118428720178166,0.5698639475550011,1.6256300365725704,-0.2545161700258632,-0.1936776728129812,-0.5741235749380905,-0.7095417229236217,-0.7633851737543487,-0.8209212720303655,0.537545629265625,0.34165066156492774
23.48,-0.4442416212822042,-0.5060520658349845,0.5692366653711034,1.5711062916573466,-0.26011993229722463,-0.1996386881883068,-0.5691310256527177,-0.6915260465668684,-0.7562082564705883,-0.8151631960926061,0.5516766226234646,0.3275341460631415
23.490000000000002,-0.4381550721237052,-0.5002282211206376,0.5716431795086057,1.5676579559781152,-0.26567592901131865,-0.20555831368361452,-0.5666209257419295,-0.6981422876530393,-0.7488929627512735,-0.8092564517675466,0.5690037452276465,0.3295204847865249
23.5,-0.43205186404729395,-0.49437599022763395,0.5778161025101308,1.5587689955284976,-0.27118326290325295,-0.21143736711763791,-0.5635748791244595,-0.6880784388742702,-0.7414405718857727,-0.8032025673964726,0.5847709031729954,0.32291719949918485
23.51,-0.4259330171761601,-0.4885192848495201,0.5764381822103092,1.6325629852546093,-0.2766410504443415,-0.2172688075027539,-0.5582592337164313,-0.688149186230612,-0.7338524091679591,-0.7970005278147133,0.5972545152655891,0.297354250530479
23.52,-0.41979955319383916,-0.4826410303807434,0.5796837143942445,1.7619494342250288,-0.28204842208314396,-0.22306011736474174,-0.5522600106653259,-0.8253423217751933,-0.7261298454564085,-0.790654968012229,0.610668607645437,0.3236469608931809
23.53,-0.413652495104444,-0.4767304475802399,0.5822486358407306,1.5958083803900267,-0.2874045224822452,-0.22882499820805988,-0.5546837275389273,-0.6847254832545747,-0.7182742967166591,-0.784169640904397,0.6205271305922085,0.30865380258978353
23.54,-0.40749286699266934,-0.4707847393227654,0.586260249308064,1.5712317011615853,-0.2927085107506683,-0.23454132471013026,-0.5468150075297649,-0.71181712200997,-0.7102872235458191,-0.7775410041651578,0.6363009414308708,0.3283383504486685
23.55,-0.40132169378352667,-0.46481305859573385,0.5872918482419655,1.555600812851303,-0.2979595606718994,-0.24021070697377517,-0.5390351087421279,-0.7074415098721236,-0.7021701306795873,-0.7707701907449254,0.6539279612193231,0.2887323040120168
23.56,-0.39514000100199276,-0.45881956906124327,0.5886203459592437,1.5438566749922071,-0.3031568609273998,-0.2458339830898902,-0.5384871590927139,-0.7173891638262633,-0.6939245664820138,-0.7638589971593559,0.6665339220536667,0.310824936419105
23.57,-0.38894881453251906,-0.4528066189354407,0.5918148880713096,1.5510401465545738,-0.308299615315596,-0.25141098152213687,-0.5347095671452805,-0.7286866374799812,-0.6855521224180621,-0.7568089163816706,0.6784535985836639,0.30747235511125137
23.580000000000002,-0.382749160378535,-0.44677563661356656,0.5970472312766727,1.5507625335922524,-0.31338704296621545,-0.25694115100141274,-0.5261483530709191,-0.7506591944652715,-0.6770544325093102,-0.7496213473658625,0.6909368907794541,0.31137260338942474
23.59,-0.3765420644219671,-0.44072782999500676,0.5974695308464034,1.5339844707940609,-0.31841837854997623,-0.26242366872378836,-0.5238650314700843,-0.7398963636645931,-0.668433172772908,-0.7422976302887583,0.7035414708058652,0.30734840775867367
23.6,-0.3703285521828458,-0.43466421351364126,0.5975400265751621,1.5477864418127425,-0.3233928724835048,-0.26785774754834146,-0.5216371606415423,-0.7229670342371282,-0.6596900606440503,-0.7348391474993929,0.7209018736702393,0.30118461575675504
23.61,-0.36410964857906214,-0.428585771747347,0.6027287014510756,1.542746999797003,-0.32830979112944353,-0.2732425132794857,-0.515107014620667,-0.7274876469079063,-0.6508268543822202,-0.7272472873079421,0.7301623608090522,0.30020769917184803
23.62,-0.3578863776863148,-0.42251152221842647,0.5997863610269177,1.6988465135498996,-0.33316841699170613,-0.2785652301879379,-0.5064970649933985,-0.8682952016266219,-0.6418453524613721,-0.7195201971094402,0.7427679067086427,0.30021308848245115
23.63,-0.35165976249834424,-0.4164679554033517,0.5989708990327788,1.6701343041088206,-0.33796804890578325,-0.28384630988383935,-0.5066591904486403,-0.7042794597890978,-0.6327473929443616,-0.7116639813700013,0.7545834599637266,0.2864551700427007
23.64,-0.34543082468745945,-0.4103651759487617,0.6036501079740191,1.5941501402482465,-0.34270800222407405,-0.2890912767419599,-0.5016116086169119,-0.727061434481993,-0.6235348528418252,-0.7036853022493175,0.7678828397229879,0.30334203916412694
23.650000000000002,-0.33920058436546796,-0.4042371919206119,0.6047380862310632,1.5627329004891848,-0.3473876089961716,-0.2942753642526843,-0.49748317536490144,-0.7510637199944747,-0.6142096474557752,-0.6955763740797282,0.7773606344065671,0.29623958885895857
23.66,-0.33297005984502925,-0.3981055363791569,0.605946109671869,1.6459322582287683,-0.3520062181440392,-0.2993947685141557,-0.4902249216083119,-0.8231972098304035,-0.6047737297081864,-0.6873382097118046,0.7985058249402137,0.30163104932749607
23.67,-0.32674026740151546,-0.3919609331167727,0.6107140984557528,1.5402401739640923,-0.3565631956320627,-0.3044716753941819,-0.48511712176913313,-0.7355381519588869,-0.5952290894548002,-0.6789787701520474,0.8102777503647491,0.3045093820411694
23.68,-0.32051222103542604,-0.38580069581686144,0.6099273404682812,1.5313798389050022,-0.36105792463187025,-0.309490306048621,-0.4797307784841686,-0.7525893775491262,-0.5855777527844841,-0.6704962319264831,0.8123829421938114,0.2960332836163964
23.69,-0.3142869322354104,-0.3796469441071037,0.6086482359607374,1.6015020548814243,-0.3654898056819189,-0.3144440840669384,-0.4733448566964989,-0.7604079520999516,-0.5758217813043264,-0.6618897547249715,0.8301651912757059,0.29039051716157355
23.7,-0.30806540974197516,-0.37347860151052303,0.6086476298567418,1.5328852292271877,-0.369858256841775,-0.319353494796223,-0.4700117346620114,-0.7416517998254463,-0.56596327141087,-0.6531680611240835,0.839804184693441,0.3015657367137721
23.71,-0.3018486593119026,-0.367344897243572,0.6092538493271138,1.6225336555331087,-0.37416271384104904,-0.3241918090835974,-0.46403317881287715,-0.7449181266645998,-0.5560043535476452,-0.6443241835499005,0.8509127094831925,0.28942764198216425
23.72,-0.2956376834834814,-0.361169939773186,0.6069867433755268,1.556769601968734,-0.378402630222938,-0.32899021867561673,-0.4565724867039606,-0.7620715727565843,-0.545947191449418,-0.6353712512038282,0.8608520415181642,0.2846252060630206
23.73,-0.28943348134256264,-0.3549818621437212,0.6128376906466646,1.5128817097074947,-0.38257747748233684,-0.33372388930351576,-0.45209019532490724,-0.757824658597179,-0.5357939813733451,-0.626302467810046,0.8736267037256954,0.2870596074052139
23.740000000000002,-0.28323704828953106,-0.34880455736367927,0.6140864066347345,1.573432185980775,-0.3866867451984669,-0.33838832537347674,-0.44582883691036473,-0.777095036241917,-0.5255469513174376,-0.617118427056675,0.8842369189406928,0.27751365883747686
23.75,-0.2770493758072302,-0.3426172922900957,0.6122860845697314,1.5371398840247446,-0.39072994116198934,-0.3430048865584215,-0.44275164247232884,-0.7699465032090691,-0.5152083602265621,-0.6078284423191632,0.8980918408486378,0.275326262224453
23.76,-0.2708714512299052,-0.33649555747980564,0.6086689531628604,1.7231792358396325,-0.39470659149658227,-0.34753495251843636,-0.4342628428591805,-0.7658256545493505,-0.5047804971863292,-0.5984214828866545,0.8989501830665311,0.2755494194983586
23.77,-0.26470425751322496,-0.3303248457958716,0.6097721282480696,1.584167283586225,-0.3986162407748901,-0.35204263622574483,-0.43076318705027455,-0.7518680090533072,-0.49426568060522114,-0.5889221021128999,0.9181950343140565,0.2798427595664222
23.78,-0.2585487730054208,-0.32413594053478745,0.6135367198502502,1.5275558259282216,-0.4024584521288894,-0.35647726084116915,-0.4206114108640131,-0.747439955633876,-0.4836662573852048,-0.5793151030223419,0.9238864310840165,0.2722482233128902
23.79,-0.2524059712196428,-0.31794276076323325,0.6145906155171058,1.50247303538737,-0.40623280735456435,-0.3608445561354167,-0.4155136028224119,-0.7510594788862043,-0.47298460208125565,-0.5696044038953058,0.9398771753483113,0.2816690595288009
23.8,-0.24627682060750675,-0.31175156758861255,0.6118489089439777,1.4831922971997074,-0.40993890701091307,-0.36514699328826866,-0.40773245514400935,-0.7820553377141455,-0.46222311605001465,-0.5597931946915503,0.9450418087025253,0.2666122643092207
23.81,-0.2401622843339955,-0.30556542910965756,0.6136106080024951,1.4998312995156622,-0.4135763705132217,-0.36938530890248417,-0.4013158115102492,-0.7969080297996204,-0.4513842265880472,-0.5498840673847072,0.9583083323028023,0.26990723369214203
23.82,-0.23406332005366717,-0.2993861398113793,0.6104890238226311,1.5028503784131129,-0.4171448362206028,-0.37355948639369,-0.396406892038124,-0.792678837287957,-0.4404703860598961,-0.5398793599501849,0.9658515389051074,0.28276741535335964
23.830000000000002,-0.22798087968830338,-0.29321494488686434,0.6122365286018204,1.488069427525086,-0.4206439615177544,-0.37766919306825114,-0.38801484234689276,-0.8060829846137892,-0.42948407101643904,-0.5297813289371954,0.9739633530647075,0.27794779606269543
23.84,-0.22191590920600038,-0.2870528093496009,0.6047744568845562,1.4928516706848436,-0.4240734228909172,-0.3817140607468621,-0.3821311921279162,-0.8032170953468685,-0.4184277813037548,-0.5195922263827074,0.979616748710765,0.2887074415627267
23.85,-0.215869348401781,-0.2809129638411163,0.6053156588082352,1.6053957779618588,-0.42743291599803984,-0.385685505179171,-0.37730473021022254,-0.8888278424778508,-0.4073040391629207,-0.5093118279372101,0.9887968017597154,0.2657436214520489
23.86,-0.20984213067978655,-0.27478169394518315,0.6066618491247153,1.5050400322153124,-0.4307221557330594,-0.38960474247112536,-0.3671583940761981,-0.8121246329016578,-0.3961153883211373,-0.49894877941999966,0.9986675085596698,0.26916466767940134
23.87,-0.2038351828370702,-0.2686545163158337,0.6068107533133994,1.486552481145513,-0.43394087628437056,-0.39345494098042066,-0.3600504417417783,-0.8130408598995355,-0.3848643930744286,-0.48850104712060033,1.0092708143238367,0.2714488882264884
23.88,-0.19784942484910145,-0.2625370670060359,0.60295885288145,1.4749328957211698,-0.4370888311873882,-0.39723670586134946,-0.3576916642584726,-0.8070928755174176,-0.3735536373624134,-0.4779707199494287,1.0164819130363103,0.27318121008115615
23.89,-0.19188576965695617,-0.2564319868640145,0.6058893631508385,1.4705166801107215,-0.44016579337123357,-0.40095069019957114,-0.34918322135649443,-0.8325985115059971,-0.36218572383539843,-0.46736053525886,1.0176992402288771,0.28322385217503143
23.900000000000002,-0.18594512295632895,-0.2503408340095904,0.5999438277217242,1.4630840435802717,-0.4431715551995148,-0.40459691066022996,-0.3451817426612047,-0.8232827755055483,-0.3507632729142662,-0.45667302920188696,1.0286893042005187,0.26077611758276564
23.91,-0.18002838298835855,-0.24426485703617523,0.5927758492487816,1.4562913627683023,-0.4461059285051845,-0.40817512795056426,-0.339901788465059,-0.8104115203465749,-0.3392889218434469,-0.44591065120401985,1.0379580850971517,0.2769881271283058
23.92,-0.17413644033232414,-0.23820506623507956,0.5975490935123936,1.4623977626832738,-0.448968744619497,-0.41168509352388816,-0.3338225866396755,-0.8300173849704315,-0.32776532373738515,-0.4350758646960675,1.0450573618386025,0.26830853474168825
23.93,-0.16827017770030997,-0.23216232860019134,0.5976277656560104,1.4554215638232453,-0.45175985439499333,-0.41512652240931175,-0.3261187197710944,-0.8338444024187065,-0.3161951466209201,-0.4241711334914484,1.0544894255459216,0.264510963140599
23.94,-0.1624304697338273,-0.22613754054714885,0.5953109483633322,1.4470654854112512,-0.4544791282225958,-0.4184990845693743,-0.320248260868762,-0.83247074414005,-0.30458107246387056,-0.41319892373334866,1.0560303478626947,0.2622077440500049
23.95,-0.15661818280248854,-0.2201316020080006,0.5929376147460884,1.4544916448350729,-0.45712645604271246,-0.42180248074519433,-0.3095796033557605,-0.8443303478489864,-0.29292579621031684,-0.40216172371190256,1.0629248581122754,0.2663119776249237
23.96,-0.15083417480474487,-0.21414531760794886,0.5926407765533973,1.4359759619221732,-0.45970174735043706,-0.4250364646483427,-0.3048884394844142,-0.8468320118412858,-0.28123202480284243,-0.3910620575983621,1.0746092008953125,0.25300325004417235
23.97,-0.14507929497079408,-0.20817954089022184,0.5902278441073422,1.4309409031903435,-0.4622049311947789,-0.428200750800102,-0.29972018724798866,-0.8340434628868724,-0.26950247620226553,-0.37990244583583493,1.0779029030760299,0.2476899999490269
23.98,-0.13935438366762,-0.20223522392886062,0.5888945590210682,1.4314996340451303,-0.4646359561719583,-0.43129507616095114,-0.2923452707364563,-0.8347043696157781,-0.2577398784030986,-0.3686854273648348,1.0796628433367452,0.2507809384645917
23.990000000000002,-0.1336602722063054,-0.196313182900946,0.5862498038282331,1.4333798002204317,-0.4669947904127605,-0.43431925998428,-0.28463033515356534,-0.8605253562002521,-0.24594696844526967,-0.35741358433138853,1.0842714544579775,0.26394387127612645
24.0,-0.12799778265160583,-0.19041428586281542,0.5834237270560523,1.4403094551859805,-0.4692814215639533,-0.43727309613170784,-0.27921627695516055,-0.8460285045394051,-0.23412649142239028,-0.34608949838364883,1.0893376170455855,0.2601548026741431
24.01,-0.12236772763382564,-0.1845393587051078,0.5798710405038668,1.4291845871660116,-0.4714958567637771,-0.4401564170734257,-0.2685539512459661,-0.8617152864221957,-0.22228119948701336,-0.3347157707849099,1.0995968820322644,0.2458034878772957
24.02,-0.11677091016310318,-0.1786892139821563,0.5800447086891113,1.4377403614483408,-0.47363812261150884,-0.4429690582043412,-0.26373913324698245,-0.8518620662077135,-0.2104138508533015,-0.323295018869836,1.1029329867679678,0.24622382462937015
24.03,-0.11120812344607539,-0.17286472415658707,0.5758371617180491,1.4217538784321189,-0.4757082651311355,-0.44571085302293484,-0.2596343698660482,-0.865577830852433,-0.19852720879741084,-0.31182986054919865,1.104237416997061,0.2410850545571805
24.04,-0.10568015070502215,-0.16707421385589866,0.5680897975191583,1.4195591200092004,-0.47770634972909953,-0.4483746137120709,-0.2442138865420384,-0.8697544345273718,-0.1866240406561128,-0.3003213816911186,1.1130355466780986,0.24208563128450947
24.05,-0.10018776499949902,-0.16131638738409046,0.5675155854749648,1.4315691098326928,-0.47963246114619174,-0.45097816825622855,-0.24409477927450324,-0.8721779490280012,-0.17470711682392998,-0.2887755490732812,1.1128912420650015,0.24894291957281645
24.060000000000002,-0.09473172905054145,-0.15557706065291718,0.5671619625578879,1.4229697861049235,-0.4814867034035595,-0.45350996640761115,-0.2380869697008977,-0.8749688146299539,-0.1627792097492938,-0.27719434568428053,1.1201621087388764,0.2575585984177015
24.07,-0.08931279506743003,-0.14986336050539986,0.5648250504397355,1.411372433293887,-0.48326919974287247,-0.45596863806735904,-0.22956887717466,-0.8665616915263614,-0.15084309293003306,-0.2655786136358114,1.1211314789429045,0.2480239667770312
24.080000000000002,-0.08393170457709948,-0.14417815082058233,0.5599625553544311,1.397151242448641,-0.48498009256065466,-0.4583552142083564,-0.22283683761187814,-0.8757088432998572,-0.13890153990862877,-0.2539314660525643,1.1258530087431327,0.23631374222150306
24.09,-0.07858918825624359,-0.1385231048876977,0.5619912713678692,1.4051892794655931,-0.48661954333681495,-0.46067022254544754,-0.21844655936525656,-0.8897416916722454,-0.12695732326768847,-0.24225580755263024,1.1234591936115625,0.25739470241857165
24.1,-0.07328596576608842,-0.13289937962437912,0.5560873149166948,1.3918942547118707,-0.4881877325573862,-0.4629138364562967,-0.20703680680766606,-0.8728446329821642,-0.11501321362590354,-0.23055441673379945,1.1297187362594379,0.2363360933669498
24.11,-0.0680227455899752,-0.12730792330186763,0.5541579586258198,1.3845297084653037,-0.48968485963150304,-0.4650861715594379,-0.20509804528878334,-0.8826955016072278,-0.1030719786350732,-0.21883003612473587,1.130093328653238,0.2586536858210872
24.12,-0.06280022487369524,-0.12176141683156558,0.5429620537910983,1.518687195729726,-0.4911111428026653,-0.46717955108378123,-0.19545032702941387,-0.968561405806757,-0.09113638197839433,-0.20708272692031715,1.1293887035717984,0.2571023130178376
24.13,-0.05761908926868753,-0.11624642393840172,0.5483479332043986,1.4074337748348882,-0.49246681905426226,-0.46921482033372736,-0.18595723038371545,-0.8708410089846609,-0.0792091823706042,-0.1953221639429709,1.1350326216833304,0.23811258921024095
24.14,-0.05248001277808606,-0.11075883553530157,0.5397194623935542,1.3950561973365914,-0.4937521440094587,-0.47117635083436776,-0.18119525151579777,-0.9142054372071219,-0.06729313256020607,-0.1835462375968158,1.1400250050156666,0.2348455031816743
24.150000000000002,-0.04738365760570315,-0.10530386664498115,0.5404001342513217,1.3849009327588795,-0.4949673918254151,-0.47306525752001005,-0.17260959511588125,-0.9095032482492408,-0.055390978334315805,-0.1717575499702252,1.1365714767173656,0.2493835905469991
24.16,-0.04233067400793952,-0.09988395862147212,0.5342298417221488,1.382402644394517,-0.49611285508190905,-0.4748826360861409,-0.16824389888615573,-0.9052738039892162,-0.043505457526434185,-0.1599592170799165,1.1346299535852191,0.2347736639876182
24.17,-0.03732170014867947,-0.09450054553877398,0.5368974616817627,1.3633686803207532,-0.4971888446643814,-0.47662900550384785,-0.1609822752958918,-0.9132296944164308,-0.031639299027546156,-0.14815412761892802,1.140885776062996,0.24292377586471953
24.18,-0.032357361957222636,-0.08915471092435219,0.5277441650741975,1.36472687903923,-0.4981956896414472,-0.478304673079108,-0.15753301714504991,-0.9095900050112355,-0.019795221801020835,-0.1363450695940647,1.1424049511630485,0.260229734875934
24.19,-0.027438272989244894,-0.08384719553576987,0.522648680955629,1.352179752332649,-0.49913373713691134,-0.47990993991560177,-0.1469596072067917,-0.89542894355652,-0.007975933901568255,-0.12453481737730573,1.140574881818872,0.2326783979580636
24.2,-0.022565034290868063,-0.07857880350040153,0.5212000551524075,1.3562295993694324,-0.5000033521963201,-0.481444966230268,-0.14246396195175728,-0.9003695930765006,0.00381586850120072,-0.11272608148512678,1.1392606672350603,0.254018656570909
24.21,-0.017738234265828906,-0.07335018882040445,0.5152413790856658,1.3471115097781257,-0.5008049176481176,-0.4829100105353643,-0.1325323560401864,-0.9092426127621894,0.01557750209439275,-0.1009216012234159,1.140311223628643,0.24658878887409064
24.22,-0.012958448545826978,-0.06816203887204629,0.5131176142763634,1.3419406316699547,-0.5015388339594071,-0.4843052701460768,-0.12856534773322525,-0.9113816516044834,0.02730629738805508,-0.08912407888080788,1.142730162307132,0.26068363735501104
24.23,-0.008226239864026458,-0.0630150187647031,0.5065066584900733,1.347999428718145,-0.502205519086413,-0.4856309948355873,-0.12381740303159,-0.9145021874009966,0.03899959967581679,-0.0773362242850972,1.1374378213083884,0.24849546253017368
24.240000000000002,-0.003542157931806428,-0.057920975477789856,0.5024207112403576,1.4333170423419443,-0.502805408319645,-0.48688013707573746,-0.11155076841418222,-0.9934375456038392,0.050654769989384785,-0.06555811029417263,1.1381785664092605,0.22347399961283593
24.25,0.0010932606812709689,-0.05286705367226112,0.5003856071264882,1.3544277883387688,-0.5033389541238512,-0.4880726084337827,-0.10682972063831787,-0.8936728402304998,0.06226918604664755,-0.05379929939740553,1.135783655825115,0.24041259315327884
24.26,0.005679492664212693,-0.04784928957954742,0.5007367176954255,1.333881391150171,-0.5038066259727803,-0.489193862315614,-0.10046003432016322,-0.911989800527487,0.07384024319297078,-0.0420576628484273,1.1318650463321753,0.23233939946598323
24.27,0.010216028078021855,-0.04288358201483113,0.4907783465742834,1.4328223911751874,-0.5042089101788333,-0.49023797288675713,-0.09920810973571528,-0.9897082534500079,0.085365355335234,-0.030333188050602148,1.131700042915339,0.2337842374692382
24.28,0.014702370465826203,-0.0379698404182605,0.4877900997744977,1.439025066648702,-0.5045463097176258,-0.4912183141504898,-0.08658338484057336,-0.9900891311307768,0.09684195586839665,-0.018633125822702327,1.1299975959707003,0.2306826568498646
24.29,0.019138036959624155,-0.0330917390510317,0.4844474028766694,1.3691387267152633,-0.5048193440475494,-0.49214021444460887,-0.07951720297051751,-0.9271736600419168,0.108267498594048,-0.006962297546479796,1.1292815811992047,0.25350635635190927
24.3,0.023522558383664516,-0.02824985809398574,0.48016018246735814,1.3464396649677584,-0.5050285489243697,-0.4929906929877477,-0.07553044141309546,-0.9403732229734506,0.11963945863073838,0.004681407380867696,1.1192282356037282,0.23957780709469362
24.310000000000002,0.02785547935440752,-0.023450614856408425,0.4769033644308454,1.319688561032015,-0.5051744762109123,-0.4937720168186841,-0.06728437672560453,-0.9465555947961507,0.1309553333155906,0.01629502785368056,1.1212470502571927,0.24350043366704435
24.32,0.03213635837705303,-0.018710576595348305,0.4676533029621721,1.3694202122485206,-0.5052576936819311,-0.49447962780158045,-0.06036542804616442,-0.9526121447933057,0.14221264309694293,0.027877950595291183,1.1171873086787019,0.23679698328928903
24.330000000000002,0.036364767938626114,-0.014010442202516809,0.4653320846875532,1.3236159966886205,-0.5052787848241682,-0.49513176551650756,-0.05594180766884958,-0.9346969528373207,0.15340893241759818,0.039420410092274344,1.1150216008577045,0.23580882966216252
24.34,0.040540294597558646,-0.00935276902764158,0.458733476909485,1.300330152179471,-0.5052383486317211,-0.49571542921681255,-0.04817802378030224,-0.94484952361085,0.16454177058837235,0.050925083830735345,1.1090406459963513,0.24048899805790677
24.35,0.04466253906980311,-0.004815035630127728,0.44259994651861734,1.6272433461626465,-0.5051369993967434,-0.4961933639868605,-0.03704500511722198,-1.0611383592981618,0.17560875265156284,0.06240319248603954,1.1062956996910267,0.20334100218805629
24.36,0.048731116311391764,-0.00043295372515817887,0.4340943318237936,1.9291226020967909,-0.5049753664955632,-0.49661475586501774,-0.035978694308442916,-1.007526326968343,0.18660750023402542,0.07383638888367348,1.0994393154232809,0.2201268247707241
24.37,0.05274565559748587,0.003949581514264972,0.4421890930632318,1.694739141490085,-0.5047540941702809,-0.49704281370058184,-0.03531108385473739,-0.8304623500660844,0.19753566238949782,0.08519584282994304,1.096446545833537,0.261800306399873
24.38,0.05670580059783528,0.008372142995853002,0.442280379494601,1.4809426512238009,-0.5044738413059159,-0.4973977119422436,-0.024072362331138866,-0.8901013344497422,0.2083909164298455,0.09650750352539228,1.09245121479439,0.23943620504865648
24.39,0.060611209448685616,0.01278542828465835,0.43955540030298695,1.3739264035741516,-0.5041352812031732,-0.4976728975899663,-0.018882739724049642,-0.9297899993944824,0.21917096874489916,0.10777461369782222,1.086968804337801,0.24428744690836648
24.400000000000002,0.06446155482106986,0.017172587898440797,0.43156640339659,1.285459367410197,-0.5037391013468933,-0.49787679347246316,-0.012207315799137888,-0.957097442952239,0.22987355561057146,0.11899131258548805,1.085628825416342,0.2580415269349134
24.41,0.06825652398549764,0.021515687917981453,0.43121560725878416,1.2897411267784316,-0.5032860031702774,-0.4980126259293447,-0.008419456203544435,-0.9448265110861492,0.24049644398489295,0.13015415165657054,1.079806133903704,0.2556906359457615
24.42,0.07199581887302361,0.025807993783927785,0.424284425791065,1.2735488209433314,-0.5027767018149362,-0.4980846849435746,-0.0044377065822217236,-0.9686794624540652,0.25103743229173464,0.14125914218572885,1.0740420353518947,0.2309246420090637
24.43,0.0756791561326472,0.0300691688324659,0.42896862769254346,1.2701472025347593,-0.5022119258868574,-0.49819271439060236,-0.039633531816361194,-0.9669510651371758,0.2614943511917752,0.15232847117531736,1.0810416303856023,0.266203005037761
24.44,0.07930626718509093,0.03426645724290003,0.4132664495376553,0.9565744410227796,-0.5015924172083537,-0.49830339636219334,-0.0007356810878991751,0.17651823049934326,0.27186506434057184,0.163298901494486,1.0585431172407245,0.13091706996437547
24.45,0.08287689827287908,0.03840818332286153,0.417825815684158,1.3704671139865106,-0.5009189305660938,-0.4984268331991982,-0.030888398526825407,-0.8073841787429832,0.2821474691332708,0.17422756414954585,1.0700004318083638,0.26609436356289845
24.46,0.08639081050675848,0.04248697810655919,0.4097407106645157,1.3110949830100638,-0.5001922334552487,-0.49850184636970174,-0.025817684411523503,-0.6055248261240423,0.2923394974358136,0.18507539027056413,1.0536040028177753,0.291867262616823
24.47,0.08984777990840723,0.04649809346556121,0.3892299681423434,1.0820793874942312,-0.4994131058198976,-0.49853187374854235,0.01836746315792473,0.3022479202394771,0.3024391163022072,0.19583396040947754,1.0320789220596076,0.16967091450485464
24.48,0.09324759744946473,0.050460261559578515,0.3966196714831095,1.3982939064687607,-0.49858233978970584,-0.4985588966593686,-0.014738217467849193,-0.5610465151719305,0.31244432867772215,0.20654945442702616,1.0421475699485538,0.33006588731204817
24.490000000000002,0.09659006908682125,0.05434428414786744,0.37902362498438924,1.1050725039805716,-0.4977007394130128,-0.49842849013487606,0.03570102624568216,0.32037376775824183,0.3223531740875872,0.21715703170341752,1.019448775018584,0.17880935564381276
24.5,0.09987501579421235,0.05819151266397391,0.38401764285002804,1.4088289227699295,-0.49676912038639237,-0.49829603710115666,0.0016549998175045724,-0.5433419457512716,0.33216372931104277,0.22771930079162914,1.0292108785505973,0.29727880194096606
24.51,0.10310227359007915,0.061982686859322594,0.3701326487405397,1.0721362639777778,-0.4957883097807458,-0.49814157014954114,0.046933693812508157,0.5729412679999337,0.34187410904042465,0.23817616750211124,1.0030076637976584,0.1984025834245739
24.52,0.10627169356168298,0.06574847187391047,0.37231601185716695,1.112008825952815,-0.49475914576407154,-0.49811332943936093,0.0032288036750676707,0.6765441811774089,0.3514824665249833,0.248590187333067,1.0012518401478427,0.22243206933312593
24.53,0.1093831418855056,0.06943224703869463,0.3637547400907443,1.2012250547538874,-0.4936824773209269,-0.49803869588493316,0.014590236985934268,0.7170869452044368,0.36098699419929503,0.2588934972439232,0.9972999804431106,0.24130284587254597
24.54,0.11243649984387499,0.07304429308180138,0.3574736525342005,1.2232287404492874,-0.49255916396873645,-0.49787210784210384,0.024563293705724246,0.7475465443998152,0.3703859242958718,0.2691078715363371,0.9856448258432224,0.24796125195915214
24.55,0.11543166383787304,0.07657671163522917,0.3491637544268969,1.2759262288769246,-0.4913900754709862,-0.4976086862606839,0.027945430129052498,0.7457343909604438,0.37967752944188404,0.2792355782039616,0.9763535164800226,0.25600706032830567
24.560000000000002,0.1183685453964711,0.08003725700690412,0.34134629370752817,1.3523554623455751,-0.4901760915474189,-0.4972538810368135,0.042680175101966984,0.7553382977675285,0.3888601232396173,0.289274177982065,0.9694862902885306,0.2569642421478821
24.57,0.12124707118192563,0.0834645451681305,0.33984910928290624,1.2775460624233685,-0.4889181015813155,-0.4968262953425954,0.050955157035425094,0.7362589247953983,0.3979320608305439,0.2992157775525163,0.9573286356404601,0.24473104407843202
24.580000000000002,0.12406718299141942,0.08684544449371066,0.3348911576511322,1.2424490742665777,-0.48761700432394356,-0.4963106909479033,0.05980882273836684,0.7309666242607348,0.4068917394427447,0.3090663831596254,0.9508296214440919,0.2416783055685476
24.59,0.12682883775494502,0.09017417285872173,0.33477804619390017,1.2107227613553349,-0.48627370759628996,-0.4957137212502601,0.0650943154431723,0.7180483236814172,0.41573759892143414,0.31882295444449504,0.9446325352935814,0.24947259719789028
24.6,0.12953200752944077,0.09344815776199056,0.32709419529333417,1.2189808099588486,-0.48488912798814077,-0.49504036606547197,0.07078912123572882,0.7192002852047406,0.4244681222424618,0.32848297110613567,0.9317169560017805,0.25295861609736275
24.61,0.132176679489172,0.09666612717034427,0.3186311816939896,1.207887715480411,-0.483464190554623,-0.4942945454270679,0.07571719124633827,0.7348684473750392,0.43308183600849237,0.33804429153904064,0.9230347820022151,0.2508989131738583
24.62,0.13476285591237358,0.09982742182591213,0.31324380385446066,1.2130847455432152,-0.48199982851029566,-0.4934796715411973,0.08764525123977955,0.7233267735787331,0.44157731092777497,0.3475049450743308,0.9146371875553885,0.23894222417198188
24.63,0.13729055416413544,0.1029316607125497,0.3123290963309215,1.1995964826989987,-0.4804969829208878,-0.49259878120226563,0.08624264938934484,0.7066382963037062,0.4499531622752,0.3568630690966653,0.9011245682201712,0.2524094004152373
24.64,0.13975980667556864,0.10597854973532676,0.30122588843920484,1.1880051449078692,-0.4789566023927704,-0.4916546643513446,0.09956310984275889,0.7207726255798714,0.45820805033558837,0.36611687963044565,0.8932721152838482,0.24064396779555797
24.650000000000002,0.142170660919213,0.10896793210846771,0.29331110170679464,1.1908721148153039,-0.4773796427602868,-0.490649910976001,0.10186134221478108,0.7206859771751649,0.46634068082891056,0.375264642287117,0.8808641971623195,0.2637455779885707
24.66,0.144523179380738,0.11189077588795236,0.2868672668404346,1.2193181871910819,-0.47576706677098984,-0.489582902323291,0.11159789771047206,0.7083726995884023,0.4743498053173829,0.3843063448318411,0.8721214664741088,0.25472774624631084
24.67,0.14681743952692,0.11476035720165821,0.2849363959627749,1.210430416736157,-0.47411984376894123,-0.4884670365088204,0.11280406222488931,0.7024397725002686,0.4822342215942268,0.39323582356901443,0.8617155832670659,0.2478567475514775
24.68,0.14905353376989788,0.11757548616462091,0.2774077664153879,1.211074560860055,-0.4724389493761286,-0.48729562668367965,0.11761895390852903,0.7098887386966606,0.48999277405393205,0.40205501996227266,0.8522455449695713,0.2382429873951566
24.69,0.15123156942774021,0.1203340408049787,0.2762903203181209,1.1695943550591994,-0.4707253651721131,-0.4860716723498196,0.12510539700100243,0.6824387026867654,0.4976243540439067,0.4107620775269081,0.8383015890195975,0.260111776981557
24.7,0.15335166868131456,0.12303512301088754,0.26973144619701067,1.1781647335955852,-0.46898007837202965,-0.4847975567746855,0.12890795979200947,0.6992651878291809,0.5051279001973884,0.4193553139495965,0.8285004542303861,0.253682796097561
24.71,0.15541396852747275,0.1256783589321458,0.2623895644634818,1.1748370212484276,-0.46720408150298604,-0.4834753306013147,0.1336608514589542,0.6895934699840972,0.5125023987474338,0.4278331952272421,0.8187098352760783,0.24595283418271874
24.72,0.1574186207285711,0.1282635619145776,0.25724499402136625,1.1593803724985265,-0.46539837207903,-0.4821068364614861,0.13517265277583773,0.698562126422893,0.5197468838219426,0.43619428945624555,0.8113291223439155,0.2570655564521967
24.73,0.1593657917583397,0.13079075800422732,0.24668297667523367,1.1451339368613973,-0.46356395227472913,-0.4806938183749735,0.14227805438157387,0.7073575324764411,0.5268604377195257,0.4444372192596479,0.7966750446938085,0.2593862854084713
24.740000000000002,0.16125566274409628,0.13325984958363354,0.2460848509058026,1.1600284385794934,-0.4617018285974947,-0.4792378628123111,0.14376017310791941,0.7063839535247964,0.533842191166185,0.4525606962749636,0.7867484206817256,0.26382970361014707
24.75,0.16308842940534796,0.13567095834000145,0.23884465331484103,1.1365684790725719,-0.4598130115587467,-0.4777405876680242,0.14671852575906308,0.7086853774429012,0.5406913235526374,0.4605634345951725,0.7705695652694511,0.2593884785263596
24.76,0.16486430198877056,0.13802415962048212,0.23358787448852125,1.14593023201807,-0.45789851534401255,-0.4762034948096919,0.14965657823661585,0.7137900311112593,0.5474070631522658,0.4684442288503064,0.7645891330543217,0.25646413865837975
24.77,0.1665835051995934,0.14031154707978571,0.2291883495838808,1.180921248857672,-0.4559593574820761,-0.4746254208705436,0.15983262166725487,0.7215797496515449,0.5539886873195379,0.4762030179449622,0.7524484676266963,0.27231719648338815
24.78,0.1682462781294131,0.14254656723441975,0.22105715793544922,1.1403063533516564,-0.45399655851327436,-0.47301502841563087,0.15808485596399285,0.6839964721954777,0.5604355226689028,0.48383564900486714,0.7317041412886317,0.27699963241016545
24.79,0.16985287418043693,0.14472274673706356,0.21368956278738951,1.1431218383804194,-0.4520111416570393,-0.471364549460678,0.16842214955696655,0.696011463303211,0.5667469452340118,0.4913444303323204,0.7238159957897106,0.278604329106177
24.8,0.17140356098620177,0.14678443497575253,0.20617534649460376,1.3030592122848668,-0.45000413247879717,-0.46966628643670005,0.16313676868658109,0.7336504304133962,0.572922380607295,0.49873348533975537,0.7127808083433382,0.27501236754066744
24.810000000000002,0.17289862032874845,0.1488305611208135,0.20644829190114647,1.1895694127022722,-0.4479765585563252,-0.46796687165321504,0.16547895717178232,0.7278688520742552,0.5789613040597543,0.5059816019377616,0.6973994980747098,0.284248738459941
24.82,0.17433834805231735,0.1507894306306143,0.19757669175315098,1.378216451182749,-0.4459294491456656,-0.46620457923752373,0.17212141610824677,0.697909612758057,0.5848632406410068,0.5131141331302675,0.687272848020347,0.27022925452515817
24.830000000000002,0.17572305397356014,0.15272190117527285,0.19626565400339246,1.2099807621814345,-0.4438638348467177,-0.46444545740126386,0.1714635904448232,0.7110079191849571,0.5906277652595093,0.5201042652426534,0.6770427516802273,0.2653677325561781
24.84,0.17705306178828661,0.15461835171455662,0.18845871023483218,1.1656358308538683,-0.44178074726857863,-0.46264616912377976,0.1789654153389087,0.699291234150619,0.5962545027429155,0.526968620412852,0.6582075424264348,0.27096765137630796
24.85,0.17832870897479403,0.15645587999335225,0.18248156662589277,1.1589198417798958,-0.43968121869478327,-0.46081149513555764,0.18187317409311327,0.7276748762968642,0.6017431278786134,0.5337053890805632,0.6502603913088758,0.2690529980541472
24.86,0.17955034669377806,0.15824722466979482,0.18041618982831795,1.125319479454974,-0.4375662817484987,-0.45895237895845714,0.1856572392709824,0.7057979529153011,0.6070933654343514,0.5403097505347846,0.6359050270239338,0.27851160535908426
24.87,0.1807183396848629,0.15998479354165643,0.17411855386821057,1.1191730052435032,-0.4354369690578133,-0.4570657333498717,0.18374040210706025,0.7134274154399471,0.6123049901590338,0.5467828023641802,0.6252300708301045,0.2675594527915893
24.88,0.18183306615977674,0.16166220348388904,0.1674055237528661,1.159004895395391,-0.4332943129212225,-0.4551510192539465,0.18648974797447548,0.6760769156421158,0.6173778267636094,0.5531244843823914,0.6140551987642757,0.2689569613809407
24.89,0.18289491769220045,0.16328417637792841,0.1601007466470164,1.1297208256590183,-0.4311393449733724,-0.4532177845932562,0.18888834856032474,0.7069672189017469,0.6223117498821491,0.5593311574456316,0.6008031483069249,0.28608457164634293
24.900000000000002,0.18390429910430223,0.16485256824216935,0.15403657010422364,1.1145571723630883,-0.428973095851242,-0.4512614600890502,0.1904190223904574,0.7072357362768981,0.6271066840130561,0.5654042020251382,0.588585002754648,0.2726682727268616
24.91,0.1848616283500133,0.16636591228512349,0.15044182434363468,1.1016328299494789,-0.42679659486078225,-0.44928363240255775,0.19125733982705734,0.7149942465131205,0.631762603440501,0.5713430909735651,0.5752552422793652,0.2863605955537501
24.92,0.18576733639504822,0.16782390951424958,0.1439185029858029,1.0946627582547044,-0.4246108696441856,-0.4472858187249051,0.19319720391737297,0.7045933748421379,0.6362795321360952,0.5771472202225055,0.5555165907942504,0.25740060949612353
24.93,0.18662186709371156,0.16922669611535446,0.1410719047669196,1.0967482249922467,-0.4224169458478542,-0.445269306504311,0.19599967146086505,0.7127634183627153,0.6406575436408246,0.5828161253275562,0.544987268512945,0.281082430626323
24.94,0.18742567706252508,0.17057454365038918,0.13510217864223484,1.1015046436207974,-0.4202158467911667,-0.44323522565238643,0.2009453597443452,0.6736139223387476,0.6448967609273554,0.5883494479634777,0.5328115405869682,0.2796447565056204
24.95,0.18817923555070298,0.17186784571071773,0.13025310223915168,1.1017895502739288,-0.418008593136177,-0.4411847164367615,0.20494336474587324,0.7090621010329788,0.6489973562427045,0.5937468783570804,0.523958940601741,0.2944354416884283
24.96,0.1888830243074979,0.173106992018361,0.12544892463081747,1.094564772805581,-0.41579620255830385,-0.43911883546801195,0.20286115284505643,0.7034184472428974,0.6529595509314146,0.599008179895965,0.5072356309446914,0.27273780473085907
24.97,0.1895375374464736,0.1742923907151525,0.11763452322837699,1.0930407958597426,-0.4135796894181632,-0.4370386657202597,0.20440938361727284,0.6931727629801555,0.6567836152392397,0.6041331558650617,0.49244643004430466,0.26883422040001836
24.98,0.19014328130671534,0.17542448706013708,0.11092635130854324,1.0827164674903584,-0.411360064434601,-0.4349452784246807,0.20187020170003367,0.7215630463500219,0.6604698680975012,0.6091216580280364,0.48225783555864715,0.2858686877831873
24.990000000000002,0.1907007743110224,0.17650373144040357,0.10739840671253521,1.0943142106191814,-0.40913833435905633,-0.43283974154357224,0.20451032993058804,0.7021397321605256,0.6640186768881347,0.6139735897456906,0.4702433407348527,0.27193739352445817
25.0,0.19121054682112237,0.17753058208079275,0.09995835183498285,1.099925737497654,-0.4069155016513445,-0.43072311508306754,0.20542382395931932,0.6865187509666704,0.6674304571895858,0.6186889005090636,0.45697280882940067,0.28558797409028447
25.01,0.1916731409899391,0.17850556773177542,0.09876883183501275,1.088438175090995,-0.40469256415696475,-0.42859645185072826,0.2061018445672138,0.7114196843412538,0.6707056725036412,0.623267588710249,0.4426866204234177,0.28515835693071656
25.02,0.19208911061094613,0.17942916243924123,0.09026255979182815,1.0691237102388136,-0.40247051478602786,-0.42646077201794363,0.2080881563423896,0.7019785048676972,0.6738448339632891,0.627709713447235,0.4293259704594032,0.2862172027469483
25.03,0.19245902096464698,0.18030176498823403,0.08788975495767408,1.0786872236687466,-0.4002503411939177,-0.42431708566191606,0.20980564923252615,0.720522127570087,0.676848500021791,0.6320153836291215,0.4164095594499793,0.28284170276361553
25.04,0.19278344866223343,0.1811239303564317,0.07962055269109207,1.0880787767682871,-0.3980330254637597,-0.42216649772596737,0.21053164976123645,0.7134101968110499,0.6797172761230243,0.636184718408002,0.40380256416199245,0.30588583779262885
25.05,0.19306298148643167,0.18189463466987535,0.07746055699060443,1.0824277555143524,-0.39581954379082646,-0.4200085437922857,0.20952562840770678,0.7208556680221752,0.6824518143533024,0.6402183242837326,0.3915855790158464,0.29586677519853516
25.060000000000002,0.19329821822960644,0.18261481917061853,0.06915106251550995,1.0935385220916536,-0.39361086616895413,-0.4178478936223214,0.209676353421047,0.7012546716263726,0.6850528130747706,0.6441155413606763,0.37584767399579694,0.2728615411288305
25.07,0.1934897685291488,0.1832858182571708,0.06438301863444533,1.0942183772001794,-0.3914079560790786,-0.41568253985008397,0.21023068680339319,0.7216687326350211,0.6875210165405472,0.6478773024621597,0.3637467060997111,0.305165877854996
25.080000000000002,0.19363825270018342,0.1839104884650805,0.058607888117312906,1.0788232984999753,-0.38921177017998654,-0.41351517603010046,0.21028737937874203,0.7324871809959411,0.6898572144917887,0.6515034611109477,0.34676923837476487,0.2971245835271459
25.09,0.193744301565647,0.18448818752404172,0.061658769638759464,1.0851334882485404,-0.387023258001377,-0.4113454721288938,0.2116379068004968,0.7238321429121702,0.6920622417368172,0.6549949330326394,0.3375099488384048,0.3200783414115751
25.1,0.19380855628378424,0.18501889701565574,0.053372223625828046,1.075881477501947,-0.384843361639322,-0.40917468917194705,0.2124407792711368,0.7121878796600919,0.6941369777125148,0.6583520492473475,0.3262397870090615,0.28916021991051793
25.11,0.19383166817308428,0.18550292788976933,0.04514952354913252,1.0934373039546128,-0.3826730154542451,-0.4070039417446664,0.21376702035792763,0.7238971377180655,0.6960823460281372,0.6615752380931149,0.31384338923167926,0.30994392381112956
25.12,0.19381429853472104,0.18594078048698123,0.04357035658475235,1.1080068261091274,-0.38051314577146933,-0.4048343036890352,0.21071977157477167,0.7242230524353109,0.6978993139917763,0.6646649913570525,0.2922611170472246,0.2936972694201742
25.13,0.1937571184725456,0.186332949527112,0.036683287124145855,1.0741368501495543,-0.3783646705844784,-0.4026667262118438,0.2117190258182701,0.7124635867213616,0.6995888921196183,0.6676218860947662,0.2880401814649287,0.3040576697748751
25.14,0.19366080871063598,0.1866822471701202,0.03626578986289023,1.066701854286794,-0.3762284992609325,-0.40050275596044005,0.2102255356997464,0.7161808225970324,0.7011521336282623,0.6704463080566115,0.27674686229301604,0.29520285219374376
25.150000000000002,0.19352605940850673,0.18698536438525434,0.03233350024190006,1.0887710314965273,-0.37410553225157683,-0.39834188078873584,0.2090777511599069,0.727098751498258,0.7025901339102482,0.6731395197508857,0.2645380213384739,0.3082482622538708
25.16,0.19335356997398723,0.18724413484482666,0.02374459781791345,1.080976766842648,-0.3719966608021034,-0.39618626629390574,0.2063497723100686,0.7305392860247858,0.7039040299930575,0.6757017391617741,0.24668818406672324,0.314626410109295
25.17,0.19314404887381248,0.18745828739845427,0.01990764190722638,1.0913438205310828,-0.3699027666680506,-0.3940359618764108,0.20793270994806148,0.7209474277225146,0.705094999981793,0.6781340452562251,0.23659761087502076,0.3190445847413589
25.18,0.19289821344200025,0.18762996018613648,0.017288476743437354,1.0832589582459236,-0.3678247218328725,-0.39189390356348325,0.20782628870654177,0.7317004954090772,0.7061642624857625,0.6804365506227827,0.2225708988949323,0.3124778904920413
25.19,0.19261678968604717,0.18776032047352534,0.008610672980579753,1.0892904036788194,-0.36576338822920074,-0.3897594148025779,0.20400748450064335,0.7260818709660941,0.7071130760292169,0.6826106179229752,0.20928555204706434,0.3197876694213466
25.2,0.19230051209097454,0.1878495837034673,0.007462944003196133,1.077186335714015,-0.36371961746344744,-0.3876335293193772,0.2056698097347117,0.7260100904068131,0.7079427384464816,0.6846571305469265,0.20054745349196595,0.3090454558055989
25.21,0.19195012342130718,0.1878982863323524,0.004979592652587722,1.0688004851685462,-0.36169425054379695,-0.385517292818674,0.20248108459341818,0.7287145993591296,0.7086545862617286,0.6865769685079035,0.18392002178136863,0.30382595397649953
25.22,0.1915663745210192,0.18790697713142723,0.004576608618481773,1.0655446924789722,-0.359688117611676,-0.38341158835376243,0.20710178541423757,0.7377721159741191,0.7092499940536434,0.688371105943614,0.1745606150007708,0.3323314658395671
25.23,0.19115002411147422,0.18796719811043852,0.00018560609779780203,0.8143383712652219,-0.35770203767680453,-0.3813469811737509,0.20684965634204286,0.6597172451283161,0.7097303738052623,0.6900287123066277,0.16317641088821835,0.3258840878681744
25.240000000000002,0.1907018385874581,0.1880191292465253,0.0011567298016244493,0.7014861233890454,-0.35573681835588256,-0.3792712010589767,0.2054464448246519,0.6511302879491296,0.7100971742392219,0.6915718030805075,0.1503851367688197,0.3140407173202991
25.25,0.1902225918113034,0.18807765373459787,0.015865995307014442,0.6627364937326653,-0.353793255615019,-0.3772379644322179,0.18423976582456383,0.6304948242825382,0.7103518801387334,0.6929859354148312,0.13718061574576468,0.31253141196465645
25.26,0.18971306490520096,0.18810967462065165,0.00022863347488140287,0.3879775547850028,-0.3518721335159647,-0.3751630750920237,0.20604258743284184,0.656694472154303,0.7104960116545246,0.6942906952839247,0.12884515100024152,0.3367950921072362
25.27,0.18917404604171267,0.1881474766089389,-0.003333322011132853,0.26530360370695816,-0.3499742239662379,-0.3731249017016515,0.2114040620199754,0.6282611334270547,0.7105311235980512,0.6954713409825203,0.11886614198126426,0.30486107594346307
25.28,0.18860633023257178,0.1881937026917478,0.013337126373431414,0.20559754182471743,-0.34810028647321695,-0.37113317785985767,0.1867141544759914,0.5956256208602684,0.7104588047212763,0.6965260367570931,0.10004082471437928,0.3275879670799037
25.29,0.1880107191157961,0.1881877634908455,-0.002371733308731054,-0.28638782701645815,-0.34625106790227567,-0.3691035687036661,0.20420530513083174,0.9279447917181476,0.710280676983289,0.6974756328780215,0.09136279810564944,0.3626168246141846
25.3,0.18738802074117494,0.18816935543852595,0.004238258917890462,0.05120730255913662,-0.3444273022390375,-0.3671216905573383,0.18667739040570835,0.5635121379099182,0.7099983948041042,0.6983041405181757,0.07482447814402683,0.3159547714089972
25.310000000000002,0.1867390493542046,0.1881309936012805,-0.0002985016213556855,-0.11137339422761303,-0.3426297103558278,-0.36515475704490813,0.18573060602040078,0.5286838572796594,0.7096136443059031,0.6990152726981314,0.06458297826605149,0.30409915865010667
25.32,0.18606462517848216,0.18805692180541392,-0.006351653515925659,-0.16837252490814256,-0.34085899978238177,-0.36319426000270144,0.18336223546072933,0.4961190101264793,0.7091281425420627,0.6996175111768661,0.05875599426354929,0.31054144562391517
25.330000000000002,0.18536557419665406,0.1880179023885363,0.0013328442798753116,-0.6351435919666416,-0.33911586448089637,-0.3612784906867934,0.1841824154298726,0.8247261452724974,0.7085436367142757,0.7000989679805203,0.045820240156888216,0.31551947574207106
25.34,0.18464272792995207,0.18793909234800865,-0.000741756981850268,-0.9061469971976492,-0.3374009846254874,-0.35937500506564807,0.17750718732828258,0.8906572358406767,0.7078619033780822,0.7004719724898698,0.03394663906763796,0.34892729410787454
25.35,0.18389692321638257,0.18782959053758136,-0.002755093189969483,-0.9880401160331344,-0.33571502638611495,-0.3574769823651104,0.18059524009409864,0.8594278542140911,0.7070847476371389,0.7007411958526113,0.025114510464972116,0.3388251485387005
25.36,0.1831290019875988,0.18777120666912198,-0.003613457701711442,-1.2175921271051209,-0.3340586417170669,-0.3556191175343698,0.1828890352296288,0.7829951427821439,0.7062140023265722,0.7008952486338461,0.015595347184903938,0.34035141801245944
25.37,0.1823398110445563,0.1876810741647226,-0.006379537917442701,-1.334900133420214,-0.33243246815002636,-0.35376361984678295,0.17788500396930643,0.7594512014219389,0.705251527185722,0.7009510245139567,0.005535695254380396,0.3310087656350971
25.38,0.18153020183196172,0.18752957990412464,-0.017698173161091787,-1.3900991950310353,-0.3308371285918338,-0.3519344996357946,0.17581627378009557,0.7111661017235984,0.704199208020639,0.701179258228452,0.05764023516939398,0.3335904797715338
25.39,0.18070103021159933,0.18732341841269315,-0.020809987389944985,-1.3245996493530636,-0.3292732311269695,-0.3501189791444182,0.17311002860135627,0.7839544184870388,0.7030589558566716,0.701317140389622,-0.008631089535766271,-0.26409780203821354
25.400000000000002,0.17985315623458772,0.1870621800293751,-0.02497372596703128,-1.4077963708673609,-0.3277413688248363,-0.34833680884603613,0.17203794476588902,0.6852519681416297,0.7018327060814766,0.7014361308337737,0.036369585950117106,0.2438224806824165
25.41,0.17898744391261312,0.18674702659371142,-0.02951361159459456,-1.3473913980190577,-0.32624211955190274,-0.34657138684598127,0.17302862465781677,0.7759741313817542,0.7005224175788489,0.7013106671501426,-0.03413387355483256,-0.2760464394117106
25.42,0.1781047609881943,0.1863773695202947,-0.036865742113288996,-1.4129987335999612,-0.32477604578874786,-0.34484509511724226,0.16334618770603687,0.6758249187546282,0.6991300718536427,0.7011734268396613,0.009605593445792414,0.24640718951569862
25.43,0.17720597870406157,0.1859538015907651,-0.043069800962744355,-1.408455717804224,-0.3233436944520926,-0.34314316290707436,0.1612601712487657,0.6965662458575005,0.6976576721482527,0.7009306430605816,-0.005345512801807816,0.21912179726611086
25.44,0.1762919715716801,0.1854749176028291,-0.05016641535534715,-1.3449091306367533,-0.32194559672184553,-0.3414769037764506,0.1609900104525264,0.7547962498201884,0.6961072425509056,0.7008518759260922,-0.005546937315459087,-0.35173725323375715
25.45,0.17536361713897713,0.18495757406837082,-0.05156253326294037,-1.351473543815779,-0.32058226787323363,-0.33983595719570875,0.16330582539477698,0.7753111416989616,0.6944808270962157,0.7006304387193953,-0.02336623098497477,-0.3539854377066197
25.46,0.17442179575735833,0.18440138948999812,-0.05457909368572771,-1.3563287600403864,-0.3192542071140637,-0.33822453635145416,0.1574174382349904,0.7613874196448919,0.6927804888583111,0.7002685830278783,-0.03294703940758826,-0.3627542758924007
25.47,0.17346739034802588,0.1838088037749269,-0.057631433013903215,-1.354618187106673,-0.3179618974271663,-0.33664494212667323,0.15388946472453047,0.7583945809550919,0.6910083090369514,0.6997722041650609,-0.04796279781469868,-0.3648723611566878
25.48,0.17250128616769964,0.18318010822667233,-0.059327808747700356,-1.3447413525026617,-0.31670580541807086,-0.3350954560359694,0.15129254944894643,0.7767256497984725,0.6891663860369668,0.6991481540424915,-0.0620685580004875,-0.3782526099508657
25.490000000000002,0.17152437057377642,0.18251751745819317,-0.06504406250142249,-1.3295317428391595,-0.31548638116795974,-0.3335791357914763,0.14212704822905525,0.7674548500887888,0.6872568345414233,0.698401411544621,-0.06922095352944614,-0.37339474930368693
25.5,0.17053753278899453,0.1818235739791173,-0.06861610733754266,-1.3711354149331403,-0.3143040580919454,-0.3320946885836888,0.14507727922551805,0.7564192496032622,0.6852817845788866,0.6975377565976772,-0.08367493462012858,-0.3533512515463134
25.51,0.16954166366564558,0.1810992767496518,-0.07571512435777737,-1.335560880956341,-0.3131592528027177,-0.3306434678765107,0.14438534427479213,0.7822809714735321,0.6832433805851524,0.6965622146886634,-0.09399991063454714,-0.35709836226087704
25.52,0.16853765544941765,0.18034730870614493,-0.07670695414401474,-1.3410652118473294,-0.31205236497959965,-0.32922595094651824,0.13811455615334745,0.7754582813878437,0.6811437804598627,0.6954795043178629,-0.10052308437017438,-0.3498299323222911
25.53,0.16752640154291562,0.17957258425472855,-0.07742585422584145,-1.3315254602236561,-0.31098377724305276,-0.32784333292215306,0.13240959940891434,0.7735737447685206,0.6789851546183437,0.6942938998708281,-0.11397527545015021,-0.33982676172878024
25.54,0.16650879626890744,0.1787724050898301,-0.08169197237475044,-1.3313399264045493,-0.3099538550346801,-0.32649342510755125,0.12781900268424926,0.7763605078598326,0.6767696850390963,0.6930107702390851,-0.12036911604334503,-0.35313268938618037
25.55,0.16548573463337124,0.17794961087780037,-0.08193077761873555,-1.3089328812114556,-0.30896294650274303,-0.32517866886477814,0.12410424332672619,0.7875527831093503,0.674499564307303,0.6916334764638692,-0.13391768128852555,-0.353309187932517
25.560000000000002,0.16445811208840588,0.17710642484761246,-0.08151214125528343,-1.306436325145183,-0.30801138239325576,-0.32389925487598187,0.11838537641950891,0.8136108161955514,0.6721769946547569,0.6901660564881894,-0.1411969718039117,-0.34302995996898245
25.57,0.1634268242950358,0.17625165193514983,-0.08023127336480497,-1.3147167575975403,-0.30709947594666387,-0.32265705979232806,0.12315920542987485,0.8008584963232317,0.6698041869965872,0.6886117038340435,-0.1488006046536097,-0.35061781288179633
25.580000000000002,0.1623927668859934,0.17537440230152462,-0.08445061462381487,-1.3147826541436538,-0.30622752280015664,-0.3214477297157317,0.11807674150443619,0.7828158864146848,0.6673833599652035,0.6869759531877587,-0.15821503926870856,-0.3453128003190063
25.59,0.16135683522854988,0.17449409383224534,-0.08299587104926757,-1.3292911371023486,-0.305395800895641,-0.3202841219357576,0.11219403532803253,0.7911953044084803,0.6649167389418223,0.6852583611319016,-0.16894458081549,-0.35005862081155276
25.6,0.16031992418740262,0.1735987306400882,-0.08825686928394633,-1.3437470757423267,-0.30460457039339417,-0.319143856456802,0.10958226730374712,0.7946513622672834,0.6624065550859883,0.6834683068305739,-0.1725047689325935,-0.344153054978911
25.61,0.15928292788773948,0.1726797839623256,-0.09128692152223816,-1.3344989145030997,-0.3038540735914399,-0.3180423584843711,0.10534991647516578,0.7925696467275805,0.6598550443634897,0.6816061539545109,-0.1792106950096906,-0.356023299382845
25.62,0.15824673947850323,0.17174543998050895,-0.09047874796347309,-1.3010938117149844,-0.3031445348506545,-0.31698050493904506,0.10204875544388958,0.8113553502251855,0.6572644465730424,0.6796738464361219,-0.1869440650210001,-0.33672162731800054
25.63,0.15721225089590793,0.17079933254132368,-0.09549695798592085,-1.3046022667123514,-0.30247616052564263,-0.3159573516105251,0.09640933576725992,0.8131010090529835,0.6546370043721844,0.6776749754228816,-0.1924827741617473,-0.3428035935446265
25.64,0.15618035262729418,0.1698437397287203,-0.09614910525597822,-1.3036981506637109,-0.30184913890139115,-0.31497262787360075,0.0955257305651563,0.8212227362655046,0.6519749623027213,0.6756127736265161,-0.19825285013183508,-0.32893853540266815
25.650000000000002,0.1551519334753742,0.16888020687838065,-0.09322484002769432,-1.2792877226789576,-0.30126364013572837,-0.3140263998257178,0.08861734138708167,0.8104716691541506,0.6492805658161677,0.6734902746710888,-0.2065955000986618,-0.32443698765910123
25.66,0.1541278803228954,0.1679100602973872,-0.09388953463207321,-1.2906965790682023,-0.3007198162076038,-0.3131188847622855,0.08639497782555136,0.825671895136041,0.6465560602995596,0.671310376256168,-0.21088010847521343,-0.340498844975164
25.67,0.15310907789782557,0.16693448774900613,-0.09529936851134976,-1.285003353965562,-0.3002178008712035,-0.3122503198837875,0.08367076155371742,0.7972484032713333,0.6438036901020292,0.6690759041291756,-0.21825683881941899,-0.3376321548665061
25.68,0.15209640853909437,0.16595462350887846,-0.09435613350744226,-1.2793130664177217,-0.2997577096159184,-0.3114209766429418,0.07772451809389985,0.8198377756098516,0.6410256975625765,0.6667896085143344,-0.21734863090233572,-0.3162796791992052
25.69,0.1510907519629347,0.16497265356768712,-0.09953076960125341,-1.2889633990092642,-0.2993396396321734,-0.31063222882428826,0.07477176569370242,0.8205582231405518,0.6382243220393792,0.6644539164614249,-0.2260091068100364,-0.3421694953097215
25.7,0.1500929850299223,0.16398932196619465,-0.10150864457848582,-1.285412611401098,-0.2989636697831327,-0.30988143891005926,0.07225528680659528,0.8369192764957312,0.6354017989410848,0.6620721250417273,-0.23379662796855855,-0.31791897912895484
25.71,0.14910398151273702,0.16300582669601538,-0.09809372107940866,-1.2927958061329579,-0.29862986058228513,-0.3091718747900821,0.06931157009900325,0.8241521638402374,0.6325603587604507,0.6596461691276644,-0.23525410830681573,-0.3427323580408627
25.72,0.14812461186471038,0.16202036808563364,-0.09955852787039457,-1.261025430616279,-0.2983382541769206,-0.30850071376693794,0.06476673912222163,0.8423957913161398,0.629702226110748,0.6571795970267406,-0.2386709999279382,-0.3324460996944224
25.73,0.14715574298923,0.16103450337075673,-0.09856293645280872,-1.28262976638066,-0.2980888743374999,-0.3078705284299302,0.061757508053081694,0.8216093913231474,0.6268296187652904,0.6546740807691837,-0.24426696042823828,-0.328860307586419
25.740000000000002,0.14619823801005077,0.1600499448964814,-0.09853369750977989,-1.2592471582193452,-0.2978817264529227,-0.3072811402483967,0.05699929586679525,0.8167378406172726,0.6239447467005304,0.6521322439546159,-0.24790174199808004,-0.3330960619514781
25.75,0.14525295604255514,0.15907776167125184,-0.09326969744902462,-1.2686787876725591,-0.29771679753169344,-0.3067352112708405,0.051216339831283625,0.8314359321840707,0.6210498111430636,0.6495555679130436,-0.24683657825782726,-0.31493162179563694
25.76,0.14432075196604444,0.15810209393586575,-0.09510823112140387,-1.2612200643032117,-0.29759405620898627,-0.3062253023068019,0.047202658373621934,0.8274363566619992,0.618147003620938,0.6469495192215201,-0.25262395642655294,-0.3322362485668823
25.77,0.14340247619711238,0.15712875342057886,-0.09664067117852405,-1.2607114166719515,-0.29751345275960694,-0.305757679645062,0.04488032201605161,0.8332018034015025,0.6152385050197087,0.6443141076706141,-0.2564632249944137,-0.338105173422062
25.78,0.1424989744641304,0.15616011059492116,-0.0984630169692525,-1.2392466385488163,-0.29747491911684415,-0.3053317002333444,0.04240715363495584,0.8361979297582712,0.6123264846435181,0.6416520223467237,-0.258533826449542,-0.31694260867796004
25.79,0.14161108758293778,0.1551977003487733,-0.0947220570997443,-1.2548714643772867,-0.29747836889720936,-0.30494708489576433,0.035040866363413394,0.8482625268999533,0.6094130992817215,0.6389657833371679,-0.25971243846106873,-0.32155415828035266
25.8,0.14073965123377485,0.1542426337209107,-0.09183922224676212,-1.2530913798292078,-0.2975236974310541,-0.30460374583744504,0.03128432950366976,0.856506269464431,0.6065004922812902,0.6362578120128161,-0.26221199130965805,-0.3471449528980193
25.810000000000002,0.1398854957395056,0.1532971951816525,-0.09378913430278829,-1.2395190558081697,-0.2976107817990548,-0.3043029203047022,0.025847466239949816,0.8282340483171938,0.6035907926255054,0.6335301472865106,-0.2648680254832631,-0.32850115808323954
25.82,0.13904944584520462,0.15236193788970737,-0.09383760223025459,-1.2378742371832003,-0.29773948087455504,-0.3040415121327938,0.02689290557966923,0.8593679872829487,0.6006861140192143,0.6307858154197435,-0.26356569374760563,-0.33907925008440587
25.830000000000002,0.13823232049915224,0.15143535242087536,-0.09261072983602842,-1.2520947490493592,-0.2979096353717543,-0.30382154842918013,0.021490564871477952,0.8494636802146867,0.5977885539810875,0.6280268513118558,-0.26961102974848494,-0.3236711229655281
25.84,0.13743493263529025,0.15052426529163,-0.08787534446857256,-1.2667448098764909,-0.29812106789971976,-0.30364436715739507,0.018265252228739537,0.8554615907243032,0.5949001929432126,0.6252548033667399,-0.263123818783159,-0.32237456907950035
25.85,0.1366580889571909,0.14962116801686737,-0.08760659731902871,-1.2396208904030428,-0.2983735830222166,-0.30350644568309426,0.012463201461955382,0.864691338687747,0.5920230933584143,0.6224733345197389,-0.2660415170009062,-0.32271388242539417
25.86,0.13590258972361707,0.14872976544636643,-0.08969241272324961,-1.236521874078709,-0.29866696732332687,-0.3034104012155873,0.00677668532731995,0.8432955602933966,0.5891592988156437,0.6196836158545006,-0.26954613825351853,-0.3230968140978787
25.87,0.1351692285356785,0.14785163396960496,-0.08437135943297966,-1.236493521462464,-0.29900098947884024,-0.3033558428076867,0.0018605551039006752,0.8593931711022235,0.5863108331638069,0.6168879938720032,-0.271913183003088,-0.3192357368001428
25.88,0.13445879212568995,0.1469879443115351,-0.08520775600901782,-1.2093433497061092,-0.2993754003334009,-0.3033424924482655,0.001042900081267395,0.8669583078370577,0.5834796996444,0.6140887373576702,-0.2717471459158912,-0.31816184535626507
25.89,0.13377206014775428,0.14610259362312958,-0.09229147554648766,-1.2891475146723803,-0.29978993298337364,-0.303135993382029,0.048071883381860636,0.8227350467694128,0.5806678800332723,0.6112627495417362,-0.2789188246989491,-0.33574686318297997
25.900000000000002,0.13310980497011385,0.1452722678319538,-0.07786841673262189,-1.2428697787854883,-0.3002443028654145,-0.30304374350313507,-0.006082867746183479,0.5088696905180515,0.5778773337919207,0.6084808604765514,-0.26334986307988156,-0.38061831199384233
25.91,0.13247279146935315,0.14444899752377605,-0.07795334094164218,-0.9850088849353643,-0.30073820785071326,-0.302911819980887,0.00014541709737628445,-0.32212267620097906,0.5751099972286007,0.6056782689813957,-0.2597264363894534,-0.24485934590004083
25.92,0.131861776826482,0.14363415577789862,-0.08238542649419194,-1.3026617068491406,-0.30127132834487835,-0.3027236286388923,0.03071201312108993,0.4551932858005014,0.5723677826696358,0.6028710751303266,-0.27939211632883143,-0.3899289029199455
25.93,0.1312775103249474,0.1428697554787425,-0.07230454025443232,-1.0585150356045443,-0.30184332739343456,-0.30267617382164164,-0.011533031017326188,-0.4173659417800516,0.5696525776412552,0.6001036684165134,-0.2603488113412227,-0.2580422262255693
25.94,0.13072073315063712,0.1421098138133685,-0.07480978894287732,-1.3661525521166007,-0.3024538507928997,-0.30261406073323405,0.021079194646181337,0.4515531229732803,0.5669662440622818,0.5973163599857324,-0.275845469883759,-0.4028489729271825
25.95,0.13019217819392426,0.1413904044949004,-0.06978175485125489,-1.0500812002675828,-0.3031025272074068,-0.3026941940702196,-0.022987770116285854,-0.4231422556113219,0.5643106174480084,0.5945699015941412,-0.2592802849736042,-0.2505780275987508
25.96,0.12969256985378655,0.14067222748446528,-0.07820151244260862,-1.3657777215066063,-0.30378896829083235,-0.3027571462066174,0.00817096860821527,0.45371113173436417,0.561687506125591,0.5918065677856563,-0.27490748408285187,-0.3961700891458533
25.97,0.12922262384406205,0.13999435970044824,-0.06429095723623919,-1.080459864979438,-0.3045127688143954,-0.3029585634533552,-0.03701133643624728,-0.4174611559738371,0.5590986904612685,0.58908780887487,-0.25841071970946183,-0.26009493874624995
25.98,0.1287830470018953,0.13929759327916358,-0.07264931447840081,-1.0755766634980848,-0.30527350679968945,-0.30301123850728773,0.005758091768439012,-0.4568421807301043,0.5565459220997218,0.5863463479106221,-0.2675802694424484,-0.2695126759358954
25.990000000000002,0.12837453709839888,0.13865881291727825,-0.06858980905075002,-1.4099482389870814,-0.3060707436570988,-0.30321537261873316,-0.009334303210703224,0.38425269185463007,0.5540309232159023,0.5836553157745598,-0.26868541511810246,-0.42153726963772853
26.0,0.12799778265160558,0.13800390215301658,-0.06257180177479209,-1.0925519826236505,-0.30690402432956376,-0.30322742678834125,-0.0006781087858620579,-0.7778862371197404,0.5515553857796025,0.5809646932309894,-0.2564758795728772,-0.31841275631267313
26.01,0.127653462741735,0.1374021230526359,-0.055319220615135875,-1.1860181970077794,-0.3077728774416484,-0.30329768364796283,-0.006665245660091255,-0.8283554040744883,0.5491209708331031,0.578310490327348,-0.25531815679101844,-0.313216057380759
26.02,0.12734224682882966,0.1368369334574858,-0.054451416928873855,-1.2063359822469863,-0.30867681545385295,-0.30344038766371617,-0.014379721106125377,-0.8212403432726189,0.5467293077821649,0.5756837483288965,-0.25359090605024237,-0.3229838309598905
26.03,0.12706479457280917,0.1363011552315656,-0.05324157987822686,-1.1959642292619435,-0.3096153348221494,-0.3036571716811038,-0.024548874906218397,-0.8215312665739872,0.5443819937006604,0.5730840088141671,-0.24944451989780364,-0.3339592270732385
26.04,0.1268217556559824,0.1357925122846849,-0.05061637898300575,-1.2084846664905329,-0.310587916162655,-0.30394575437427107,-0.026532708525804905,-0.817193628553741,0.5420805926491401,0.5705124515551908,-0.2465893102004817,-0.3309441935693084
26.05,0.12661376960806417,0.1353117880931675,-0.04910656520620006,-1.225541605448299,-0.3115940244214258,-0.3043034660971566,-0.03349475655359357,-0.8158046364145273,0.539826635007593,0.5679705154797959,-0.2506575799188456,-0.33491894506220315
26.060000000000002,0.12644146563373573,0.13485739626914775,-0.04136268800360784,-1.1862380831786974,-0.31263310904929587,-0.3047260804624707,-0.04498482555723486,-0.8049247025686488,0.5376216168226844,0.5654603629822321,-0.24151540595511115,-0.3242760662870758
26.07,0.12630546244279467,0.13443052691080873,-0.0416303350180009,-1.1747099797181604,-0.31370460418171,-0.3052113643821191,-0.04606167013531693,-0.8138555722576697,0.5354669991697418,0.5629834214986466,-0.23995675546707493,-0.3083664556456632
26.080000000000002,0.12620636808294516,0.13403216186797917,-0.043942763014124815,-1.1893534418691243,-0.3148079288235128,-0.3057562932180602,-0.05467428785417226,-0.8123378038775758,0.5333642075297281,0.5605414985667897,-0.23635717913072443,-0.3173582021076074
26.09,0.1261447797752506,0.13366323718869105,-0.04082294249128825,-1.1751552811323136,-0.31594248703860484,-0.3063581133862769,-0.059374201149503834,-0.7976386790820845,0.5313146311814806,0.5581363476826082,-0.23452150860004506,-0.3282919751468853
26.1,0.12612128375230647,0.1333284621738568,-0.030504617217789323,-1.1471228104433264,-0.31710766814443564,-0.30701800685543607,-0.06703044353346295,-0.7852462580882771,0.5293196226094427,0.5557687114660497,-0.22522063326565364,-0.3210956187496305
26.11,0.12613645509917776,0.13302755763256077,-0.03077291450353485,-1.173733692375109,-0.3183028469112566,-0.30772413025935536,-0.06850551147030258,-0.7981467441892391,0.5273804969271453,0.5534424579995024,-0.22509802418515856,-0.33671093016942033
26.12,0.12619085759710733,0.13275382959180324,-0.030611681595358518,-1.1780974538604618,-0.31952738376607803,-0.3084804241950432,-0.07469100342427072,-0.7915156731036423,0.5254985313166587,0.5511584060590811,-0.21919170365095458,-0.32160424928141695
26.13,0.12628504357008127,0.1325111685245432,-0.023023370016154295,-1.1584927281893656,-0.3207806250012639,-0.3092854525729529,-0.07949779142040977,-0.7999921600641989,0.5236749644842632,0.5489173440957344,-0.21945134894164664,-0.3479695097147774
26.14,0.12641955373425712,0.1323013185130943,-0.01966167876996743,-1.1517414224616727,-0.3220619029877012,-0.31013672192259867,-0.08247352479197086,-0.804727498918682,0.5219109961325246,0.5467210604738966,-0.21052286548989724,-0.3148815527948401
26.150000000000002,0.12659491705029574,0.1321258870611596,-0.017907410386356036,-1.1346650913427245,-0.3233705363924789,-0.3110326333052623,-0.09109920082702984,-0.7890573578795563,0.5202077864490398,0.5445710553503881,-0.20671476996620605,-0.3201562213270902
26.16,0.12681165057865088,0.13198563148411996,-0.014076870854047241,-1.1566262993346261,-0.32470583040100165,-0.3119703552763671,-0.08876462343712985,-0.7875328524829814,0.5185664556120066,0.5424690945598218,-0.20303493309784595,-0.31803489801026325
26.17,0.1270702593378321,0.13188051461095204,-0.010644753451456736,-1.123870135719925,-0.3260670769434795,-0.31294891802630437,-0.09461302145588721,-0.7699988123769944,0.5169880833128645,0.5404165432759467,-0.19952480864979907,-0.34134716651631936
26.18,0.1273712361656868,0.131811543826452,-0.008247201314498614,-1.1355674552554802,-0.3274535549257134,-0.31396687968803716,-0.09939629163610407,-0.7966665847538594,0.5154737082961733,0.5384147210226801,-0.19527353648436283,-0.3228447156685693
26.19,0.1277150615837364,0.13177944339054007,-0.003758394826890305,-1.1271759170848483,-0.32886453046411634,-0.3150227076936875,-0.09892291004248228,-0.78987928708812,0.5140243279169245,0.5364650256290039,-0.18631341772756002,-0.3144947961373971
26.2,0.12810220366460137,0.13169452281671282,-0.004965308470644096,-0.8730455163438328,-0.33029925712487274,-0.3160849999292431,-0.10655227283285103,-0.7461696173295315,0.5126408977154706,0.5345810182316443,-0.1859839538446923,-0.3341424683255805
26.21,0.12853311790253438,0.13162939990870814,-0.0003779549103133514,-0.6589684422861928,-0.3317569761672049,-0.3171994426225485,-0.11482461090967089,-0.8010223017714512,0.5113243310102378,0.5327445433925384,-0.17487670086686022,-0.34164008437883014
26.22,0.12900824708711864,0.13158277123267142,0.0016649960640029993,-0.577610016015362,-0.33323691679061196,-0.3183593133548422,-0.12177646485452709,-0.7663069763185131,0.5100754985083917,0.530959923762711,-0.17100640874912496,-0.32809042662252264
26.23,0.12952802118013954,0.1315304638422591,-0.016183018055977504,-0.6557955702795646,-0.33473829638606856,-0.3195280013263648,-0.1040266798181892,-0.6432649001378333,0.5088952279346179,0.5292371899576785,-0.16316470786306705,-0.31378018165013033
26.240000000000002,0.13009285719567043,0.13151969038531397,0.0020513935386436903,-0.3917512548937139,-0.3362603207910501,-0.32077822014621826,-0.12601814872046113,-0.6942535063025073,0.5077843036781609,0.5275626819057595,-0.1657360443242334,-0.3268402305687458
26.25,0.1307031590834063,0.13146461734291284,-0.012522443783780804,-0.2597985997631967,-0.33780218454833116,-0.32199356138856466,-0.10946582271096257,-0.6549297423245043,0.50674346645827,0.5259636204836384,-0.15281798573068947,-0.31754126299239366
26.26,0.1313593176152691,0.1314497854055954,0.002583897436059087,0.24640158291231962,-0.33936307116849174,-0.32329616025062163,-0.13256190307436988,-0.9667544130758552,0.5057734130081886,0.5244110822860782,-0.15431115957523014,-0.3479192146443992
26.27,0.13206171027531116,0.13145614388322027,-0.005974996371343478,-0.0735398441228241,-0.3409421533959993,-0.3246040745250658,-0.12099975554386429,-0.5784997619838843,0.504874795777813,0.522921683552043,-0.14126220593424124,-0.2967590907495735
26.28,0.13281070115294613,0.13149439748273348,-0.004911075480407335,0.34935444677661126,-0.34253859347885107,-0.32593382792114056,-0.11960071347440251,-0.9502782744907694,0.5040482226551455,0.5214992515780174,-0.1349029198784146,-0.34325669778837936
26.29,0.13360664083954277,0.1315618438778472,0.0014035448710886652,0.17340576578057645,-0.34415154344162635,-0.32731499068042624,-0.12539355330260246,-0.530432028267548,0.5032942567066518,0.5201334112895526,-0.13314179864054967,-0.30185011059840383
26.3,0.13444986632838965,0.13161606459226216,0.002479957073669375,0.6466943860980299,-0.3457801453619133,-0.3286956043642847,-0.12971052833734,-0.8412942124782026,0.5026134159366287,0.5188394414523994,-0.12291389130081969,-0.32771796536133174
26.310000000000002,0.13534070091807218,0.13166591831602584,0.01731018152427965,1.1143098691068978,-0.3474235316499992,-0.3301219161519893,-0.153233958904406,-0.8230015160393318,0.5020061730656826,0.5176086240920897,-0.12103666776247356,-0.34752668377004803
26.32,0.13627945411928002,0.13176627012935996,0.008813681341176698,1.102601549733643,-0.34908082533174023,-0.33154730181257097,-0.1374411779816885,-0.8305080072603108,0.5014729553284083,0.5164432422163497,-0.11299439965080764,-0.34199780122288886
26.330000000000002,0.13726642156506588,0.13187895773923544,0.016578826613758757,1.3047395311189445,-0.35075114033453686,-0.33301178669979997,-0.14421429715998726,-0.7819787923322179,0.5010141442903457,0.5153435884320479,-0.104854522688255,-0.3223931214022206
26.34,0.1383018849245767,0.13205115707054513,0.018356045528826376,1.3647039660191487,-0.3524335817762971,-0.3345110217501965,-0.14515366472017935,-0.7554996550184218,0.5006300756842993,0.5143060458071388,-0.10004636262571621,-0.3344143558750566
26.35,0.13938611182029315,0.1322977227064392,0.024337876384926675,1.3890491939921374,-0.3541272462573298,-0.33603398699445486,-0.14618642481445632,-0.7351042532962009,0.5003210392660757,0.5133353987215095,-0.09323256264319808,-0.34006657832308296
26.36,0.14051935574877464,0.13262268117758105,0.03851360302311764,1.3842965353489538,-0.3558312221550559,-0.337575423644071,-0.14654347770141096,-0.7669530057847052,0.5000872786897055,0.5124340602955219,-0.08609520114826782,-0.3205122961066382
26.37,0.14170185600495194,0.13302660097488087,0.04216222408121273,1.3921201190278119,-0.3575445899214533,-0.33913366300602155,-0.14651263867569495,-0.7405138968916006,0.49992899140219815,0.5116029912939299,-0.08227217112549148,-0.3436665621042183
26.38,0.14293383760997652,0.13350802807605744,0.048250683022992936,1.382814796134968,-0.35926642238313977,-0.3407067561610012,-0.15536229365460213,-0.745916992366958,0.49984632855787176,0.5108431284455194,-0.07232656536825667,-0.3344094402286681
26.39,0.1442155112426373,0.13406458735868237,0.05767728263802501,1.3932386987519791,-0.36099578504401053,-0.34229386990839084,-0.15482018490482077,-0.7376279708073987,0.499839394952295,0.5101549771269631,-0.0636429354138409,-0.30594545569794596
26.400000000000002,0.14554707317437818,0.1346939195274847,0.06168313914667532,1.3900345238797212,-0.36273173639030776,-0.34389432401389375,-0.154736086694275,-0.7344595516590923,0.4999082489758652,0.509538919594969,-0.059308870556178284,-0.33787754266204434
26.41,0.1469287052079219,0.1353930404057392,0.07285564026372539,1.3722486408260974,-0.36447332819807676,-0.3455066890361542,-0.1565598531065594,-0.751403565389085,0.5000529025870454,0.5089954912692458,-0.05186919648107867,-0.3465080455538598
26.42,0.14836057461952065,0.1361601759791768,0.07825672180571276,1.3911847810635078,-0.3662196058428555,-0.34713218635886767,-0.155219962010552,-0.7563376947781042,0.5002733213052671,0.5085245184639726,-0.04433614258353647,-0.3507820691820615
26.43,0.1498428341048377,0.13699499013834435,0.08484174940092075,1.4057781100721736,-0.3679696086115443,-0.34876889132272526,-0.15845623509487974,-0.7565077938955681,0.500569424223505,0.5081264306008649,-0.035108004851305726,-0.3486076356606041
26.44,0.1513756217284968,0.13789358386920209,0.08921947942547259,1.4120513598636892,-0.3697223700163451,-0.35041484796820077,-0.15872836586847933,-0.7717893917410377,0.5009410840405182,0.5078020019304065,-0.028649249177280855,-0.32350444195714706
26.45,0.15295906087727745,0.13885621196646447,0.09466728177468943,1.3832258101527717,-0.37147691811065,-0.3520723379694423,-0.1585707275814631,-0.7587806608285763,0.5013881271127416,0.5075503370463326,-0.02578299235507658,-0.330338127760209
26.46,0.15459326021700606,0.13988217184353408,0.10717222285220927,1.3942225472482832,-0.37323227580683455,-0.3537384392461333,-0.15535541208294315,-0.747876531343278,0.501910333525813,0.5073722829164825,-0.017438398529489533,-0.3356342668656973
26.47,0.15627831365312356,0.1409696725005533,0.10922304228841488,1.3931316036812844,-0.37498746119579035,-0.3554124714443745,-0.16066429135339796,-0.7499800043073688,0.5025074371856986,0.5072679539338042,-0.010791442331860858,-0.3336297571859895
26.48,0.15801430029495683,0.14211747039473055,0.11436451044694197,1.3863435386586411,-0.3767414878681509,-0.3570937854949648,-0.16138635779874816,-0.7732081905611135,0.503179125929389,0.5072373490841038,-0.006009688820761798,-0.3304529731044328
26.490000000000002,0.15980128442369693,0.1433332221604049,0.12250493536357783,1.3972952903278453,-0.3784933652370834,-0.35877205563146375,-0.15870477717868933,-0.7457127593917781,0.5039250416551119,0.5070052348838411,-0.05952397144306511,-0.31028827820585214
26.5,0.16163931546408866,0.14460220107204272,0.12481749772975304,1.3271029411323536,-0.38024209886254934,-0.36046685323551536,-0.16518275669777194,-0.800303775105874,0.5047447804720155,0.5068355534828589,0.008862791391936398,0.2777637038204721
26.51,0.16352842795985248,0.145926411995091,0.13332883919950234,1.4278763394317022,-0.38198669077694825,-0.3621601573644943,-0.15782187739983042,-0.7180324098388656,0.5056378928692589,0.5066547434485668,-0.03979020097933067,-0.26731805012300464
26.52,0.16546864155282404,0.14730201664168155,0.13537175461236617,1.3621273907774298,-0.38372613981201226,-0.36386836753459567,-0.16419442085423386,-0.8075315101683721,0.5066038839044393,0.5066926754685691,0.023301204180571654,0.2840602458399432
26.53,0.1674599609658409,0.14873806994138328,0.1476405271136292,1.4268764489757713,-0.3854594419268844,-0.3655705365029464,-0.16059549128309145,-0.734135356094292,0.5076422134112842,0.5067148428601822,-0.01676572041913662,-0.2671594285330454
26.54,0.16950237598935583,0.15022592993097483,0.14514906092973964,1.38767269536337,-0.3871855905372546,-0.367283448347572,-0.16795154491044323,-0.8237920027399713,0.5087522962265172,0.5069509851026802,0.04713486480371509,0.28965260438956747
26.55,0.1715958614718088,0.15177355670727463,0.15520624873730776,1.4223638719276668,-0.3889035768454601,-0.36898822105744333,-0.1605646680078089,-0.7162502497607964,0.509933502435816,0.5071661920882846,-0.002125275762980359,-0.24741914143617574
26.560000000000002,0.17374037731372588,0.15337689108000885,0.15627270572797072,1.3528123304032618,-0.3906123901714447,-0.3706988144445228,-0.16947786849257704,-0.7707723924355415,0.5111851576387464,0.5074438513822221,0.0650278829612474,0.35793944387294524
26.57,0.1759358684655809,0.15504023175490608,0.16236428489093985,1.3810137022275089,-0.3923110182844803,-0.3723981720531586,-0.16567602837461004,-0.7806400771227185,0.5125065432325813,0.5075642396403793,0.009002482208877411,0.36591392306671977
26.580000000000002,0.17818226492940142,0.15675255715834902,0.17062881462766924,1.4115960074948004,-0.3939984477355259,-0.3741034846971298,-0.15898361207145506,-0.7715296185063398,0.5138968967148819,0.5077836274303639,0.023441485140617845,0.37730548651353024
26.59,0.1804794817641154,0.15851571260715216,0.17778323114896982,1.3988484836369874,-0.39567366419016275,-0.3758075655637649,-0.16139789689603162,-0.760583916647433,0.515355412004713,0.5081200261848324,0.033527968983608505,0.36428478653931723
26.6,0.18282741909466027,0.16033149217858927,0.1851845205187709,1.3986175430316659,-0.397335652761943,-0.3775082460272516,-0.1649148901082389,-0.7660012051411333,0.5168812397823759,0.508569134486541,0.042853605292487454,0.35856358943494676
26.61,0.18522596212481754,0.16220040379536607,0.18478656942726832,1.4034581988378307,-0.3989833983461113,-0.37920406759826714,-0.15992546629125512,-0.7654462963595439,0.5184734878474999,0.5091267295075707,0.052195584767644986,0.3589375402546902
26.62,0.18767498115380937,0.16412256225169305,0.19227008692661177,1.4127886107065921,-0.4006158859535455,-0.3808939217419222,-0.15989084464172695,-0.7707479250723768,0.5201312214953717,0.5097887730762286,0.06586371813937356,0.35556325665217353
26.63,0.1901743315966178,0.16609780530166768,0.19760237885349755,1.4112147472749035,-0.4022321010448254,-0.3825767375421522,-0.15721726913191314,-0.7699548258434669,0.5218534639113275,0.5105515058122557,0.07385866887285517,0.3490068161078399
26.64,0.19272385400805075,0.1681259026749647,0.2023094272521104,1.4426616490881787,-0.4038310298643606,-0.3842515182923036,-0.1609062921271592,-0.786801376687354,0.5236391965830614,0.5114113982918536,0.08141097109646366,0.348605221403238
26.650000000000002,0.19532337411052725,0.1702065934249515,0.20999793673603276,1.4122835807945935,-0.40541165977440247,-0.385917308526254,-0.16011247676864218,-0.7536668746144085,0.5254873597306795,0.5123651461948108,0.09368680136902992,0.34028498333279533
26.66,0.19797270282558432,0.17233964516265574,0.21272235439553772,1.4227242838584782,-0.40697297958891804,-0.3875731324750826,-0.15509355212895132,-0.7729721787238176,0.5273968527543149,0.5134096531499703,0.09785583629979332,0.3558845311641537
26.67,0.20067163630910884,0.17452472964081678,0.21859977270448228,1.4321895145882697,-0.4085139799071497,-0.38921797721481355,-0.1564180764488788,-0.7647056363025888,0.5293665346991405,0.514542025881995,0.10846201073793793,0.3471154060728075
26.68,0.20341995599025856,0.17675867122447148,0.21996925549217738,1.4230664821639103,-0.4100336534468022,-0.3908480433846394,-0.151555407959098,-0.7969946084722292,0.5313952247375717,0.5157602913354756,0.11974594960705098,0.351719522479275
26.69,0.20621742861409598,0.17904205111738375,0.22654109032992453,1.4273704740138096,-0.41153099537673965,-0.39246961269270336,-0.15623061142776154,-0.7767953051384677,0.5334817026684766,0.5170600611599946,0.12364104959399626,0.3337602881419644
26.7,0.20906380628789314,0.18138054115019578,0.2336161293975255,1.4330768844277644,-0.41300500364907833,-0.39407702722242116,-0.15496283082856085,-0.7959195138587906,0.535624709433178,0.5184395646989749,0.13332806610513845,0.35086011539830547
26.71,0.21195882653113027,0.18372188487660593,0.2376212167259418,1.6437792690142348,-0.4144546793305959,-0.395645751925286,-0.1515681366641017,-0.8188410097026978,0.537822947648058,0.51990626395554,0.1423873823793556,0.3459742177997266
26.72,0.21490221232913162,0.18613944554534445,0.23882118732735272,1.5090460202446114,-0.4158790269333199,-0.39723836032584964,-0.15287749750257698,-0.741907767732214,0.5400750821535139,0.5214327765073411,0.14948922711543047,0.36808411211601494
26.73,0.21789367219038036,0.18862708948233525,0.24669765659675374,1.4520390260324711,-0.4172770547442271,-0.39880417219040515,-0.14560234659096508,-0.7576442241289997,0.5423797405790846,0.5230361392837438,0.15558138869169078,0.3340934028360504
26.740000000000002,0.22093290020744585,0.19117277092273163,0.2598817372436104,1.4492746833374581,-0.4186477751539276,-0.4003474139300985,-0.14676848265508227,-0.7869040983704819,0.544735513924481,0.524712587712049,0.1630894142438051,0.33735011318783414
26.75,0.22401957612154283,0.1937678231405262,0.25455110722813856,1.440868027596953,-0.4199902049842398,-0.4018664219246197,-0.1398125545299281,-0.777432066159445,0.5471409571563055,0.526459898520097,0.17060834149282073,0.35447481907632067
26.76,0.2271533653907052,0.19640056321541927,0.2601405463028669,1.4798100990481344,-0.4213033658145515,-0.40336665283462625,-0.14280516860049902,-0.7771313673005817,0.5495945898202179,0.5282748570718659,0.1782886407193467,0.35067049849513066
26.77,0.23033391926152502,0.19909037801841817,0.2683617348741559,1.4534559136632104,-0.42258628430687367,-0.4048479616706157,-0.14075934945407587,-0.779497822308285,0.552094896668272,0.5301532598965074,0.1815343720118722,0.3467362486442527
26.78,0.23356087484448854,0.20183083293002474,0.2761413176376889,1.464894505661485,-0.4238379925294585,-0.4063103449880458,-0.1379369509654971,-0.8011516819202661,0.5546403283012128,0.5320947143907331,0.18843733800938056,0.3428648357909599
26.79,0.23683385519284778,0.20462613984636557,0.2797485431676135,1.4299095830041215,-0.42505752827893056,-0.4077485120751174,-0.13776648233255734,-0.7889446780594964,0.5572293018254275,0.5340976522956077,0.19222630586202527,0.3590834023426887
26.8,0.2401524693850419,0.20747184315898806,0.28196865324440645,1.4341261761404596,-0.42624393540077066,-0.40916153893225393,-0.13021842724794755,-0.7944951445665718,0.5598602015243197,0.5361607042543385,0.20195404309430626,0.3491364611021797
26.810000000000002,0.24351631261061282,0.21036611975278893,0.28884803941224707,1.4168766516908038,-0.42739626410810017,-0.41054926816027204,-0.13040209580012488,-0.803673740358616,0.5625313795438033,0.5382817090609723,0.20778069232515914,0.3443662428014738
26.82,0.24692496625963595,0.2133080892856129,0.2918260913994161,1.4087253092514347,-0.4285135712986412,-0.41191109545069476,-0.12639403032545354,-0.8103676795193824,0.565241156591662,0.540458698033231,0.21276830005375472,0.3509849864424424
26.830000000000002,0.25037799801561084,0.2162971850035575,0.3002034554334242,1.4484488339084303,-0.42959492086976214,-0.4132461938796214,-0.12500595484205165,-0.798717481375328,0.5679878226504779,0.5426898071624504,0.21546333071202123,0.34812304952041023
26.84,0.2538749619517925,0.21933305357297828,0.3040428030719507,1.4415944983133835,-0.4306393840315071,-0.4145536523138931,-0.11940129473089453,-0.7988427177964346,0.5707696377038254,0.5449732135241782,0.22017284499546663,0.3354787919018867
26.85,0.2574153986309729,0.222415347648661,0.30385618612949883,1.4415454638309446,-0.43164603961751247,-0.41583252757258055,-0.11686876161040768,-0.812444515188279,0.5735848324754803,0.5473071144444253,0.22287262574404168,0.35064283637309823
26.86,0.260998835208634,0.22554373067179953,0.3072636631661211,1.4567694490068388,-0.43261397439371985,-0.4170818516987072,-0.11691617669461841,-0.7942427786402624,0.5764316091812722,0.5496897174063379,0.2308844226397096,0.3332974474118341
26.87,0.2646247855395021,0.22871353848888787,0.3106720920725257,1.4327259036627595,-0.43354228336476974,-0.4182964314735606,-0.11097740323032158,-0.7970633729179691,0.5793081422933611,0.5521203982196661,0.23635708242733225,0.34221937295373467
26.88,0.2682927502874303,0.23192568980412698,0.31814736237528707,1.465608241821892,-0.4344300700780049,-0.41948606598380195,-0.10667491576775606,-0.8110353110806962,0.5822125793165337,0.5545946697509724,0.24034688732512016,0.3415446086244637
26.89,0.2720022170386259,0.23518856046212364,0.3261709177691516,1.4411767307153862,-0.4352764469249761,-0.42064285807180307,-0.11025984431480991,-0.8042402770524699,0.5851430415762874,0.5571118127396838,0.24083488515618304,0.3499149166898722
26.900000000000002,0.27575266041814817,0.2384981276100161,0.32941561520538876,1.4644631773799515,-0.4360805354403475,-0.42176514780046237,-0.10026384035433472,-0.8073619619720809,0.5880976250183224,0.5596709046999431,0.24580540572008944,0.321416632815782
26.91,0.27954354220969463,0.24185281573164122,0.3332358634410337,1.4487630964610483,-0.436841466598121,-0.4228526425653008,-0.10301786960525025,-0.7958024690867639,0.5910744010191482,0.5622698526633643,0.2502558898843328,0.32585654925279256
26.92,0.2833743114786188,0.24523154699659197,0.336773896240483,1.4878850257877259,-0.43755838110509804,-0.4239000337192119,-0.09868228767938053,-0.7918565698382904,0.5940714172074611,0.5649086703827767,0.25251752210590755,0.34192221402885603
26.93,0.2872444046981403,0.24866456637196585,0.33634044280167763,1.4886691495972724,-0.43823042969144,-0.4249152139193779,-0.0951821548463959,-0.8222754812592192,0.5970866982959652,0.5675811732445547,0.2603695590468672,0.32463092133293847
26.94,0.29115324587875857,0.2521414464385771,0.34673416010649866,1.487607038486737,-0.4388567733983052,-0.42589801476036915,-0.08907761537927779,-0.8252794624451206,0.6001182469232861,0.570287109424326,0.2601994372838189,0.33257021677008614
26.95,0.2951002467007835,0.25565014575427386,0.34882703688229644,1.4979270078844038,-0.439436583862411,-0.4268320474564396,-0.08291098721210466,-0.8037363721632222,0.6031640445056505,0.5730284126980726,0.2657859516658579,0.3394898874680837
26.96,0.29908480664999987,0.2592092280202361,0.3535777352250353,1.4943272263770377,-0.43996904359745564,-0.42774092584409273,-0.08419394222354237,-0.8164689190867386,0.6062220520979795,0.5757957461281067,0.268410545745307,0.34655047597792943
26.97,0.30310631315639497,0.2628072544731605,0.3610283826888955,1.5461602010606106,-0.44045334627233945,-0.4286022155613725,-0.0768176582219848,-0.8093976308948491,0.609290211264032,0.5785940041699973,0.27027477225667995,0.33370820485798963
26.98,0.3071641417359513,0.2664457452632618,0.3629697646164619,1.4985414353133406,-0.44088869698603217,-0.429423957764943,-0.07738212211889268,-0.8228561513957268,0.6123664449552743,0.5814183328020783,0.2747983865455488,0.3304439983117381
26.990000000000002,0.31125765613541734,0.2701394841396755,0.36528758236376857,1.468108302318388,-0.4412743125390806,-0.43020916455429903,-0.06922627192185558,-0.8257376524235057,0.6154486583980703,0.5842651496441732,0.2818354577417164,0.3497757564852614
27.0,0.3153862084800871,0.27387906834640513,0.3701577505486988,1.4714854447344552,-0.44160942170159667,-0.4309484667509565,-0.060348912838499705,-0.8355543356297513,0.6185347399888839,0.5871359619000415,0.2791890075979796,0.31845826122568693
27.01,0.3195491394245038,0.2776601931928283,0.373843432469532,1.466294184268248,-0.4418932654776968,-0.4316431034217873,-0.06344452959805756,-0.83930804836206,0.6216225621970963,0.5900279802047556,0.2849955381602328,0.3124242813762322
27.02,0.32374577830605494,0.2814751954600969,0.37744086574735997,1.4574484322377117,-0.44212509736628125,-0.4322877977052321,-0.05595987158951886,-0.831825057216298,0.6247099824750711,0.5929403315456756,0.2824416006958738,0.3048570810820987
27.03,0.32797544330145056,0.28532459344321953,0.38336875155483263,1.4649162694418925,-0.4423041836180795,-0.43289564174985157,-0.053481873391662244,-0.8370295826384093,0.6277948441751139,0.5958674444828674,0.28428082331145815,0.3373855498233779
27.04,0.33223744158601387,0.28921852076879917,0.39018435430232024,1.453829149916427,-0.44242980348888783,-0.4334571895010743,-0.05101100133690712,-0.8518846895935352,0.6308749774729397,0.5988086517741771,0.28640573238743644,0.3361575627818092
27.05,0.33653106949576406,0.29315174098216723,0.3903179280403963,1.4482893124838199,-0.4425012494888973,-0.433970820840927,-0.04510081662697966,-0.8428920142962292,0.6339482002972683,0.601762982776469,0.2885399068319588,0.31700345268711405
27.060000000000002,0.3408556126922423,0.29711640659774247,0.3883168355900195,1.4369574536257723,-0.44251782762806857,-0.4344310359177859,-0.04138691013367327,-0.84432580567627,0.6370123192651821,0.6047295853184049,0.2886761119572717,0.3301092044768735
27.07,0.34521034633004766,0.3011130501005949,0.3968915406106285,1.483301115722372,-0.44247885765744327,-0.4348515290539772,-0.037818367915982795,-0.8506473441298618,0.640065130622858,0.6077026924737311,0.2847204684825123,0.3206884445296508
27.080000000000002,0.349594535227037,0.3051522310252343,0.4049458654059148,1.4726479322753194,-0.4423836733063373,-0.4352225017405572,-0.029158519464750142,-0.8684900733660269,0.6431044211912883,0.610681648753647,0.28891943605899645,0.3400353921459042
27.09,0.35400743403714463,0.3092284420434689,0.40907833289441303,1.465870179719293,-0.44223162251533155,-0.4355423601874235,-0.023088420990395462,-0.8496709180191601,0.6461279693166125,0.6136654658559528,0.29289912497446907,0.3199203426687685
27.1,0.3584482874257936,0.3133395183223693,0.40575954878266973,1.4415809760765665,-0.4420220676649961,-0.4358112410340256,-0.022599861867227664,-0.863973968466887,0.6491335458246559,0.6166516747053411,0.29084847681098625,0.3133806719727128
27.11,0.3629163302478262,0.31748418654343274,0.4122704750033927,1.4386430115522038,-0.4417543858002548,-0.4360287791442234,-0.012648763205784879,-0.858433803188537,0.6521189149793075,0.6196380039992707,0.2863929410499329,0.3324773407325427
27.12,0.36741078772794933,0.3216615219138166,0.4160944654083014,1.4368798677401948,-0.4414279688503593,-0.4361944098089415,-0.008100561543470336,-0.8607545035553076,0.6550818354443378,0.6226222597518982,0.291354815908516,0.33025348829014994
27.13,0.37193087564361427,0.3258707760878877,0.41704922112690984,1.462096841082926,-0.4410422238443501,-0.4363074709733252,-0.003912171546007966,-0.8645923452995473,0.6580200612482523,0.6256022775412233,0.2875508929358129,0.336029867207551
27.14,0.3764758005103138,0.3301113259652624,0.4203876963789601,1.4511413656934826,-0.4405965731219932,-0.4363673119671335,-0.0018344305909636987,-0.8631355038375507,0.6609313427518179,0.6285758839786897,0.286997616740535,0.31234626508452834
27.150000000000002,0.3810447597692257,0.33441946321724675,0.43303218103973257,1.499861334289408,-0.44009045454008194,-0.4366071232316902,-0.045000808904413374,-0.8260549502116618,0.6638134276178203,0.6315658342449922,0.2967688371709971,0.33418390664856784
27.16,0.38563694197717835,0.33872161246896326,0.42306987339847313,1.181835646934366,-0.43952332167405195,-0.43671227410177654,0.0027871880695076075,0.2805179737211356,0.6666640617827024,0.634508563518013,0.27997092158720405,0.2333411869435477
27.17,0.3902515269988902,0.3430609341255065,0.43757872657056285,1.5638158287152113,-0.43889464401486966,-0.43683205153337135,-0.035226301710677435,-0.7427417737696279,0.6694809904296833,0.6374617179744396,0.2976133140953987,0.3673598482615142
27.18,0.3948876862013989,0.3474247471658223,0.4394526990196558,1.5259102166541443,-0.43820390716109003,-0.436905383902977,-0.02826462498383637,-0.5197737666715669,0.6722619589629041,0.6403893818135384,0.29071767680022464,0.3779575031085197
27.19,0.39954458265070814,0.35180612311972914,0.4322820176800422,1.2587972012494513,-0.4374506130060588,-0.43693503986442245,0.013214600663636816,0.40159921372186913,0.6750047139822996,0.6432833698995392,0.2734286063138316,0.2569764068570208
27.2,0.4042213713105136,0.3562244305255215,0.4421315945455723,1.588872158212698,-0.43663427992018117,-0.4369640671789898,-0.012513933819963366,-0.4488813850030109,0.677707004258699,0.6461844447406284,0.2924375862422269,0.37890932953445694
27.21,0.40891719924303155,0.3606465740220054,0.4344199714884147,1.314752490151838,-0.4357544429282055,-0.4368335977949345,0.0369199675937659,0.4293801378003401,0.6803665817088397,0.649034790248575,0.2746810573074005,0.27166829195385106
27.22,0.4136312058118398,0.3651135031054802,0.44875428847117926,1.6041964813366985,-0.4348106538814658,-0.4367009541269198,0.002195051798226802,-0.47858831476464897,0.682981202369823,0.6518899506448037,0.2805212838790962,0.3771368028721662
27.23,0.4183625228867015,0.36960306402405807,0.4401922650607955,1.2831146291286544,-0.4338024816250256,-0.4365425490755871,0.051006312911825294,0.653498258954449,0.6855486273727005,0.6546960262443373,0.26517942469324923,0.2845471305041651
27.240000000000002,0.423110275050306,0.3741490743379914,0.45303550955171457,1.324794699726157,-0.4327295121596812,-0.4365093943853533,0.010692431793451137,0.7629677027861586,0.6880666239146876,0.6575081954444258,0.27300330366057385,0.3206910387226782
27.25,0.4278735798068904,0.3786933417599017,0.4481714511062363,1.4002830529341237,-0.4315913487987484,-0.436422834465461,0.014882543375020199,0.7957319232141223,0.6905329662297217,0.6602656761893719,0.2705599833420568,0.32227034725040227
27.26,0.43265154779268794,0.3832457162641999,0.4512196447439837,1.4452818297231256,-0.4303876123196153,-0.436237422122068,0.027641247943970142,0.8312901022257894,0.6929454365568638,0.6629875786155989,0.26439840115955787,0.32842713062457835
27.27,0.43744328298812263,0.3878154110693329,0.4543360814438603,1.443017054047991,-0.42911794110998885,-0.435951429409775,0.0337744080585163,0.8182569933061595,0.6953018261062247,0.6656739349501513,0.2614962072308385,0.3322965277406173
27.28,0.4422478829317672,0.39240569262558544,0.45622878866190236,1.4601958536154585,-0.42778199130880085,-0.4355661078635795,0.04092061293798868,0.7993353266226777,0.6975999360219843,0.668323388530813,0.2567816819786389,0.3445524401765928
27.29,0.4470644389359202,0.3970172268366139,0.455479833284917,1.4493216884893063,-0.426379436941717,-0.43508373254467714,0.0527386058379361,0.8139295828673445,0.6998375783421169,0.6709340337794397,0.25236714301209223,0.3288689573511556
27.3,0.4518920363038295,0.401649676360303,0.4620659508137646,1.4629129510581034,-0.42490997005122716,-0.43450691331045227,0.06474517874047875,0.8199615993007753,0.7020125769544352,0.6735037117827605,0.2511551272733577,0.33233789486623866
27.310000000000002,0.4567297545484615,0.40630229649930377,0.459509630378327,1.447556796249495,-0.42337330082124486,-0.43383812591578613,0.07141363304285532,0.8093142496076883,0.7041227685485663,0.676030196908925,0.24320374297162287,0.3202559102589974
27.32,0.4615766676127775,0.41097407896346316,0.46365613501908914,1.4512381881765295,-0.42176915769621365,-0.43307967787231566,0.08158030385232484,0.7806363515057351,0.7061660035634459,0.6785112433284269,0.24352521905094646,0.31608546326432324
27.330000000000002,0.4664318440914671,0.41566403365003546,0.4667018354147598,1.4462910678200935,-0.42009728749464137,-0.43223370996186855,0.09127738682166471,0.7929004733259469,0.708140147129984,0.6809445798427378,0.23748537179065388,0.3093101531545416
27.34,0.4712943474540703,0.4203710981565049,0.46698248011068755,1.4472763049730903,-0.41835745551705794,-0.4313020809677727,0.09880490093147393,0.7766017652489536,0.7100430800084807,0.6833279722196519,0.233989026218893,0.33906029387018133
27.35,0.47616323626945933,0.42509421097265315,0.4680010086679967,1.4354347332583772,-0.41654944564835406,-0.43028652624806174,0.10593702841319162,0.7694215325145011,0.7118726995204276,0.6856591761311422,0.2265781931913897,0.3270076414892153
27.36,0.4810375644315755,0.42983244466098547,0.46653379978154863,1.4262158943667016,-0.41467306045445296,-0.4291885788480541,0.11404108272460083,0.7893745686369439,0.7136269204743155,0.6879359618893808,0.21935611318854406,0.32628213538551276
27.37,0.48591638138644255,0.4345630444992537,0.47157958072979017,1.4756368408869516,-0.4127281212733086,-0.4280045661816361,0.11726314034030882,0.7933284161070356,0.7153036760850477,0.6901581994134515,0.21481725634085733,0.3181856724574908
27.38,0.4907987323603118,0.4393233612735478,0.4721238223170772,1.4345544655766798,-0.41071446830017777,-0.4267499344864862,0.1308660289497012,0.780254665456052,0.7169009188866149,0.692317891012689,0.20968512001798634,0.31660802492505374
27.39,0.4956836585889583,0.4441003249711292,0.4723521002389398,1.4225733619182068,-0.40863196066715574,-0.42541389881819985,0.1369992826821156,0.7764595354918669,0.7184166216376358,0.6944176441988019,0.20453518883533275,0.33226906756835217
27.400000000000002,0.5005701975480241,0.4488827132228231,0.4735862620928996,1.4133254377665214,-0.4064804765169385,-0.4239917584740794,0.14543451687191045,0.7565046320152632,0.719848778219399,0.696456660433199,0.20032670565182104,0.31783885013996827
27.41,0.5054573831843745,0.45367053397723467,0.48100508326359426,1.470822616821588,-0.4042599130707994,-0.42250321250775136,0.1503759453786706,0.779435263714463,0.7211954045260393,0.6984280992473186,0.19285393706816162,0.3245413928999691
27.42,0.5103442461484053,0.4584769975707015,0.47419628712882267,1.436549614392979,-0.40197018669073803,-0.4209374617308126,0.156847832454728,0.7462248462677865,0.722454539346492,0.7003315774753858,0.18704940676870332,0.321214532257053
27.43,0.5152298140272333,0.4632830487092264,0.47201012719223284,1.42077883121469,-0.3996112329358045,-0.41928290858116196,0.17288151731719034,0.7577125463933245,0.7236242452378379,0.7021694066707082,0.18188062750090006,0.32667901129007726
27.44,0.5201131115787418,0.46806615455769646,0.47451106097712825,1.5142622978943128,-0.3971830066125651,-0.41756481240994076,0.17380414256662882,0.7837601151060802,0.724702609389718,0.7039342261818405,0.169582647107519,0.33092691888992143
27.45,0.5249931609663693,0.4728883224614364,0.4779283442020123,1.4467100035610054,-0.394685481819697,-0.4157805339097952,0.18035912635985096,0.7563638478981449,0.7256877444794367,0.7056205568669018,0.16846831700429493,0.3328155905657283
27.46,0.5298689819946649,0.477725605886438,0.47862490444277844,1.4266871043308489,-0.39211865198669676,-0.41391641287286307,0.18775289801818895,0.7495567155508884,0.7265777895174114,0.7072335684864578,0.1585347944899617,0.3174340067447937
27.47,0.5347395923454611,0.4825524162720912,0.4813769647400384,1.452687827609873,-0.38948252990668975,-0.4119704614611043,0.19640860067199892,0.7545362617384064,0.7273709106826316,0.7087722584114661,0.1497915623436725,0.34392942247144836
27.48,0.5396040078146777,0.4873958089457593,0.483353669373071,1.4241787926267973,-0.386777147763329,-0.4099611888586733,0.20419409552021164,0.7394780843386259,0.7280653021477577,0.7102274296046728,0.14662303149303382,0.3325283904514795
27.490000000000002,0.5444612425496608,0.49215936502966917,0.46689203114865885,2.24044644088472,-0.38400255715177145,-0.40781836695906604,0.21125497221259043,0.14935302395999178,0.7286591868935587,0.7116224141117999,0.13734814611686444,0.2663115485195015
27.5,0.5493103092870115,0.4969425876573454,0.4751724341742095,1.590713379958131,-0.3811588290937367,-0.4056992265288123,0.21209753892704683,0.8061249589583804,0.7291508175123256,0.7129014606528543,0.12624679158642255,0.3368574915890087
27.51,0.554150219590843,0.5017797149760489,0.48132061599946235,1.4889805571990489,-0.37824605404660583,-0.40348696000383133,0.22280662470370777,0.7566539049436375,0.729538476999941,0.7141001942011147,0.11566161361288499,0.3369792233793703
27.52,0.5589799840914035,0.5066176596811521,0.48118622170310266,1.4821905047317974,-0.3752643419066224,-0.40118469383104544,0.23268035044774155,0.7384331599317073,0.7298204795362827,0.7152187076036532,0.11225920110374503,0.33485725441723796
27.53,0.5637986127240254,0.5114734833235319,0.4839547886093009,1.4219745631401612,-0.3722138220061129,-0.3988167608079081,0.23707339903714778,0.7166025881262036,0.7299951712536422,0.7162456175254954,0.10116576639471588,0.33554166624423737
27.54,0.5686051149682922,0.5163337013383523,0.4793630187057872,1.3947841947925745,-0.36909464310479356,-0.3963727972046262,0.24442082188829478,0.7220803472426568,0.7300609309928151,0.7171831965469949,0.08835846929659406,0.3325002586758417
27.55,0.5733985000874497,0.5211919941019639,0.48191694734572893,1.3860411888975621,-0.3659069733751265,-0.39385601644755386,0.25047405446016346,0.7277869762740234,0.7300161710466196,0.7180284986080305,0.08345905904719982,0.32029469087349927
27.560000000000002,0.5781777773679017,0.5260373966044986,0.48246742616720484,1.373545782643558,-0.3626510003817419,-0.391260373279009,0.2647646785118395,0.716947552113247,0.7298593378904404,0.7187812067284158,0.07829978849847438,0.33720381405296485
27.57,0.5829419563588124,0.5308704359258939,0.478759255369804,1.411053038492572,-0.3593269310549393,-0.3886058661242229,0.2674423457975589,0.7471849270428182,0.7295889128995979,0.7194347991333268,0.06697493441487187,0.3408876709574264
27.580000000000002,0.5876900471117169,0.5357053971193023,0.4785103983556769,1.3947535598035359,-0.35593499165823617,-0.38588042689333724,0.2707508589967103,0.7064999485052396,0.7292034130531747,0.7199892633654728,0.058305156922490005,0.3243548079157371
27.59,0.5924210604200839,0.5405347938138502,0.478536345764304,1.3689829363454291,-0.3524754277500497,-0.38308317991442264,0.27784332762129127,0.7107157648721554,0.7287013916240401,0.7204443684487668,0.04743721697525317,0.3384027904568714
27.6,0.5971340080587849,0.5453270716158818,0.4747434193918867,1.452483196858362,-0.34894850413941664,-0.3802063308576494,0.282717712842958,0.713515285117915,0.7280814388547869,0.7208016328982076,0.03463636648558533,0.3314162951522674
27.61,0.6018279030233948,0.550127958219398,0.47903122587163466,1.3918179780190807,-0.3453545048358786,-0.37727650245652494,0.28870700311642417,0.7162655905073583,0.7273421826193036,0.7210490132283885,0.02745360532653879,0.34567362020200243
27.62,0.6065017597692868,0.5549253811671676,0.4739092965807718,1.3611530355338708,-0.3416937329934427,-0.3742730951632039,0.2952464099153463,0.7064408639009482,0.7264822890696923,0.7211929602296152,0.014514300882822625,0.3301862395011654
27.63,0.6111545944504281,0.5597134178864707,0.47507762821659155,1.3647839236791655,-0.3379665108487091,-0.3711989025073664,0.30464336090195904,0.6910371527085292,0.725500463268299,0.7212309593493099,0.007386773848954212,0.3524760245754825
27.64,0.6157854251578572,0.5644809777110498,0.46897959941090933,1.3416819844455936,-0.3341731796531443,-0.3680642687909745,0.3075533013664124,0.6728435623750111,0.7243954498045482,0.7214356538712751,0.05869953836061349,0.32841382141494374
27.650000000000002,0.6203932721577565,0.5692392059348835,0.47475398079456743,1.3849785825150458,-0.33031409959953095,-0.36485066683769996,0.31903915362825497,0.7373201555860083,0.7231660333963794,0.7215434090299901,-0.009955179804347219,-0.27805159511931915
27.66,0.6249771581290724,0.5739831665176885,0.469075163037823,1.3143142611025909,-0.3263896497426251,-0.361574306146819,0.3255389302375396,0.6323183138875793,0.7218110394759966,0.7216235134373292,0.03127081281814898,0.2580511518154674
27.67,0.6295361084006231,0.5787165841783911,0.47021378683144965,1.364060519395124,-0.32240022791400696,-0.35822084527229126,0.33309560976656744,0.7317913209216201,0.7203293347597044,0.7214465072342101,-0.03780863591113727,-0.27139502968405776
27.68,0.6340691511876321,0.58342979253026,0.46800634746959197,1.3456874421774974,-0.31834625063122296,-0.3548047437091222,0.335925474223128,0.7220209708497537,0.7187198278016038,0.7212575393939556,-0.05289745692275979,-0.2904527021978947
27.69,0.6385753178276373,0.5881171873307721,0.4639315943321718,1.3676655134270896,-0.31422815300114615,-0.3513306688440908,0.34673603548562454,0.6812038377824161,0.716981469530897,0.7211987813133179,0.004087905942313359,-0.3623593566895134
27.7,0.6430536430157036,0.5927916017549896,0.4644475240950727,1.325333209454792,-0.31004638861769296,-0.3477812354594423,0.34732510209798984,0.6753291307362468,0.7151132537725988,0.7209916379173741,-0.015573252653999727,-0.35391520146209343
27.71,0.6475031650389055,0.5974494027818267,0.4608204051489402,1.3185105637008203,-0.3058014294538235,-0.3441636757748129,0.3555332543769824,0.6625332410449309,0.713114217751421,0.7206152091990053,-0.034620716207153394,-0.357930159176148
27.72,0.6519229260099836,0.6020873536621474,0.45977018986005597,1.3252410914291533,-0.3014937657479413,-0.3404796211477386,0.36228978334372175,0.6407184938041476,0.7109834425786448,0.7200726324493724,-0.05198914162309552,-0.34132909679612794
27.73,0.6563119721001608,0.6067036507428324,0.4572054659056689,1.3214434396389017,-0.2971239058846682,-0.33672996383022885,0.3713415938261668,0.669581830838452,0.7087200537217424,0.7193669128809562,-0.0651329957053294,-0.36179253053052307
27.740000000000002,0.6606693537710298,0.611281447587613,0.4550011537280918,1.3663837425546541,-0.2926923762700686,-0.3329080101514251,0.37055640847765314,0.6585765532662357,0.7063232214565998,0.7185035487744925,-0.07865698330774462,-0.3691507927849084
27.75,0.6649941260054663,0.6158288410346249,0.4514762288064754,1.3689618396874026,-0.28819972120133286,-0.3290307480236179,0.3831813992378449,0.6754826977770325,0.7037921613021012,0.7174789325109394,-0.09570535916001839,-0.3529929442627164
27.76,0.6692853485375119,0.6203684985365185,0.4501806521485676,1.3213372812257655,-0.28364650273097275,-0.32509229365574366,0.38425303105617686,0.6737927146260709,0.7011261344369304,0.7162972071185548,-0.1064724436325677,-0.3674296243905523
27.77,0.6735420860811641,0.6248756522485194,0.4484892702680617,1.4536679253466898,-0.2790333005255846,-0.321078632076484,0.3959917642177816,0.5954984244293802,0.6983244480984105,0.714965678075118,-0.12146270992304134,-0.34762971186861746
27.78,0.677763408558033,0.6293605919720304,0.44649396693874366,1.3451552938103295,-0.2743607117191629,-0.3170139646470036,0.4024072367856773,0.6638421943386228,0.6953864559631898,0.7134780456650277,-0.14128325329434382,-0.3411759973406032
27.79,0.6819483913237672,0.6338261486669522,0.44531843908320035,1.3095931232058011,-0.2696293507611125,-0.312882880173943,0.4047980368661385,0.6400470806356078,0.6923115585096528,0.7118405924520902,-0.15572362634298148,-0.3378266818885538
27.8,0.6860961153932672,0.6382663033700802,0.44140838921355785,1.3107015566107922,-0.26483984925888215,-0.3086873325556286,0.40966591109454104,0.6499840316805728,0.6890992033618641,0.7100544606253899,-0.16838991518242782,-0.36457014569444895
27.810000000000002,0.690205667664543,0.6426781374110465,0.4377437239987506,1.286901419681874,-0.25999285581537085,-0.30442895082239585,0.414231423185061,0.6287918600949949,0.685748885614937,0.7081203071218718,-0.184225872969584,-0.3420352574750847
27.82,0.6942761411412226,0.6470599305750749,0.4346789981641998,1.2718685260931266,-0.2550890358610975,-0.30010868813423053,0.4258448256638264,0.6474501194723116,0.6822601481416617,0.7060388957301224,-0.19692227288988537,-0.3589749932497179
27.830000000000002,0.6983066351536518,0.6513989024857634,0.4346085177491573,1.2938413795807606,-0.25012907148119556,-0.29572455905221623,0.4306776087443227,0.6526061485105094,0.6786325818802712,0.7038120514444268,-0.2128419901759632,-0.35193945085160067
27.84,0.7022962555784847,0.655714479383394,0.4288146183764736,1.2985081297549617,-0.2451136612373035,-0.29128491175464105,0.434954246079523,0.6317254537545154,0.6748658261032436,0.7014373833201175,-0.2247330729737386,-0.3554962720967361
27.85,0.7062441150567703,0.6599993415669454,0.42592560882613356,1.256889212519086,-0.24004351998437817,-0.28678385558300035,0.4402440316445573,0.6181954900208648,0.6709595686669825,0.6989180083202138,-0.2396404212388595,-0.3293150614551344
27.86,0.7101493332104376,0.6642392359150155,0.42123891871712504,1.410415709178875,-0.23491937868251564,-0.2822148082685388,0.4455188689303149,0.5552555737099879,0.66691354624232,0.696256837329273,-0.2525040096914243,-0.3630069512380666
27.87,0.7140110368571584,0.6684467648092197,0.415335119498714,1.2942361836709733,-0.22974198420379027,-0.2776001209467759,0.4546633986185838,0.6544510080150118,0.6627275445256919,0.6934471522686194,-0.26658198480712425,-0.3490134838775286
27.88,0.7178283602234905,0.6726258213735397,0.4186692930244531,1.2797583292754675,-0.2245120991342454,-0.2729242843242681,0.4560717444549143,0.6373134119956585,0.658401398430948,0.6904942514081309,-0.27912120080168523,-0.34953366787031465
27.89,0.7216004451563172,0.6767709745445432,0.41382757310466994,1.2614838632267658,-0.21923050157100654,-0.2681891288287392,0.46357383167985855,0.6357383647884599,0.6539349922616529,0.6873984797145556,-0.295919963246554,-0.3530782774217077
27.900000000000002,0.7253264413324525,0.6808796449578071,0.4061302115446707,1.2644540011704528,-0.21389798491465117,-0.26339630040091644,0.46674537048597137,0.6250800833900496,0.6493282598638692,0.6841597566025144,-0.3104458521398981,-0.34124898536226456
27.91,0.7290055064664158,0.6849429871835772,0.3983825780763236,1.2685051612975227,-0.20851535765685894,-0.25853972820068327,0.4815991936768598,0.625947222498028,0.6445811847592866,0.6807799293092217,-0.32484484515073464,-0.3324181848310665
27.92,0.7326368065163193,0.6889618901945794,0.400217856512604,1.2638309037198414,-0.20308344316341953,-0.2536383226406309,0.4805451811166783,0.632759378524922,0.6396938002586929,0.6772553450361031,-0.3359213344015658,-0.3386924349487139
27.93,0.7362195158877781,0.6929497641880855,0.39735626498760224,1.27856149090015,-0.19760307945266303,-0.2486811466314805,0.48712591675472383,0.6094993397227036,0.6346661895557132,0.6735875137196852,-0.3511386482031637,-0.3398643479437526
27.94,0.7397528176358428,0.6968997200044784,0.3927742369032942,1.2622389109954186,-0.19207511896937124,-0.24366775910190105,0.4899661055791268,0.6163100438284246,0.6294984858007496,0.6697781931382472,-0.36129103054253603,-0.3405716679460898
27.95,0.7432359036648711,0.7008089907674669,0.39271457448566294,1.24348335615925,-0.18650042835427275,-0.23860001816295887,0.49334085587404386,0.623013724201344,0.6241908721551439,0.6658271700476395,-0.38161600271253876,-0.32203523258073957
27.96,0.746667974926313,0.7046758852447671,0.38543419463565004,1.2390542470984975,-0.18087988820911166,-0.23347912408745392,0.5029318027880397,0.6323241622858442,0.6187435818254617,0.6617344890547548,-0.38729136512810236,-0.3404201904019945
27.97,0.750048241614321,0.7084992282416636,0.38143583837537204,1.2224735252383523,-0.17521439285749188,-0.22830599653255512,0.5085679657823885,0.6148826832611698,0.6131568980779549,0.6575003062803606,-0.40151712198782064,-0.3475086447569387
27.98,0.7533759233592044,0.7122780617206101,0.3784689274239574,1.2302660490668582,-0.16950485010140698,-0.22308152058468173,0.512438704901615,0.6116069889691668,0.6074311542331122,0.6531248174271098,-0.4210147498236254,-0.3416962293835524
27.990000000000002,0.7566502494186033,0.7160115039541276,0.3710158146016546,1.226176880218455,-0.1637521809736957,-0.2178064830477558,0.5160973957976136,0.6024246198719921,0.6015667336403723,0.6486082686615906,-0.43223985354779837,-0.32633611060682566
28.0,0.7598704588663859,0.7196987078234994,0.36636511222466195,1.212366734893186,-0.15795731948636269,-0.21248168421151895,0.5233740822207065,0.6238148993141769,0.5955640696329372,0.6439509254043514,-0.4471180905270342,-0.3370387577339488
28.01,0.763035800779223,0.7233388325442878,0.3633732275907733,1.2193869641122899,-0.15212121237491372,-0.20710795059094125,0.5255274397545024,0.6126576586457602,0.5894236454627269,0.6391530719940098,-0.460859153988349,-0.3247254869895571
28.02,0.7661455344207496,0.7269311478162318,0.3548736108741373,1.210092478138686,-0.14624481883878263,-0.20168610347893784,0.526074654332953,0.5926635608109023,0.5831459942155183,0.6342150157921759,-0.4716797012857983,-0.3211511390127683
28.03,0.7691989294233216,0.7304748255349829,0.35206983183543045,1.2039858222445345,-0.14032911027788014,-0.19621696158568963,0.5323291853505467,0.6157942996961102,0.5767316987062341,0.629137102632318,-0.48987755793071047,-0.3234011520655616
28.04,0.7721952659672862,0.733969128866834,0.34816581316579154,1.1928413496223165,-0.13437507002541607,-0.190701413658192,0.5380442349673268,0.5974893161838952,0.5701813913544975,0.623919686893296,-0.5009949417579386,-0.3228075565634694
28.05,0.7751338349577468,0.7374133236674064,0.3403917831152043,1.1932120019136059,-0.1283836930769915,-0.18514028314950295,0.5422528129821987,0.614614961057644,0.5634957540404097,0.6185631728525961,-0.5120282581073572,-0.3302223287411929
28.060000000000002,0.7780139381987442,0.7408066016055241,0.33660750665060085,1.2023468865139049,-0.12235598581613918,-0.17953445021443729,0.5445953520003174,0.608065962878327,0.5566755179406919,0.6130679923292472,-0.526446384728396,-0.32464782164298567
28.07,0.7808348885648599,0.7441482342256655,0.3342314445242639,1.1839494770311012,-0.11629296573630761,-0.1738848186452242,0.5512120547448764,0.604968436674585,0.5497214633451744,0.607434598162401,-0.5395110346850016,-0.3146728345216603
28.080000000000002,0.7835960101701601,0.7474374620802396,0.32628545561381544,1.182795929353666,-0.11019566115942248,-0.16819227450088656,0.5534235099962994,0.6067128105139904,0.5426344194537374,0.6016634926326099,-0.5547634008961912,-0.3252219921256735
28.09,0.7862966385344383,0.7506671732190469,0.31516421576183823,1.180478175510509,-0.10406511095111358,-0.16245141943254207,0.5646953906854361,0.6173026721973721,0.5354152641538025,0.5957567017748183,-0.5644669024738616,-0.3127764574163353
28.1,0.7889361207467603,0.7538384857856447,0.3158664404846074,1.203095821943526,-0.09790236423266538,-0.15667917811017157,0.5632257129115277,0.6115564274437446,0.528064923778384,0.5897115197171271,-0.5787892316335018,-0.32937446962437295
28.11,0.7915138156262069,0.7569631920939286,0.30928213319969916,1.1804283227650767,-0.09170848008980154,-0.1508661736717063,0.5660398084481166,0.6056433716573784,0.5205843728448916,0.5835295598919209,-0.5934265071756498,-0.3137268247420715
28.12,0.7940290938798265,0.7600232894887673,0.309236081638221,1.2345056606433054,-0.08548452727838445,-0.14500655396076478,0.5721427180933181,0.580587201751573,0.5129746337746738,0.5772150622248704,-0.6051622043585264,-0.3157245176796024
28.13,0.7964813382577335,0.7630344987387528,0.30233875445189984,1.1815655638795264,-0.07923158392712179,-0.13911804814836543,0.5763459686350093,0.5941114674320874,0.5052367765935248,0.5707624735495469,-0.6213161084962902,-0.306516822056575
28.14,0.7988699437053246,0.7659940763036459,0.2938592899502897,1.1806582659644393,-0.07295073723736012,-0.13318955860446346,0.5775599755871444,0.6007121446082111,0.49737191861315133,0.5641768743270557,-0.6301590970989471,-0.31267695121661854
28.150000000000002,0.8011943175125562,0.7688981784373935,0.28827711852137533,1.1641687636133735,-0.06664308318009426,-0.12722356260706724,0.5809015608631793,0.6088423938869315,0.4893812240938321,0.5574585975467363,-0.6451049849855983,-0.3119470058513991
28.16,0.8034538794602827,0.7717448232397334,0.2850895877225925,1.136613191287103,-0.060309726190214505,-0.12122181550497053,0.5815627947590182,0.6131300080735469,0.48126590388831647,0.5506081614186459,-0.6577811905611015,-0.3078448255819188
28.17,0.8056480619635837,0.774535350586892,0.2735827207248491,1.1339677831456971,-0.05395177885816378,-0.11518625843160354,0.5857109539352002,0.5797994825065743,0.4730272150671293,0.5436260434135693,-0.6689319401827596,-0.3128463953692412
28.18,0.8077763102120573,0.7772643570621715,0.2719333710055935,1.1346328136420205,-0.04757036161904816,-0.10911630217583526,0.5902178432192239,0.5932354640317528,0.4646664605254613,0.536513789005855,-0.6799229032103701,-0.3095595367281468
28.19,0.8098380823070543,0.7799325081903318,0.2679372736179395,1.128658971318663,-0.041166602439304964,-0.10301446991489308,0.5937049985811087,0.5782970304737383,0.4561849885717203,0.5292717440858736,-0.6941770838179218,-0.3122220901418655
28.2,0.811832849395807,0.782539410978089,0.2582495681041926,1.125293346192186,-0.03474163650105056,-0.09688165601899405,0.5980029473069632,0.5904073078586559,0.44758419249799664,0.5219009481352568,-0.7094763068713275,-0.32862547543108045
28.21,0.8137600958024244,0.7850846497539944,0.25662059003687787,1.1239359903840433,-0.028296605884148632,-0.09071886642397971,0.6018442116196059,0.595497299509362,0.4388655101325071,0.5144024411073643,-0.7217943384182801,-0.30826473103507684
28.22,0.8156193191557206,0.7875676649379654,0.24527750013767166,1.1143125883137937,-0.021832659246171636,-0.08452712169243011,0.603110151829324,0.5761434119674314,0.4300304233743045,0.506777310917868,-0.7322806780965851,-0.31331325700635093
28.23,0.8174100305138492,0.7899879174954093,0.24170950689381376,1.1235625375174063,-0.015350951500268536,-0.07830745914967324,0.6041564298540862,0.5911732352641214,0.4210804577103118,0.4990266758895593,-0.7406524954542044,-0.3177623463947559
28.240000000000002,0.8191317544856981,0.7923448174721901,0.23434562665205458,1.116588347906457,-0.00885264349112317,-0.07206095206339068,0.6122169003196589,0.6016656099394355,0.4120171817150012,0.4911516957579621,-0.7544851115985737,-0.3097580698851337
28.25,0.8207840293490407,0.794637792854868,0.22527899438766175,1.0931408392410589,-0.002338901669028573,-0.06578867303848294,0.6139450070877613,0.5880418889436381,0.4028422065327824,0.48315357206340054,-0.7653651527524612,-0.2905616300014468
28.26,0.8223664071653897,0.7968662956216045,0.22233042816743434,1.0922995284242907,0.004189102237786992,-0.05949173166719121,0.613359199345617,0.5858286986810631,0.39355718534341483,0.4750335401582765,-0.7816931102548068,-0.31244936060421635
28.27,0.8238784538915334,0.7990297826766869,0.2115052371603372,1.1017623694790792,0.010730191552469945,-0.05317123710750405,0.614163431201299,0.5871512806335836,0.38416381281057,0.46679288419060444,-0.7881885892248467,-0.29796911348879496
28.28,0.8253197494877342,0.8011277519367432,0.20940094334323456,1.0972986918954006,0.017283184980422944,-0.046828300380385636,0.6197354929572876,0.59759630793239,0.37466382451382363,0.4584329294862089,-0.7998075794644275,-0.30974225283696205
28.29,0.826689888022553,0.803159628329619,0.20208650941398937,1.0887444354022173,0.023846896941629753,-0.040463998994823565,0.6206493481268761,0.5777889141654887,0.3650589963642432,0.4499550585598111,-0.8107764323926081,-0.32594796825301947
28.3,0.8279884777742781,0.8051249210593208,0.19526837087397086,1.0909070748320124,0.03042013790433159,-0.03407947961402719,0.6197108401177531,0.6045948685662974,0.3553511440038486,0.4413606751008626,-0.8247758483634083,-0.3024272837443919
28.310000000000002,0.8292151413289318,0.8070231103684872,0.18394074703344987,1.090813513343774,0.037001714719953366,-0.027675881862903165,0.622444047125536,0.5797117349204693,0.345542122189167,0.432651230791454,-0.8347128759352693,-0.3086694729813108
28.32,0.8303695156748327,0.8088537013920406,0.18233808974084398,1.0895243915916293,0.04359043095916683,-0.02125433463804027,0.6242104280966806,0.6038532326157131,0.3356338241591017,0.42382822224559175,-0.8471937310284943,-0.2905657113554242
28.330000000000002,0.8314512522936899,0.8106162252680178,0.1712963843658423,1.0837560026138204,0.05018508724901445,-0.014815985749221446,0.6283652110899219,0.5838616219507567,0.325628180987379,0.4148931867572136,-0.8586486060900771,-0.3026004028578136
28.34,0.8324600172481977,0.8123102511651619,0.16725090623156028,1.0639675445070162,0.05678448161095574,-0.008361996009932694,0.629167869517139,0.5689458906996985,0.3155271609198662,0.4058476945882172,-0.8666099616500875,-0.31520709884658815
28.35,0.8333954912661325,0.8139352769295826,0.16218013277144283,1.067992626086907,0.06338740979975903,-0.0018934891114395346,0.6292888029517661,0.580461394528672,0.30533276869693704,0.39669337619861056,-0.8813766742055977,-0.31789271443879985
28.36,0.834257369820899,0.8154908860699853,0.15457817040223937,1.0630674273609775,0.06999266564312324,0.004588347487758571,0.6315253373684113,0.5802210696209873,0.29504704486125677,0.38743187865599016,-0.8907613461630505,-0.3141860224024635
28.37,0.8350453632085337,0.816976669083513,0.14580599748503706,1.0555514762024154,0.07659904138193753,0.011082353352332753,0.6301699098908262,0.5803634423358358,0.28467206505114145,0.3780648996446958,-0.8993798498021905,-0.3078826482274644
28.38,0.8357591966211304,0.8184770185498226,0.14615728339372971,0.8877436630786224,0.08320532801104351,0.017566559899179268,0.6309351377736627,0.506927966620712,0.2742099392799033,0.3685856044353151,-0.9136877847089555,-0.32784096046350497
28.39,0.8363986102166765,0.8198421997382525,0.1367035305659386,0.9768442091280919,0.08981031562045556,0.024098802540244872,0.630835496664296,0.5547283526427996,0.26366281120132773,0.35901984258868447,-0.9201765276598453,-0.3011633401521033
28.400000000000002,0.8369633591852801,0.8211183144301647,0.12220872509312544,1.0100342952294696,0.09641279373685717,0.03062923335971496,0.6350408428064321,0.5622296081448993,0.25303285736169984,0.3493498145457242,-0.9282180886592267,-0.3017294080245677
28.41,0.8374532138117721,0.8223289081490976,0.12024998054774291,0.9984571406424503,0.10301155166533647,0.037159286958492244,0.6343223664094836,0.5858834854437243,0.24232228643858997,0.33957829411932955,-0.9424989180425655,-0.30403959066498676
28.42,0.8378679595346699,0.8234550602577816,0.10991405892303642,1.0226211916454375,0.10960537883123303,0.04369962560425673,0.6329415856969938,0.6031111330031843,0.23153333846671054,0.3297119907967035,-0.9493199443526136,-0.30118030309276317
28.43,0.8382073970014812,0.8245007958384916,0.1036523207326114,1.049229211734207,0.11619306512195651,0.050244327731785006,0.634368488750095,0.5920355741718382,0.2206682840512202,0.3197509117369036,-0.955057852955527,-0.2905730237312831
28.44,0.8384713421203469,0.8254764124421284,0.0942418091545952,1.038681795054233,0.12277340122874852,0.05678898404470442,0.6341580643932722,0.5892077992975321,0.20972942356866534,0.3096957043437162,-0.9645888686963786,-0.29553520401580674
28.45,0.8386596261079946,0.8263808283172714,0.08826062395504078,1.0247505686067508,0.1293451789881932,0.06333676904206635,0.6339857375196818,0.5904519683829776,0.19871908635600757,0.299550096823353,-0.9738079179103428,-0.2756700015128162
28.46,0.8387720955340042,0.827213309327349,0.082984281920267,1.0381538135055994,0.13590719172346202,0.06988635183286751,0.6357749865752893,0.5905733945049586,0.187639629887938,0.2893160821857051,-0.9830943316693318,-0.28678626025780685
28.47,0.8388086123613674,0.827973384790131,0.07514154118806828,1.0132613418074277,0.14245823458510729,0.07643644909923367,0.6320213974599822,0.585251025841021,0.17649343894291586,0.27899568147807197,-0.9911341467993314,-0.28525049882459697
28.48,0.8387690539833321,0.8286606215623126,0.06872697521457717,1.0328197510159887,0.1489971048913601,0.08298582777295586,0.6322040123710818,0.5807707331313886,0.165282924758141,0.2685909765480121,-0.9986098274302253,-0.2989390339073036
28.490000000000002,0.8386533132565244,0.8292713055676415,0.06356774971943085,1.0457920292996885,0.15552260246780042,0.08953441017030978,0.632444680279443,0.5917999690310459,0.15401052417392963,0.2581045530846995,-1.0092105330796548,-0.27527091834871575
28.5,0.8384612985303378,0.8298075966193641,0.05215806793650977,1.025417922945601,0.1620335299862852,0.0960788321087125,0.6299378532056267,0.5954244957241093,0.1426786987677072,0.24753769704277104,-1.011505115457189,-0.29568467472643745
28.51,0.838192933672585,0.8302731146488176,0.04567582788970425,1.0214050250617213,0.168528693303085,0.10261750300400238,0.6311427283052645,0.6061448375444296,0.13128993397803537,0.23689242200392335,-1.0252654594398536,-0.30227220625354
28.52,0.8378481580914012,0.8306658331444627,0.03853382943920435,1.0018534817374023,0.17500690179604195,0.10915132367790016,0.6308661833895045,0.6013262243000901,0.11984673821903127,0.22617179693383335,-1.0274294594131148,-0.2928206992119776
28.53,0.8374269267533999,0.8309847849623059,0.02946568517949812,0.9954725668812912,0.18146696870072096,0.11567868949985825,0.6284406984640676,0.6025928605585383,0.10835164198543973,0.21537791090520428,-1.0362894274854324,-0.2799927936186569
28.54,0.8369292101980704,0.8312293802622847,0.02436121805440659,0.9917425329577415,0.18790771144541188,0.12219820621372532,0.630196579525216,0.5954498476921277,0.09680719694884907,0.2045129659117962,-1.043150548270296,-0.30255770042244945
28.55,0.836354994548417,0.8313993043595035,0.017433349670282962,0.983472679880342,0.19432795198489142,0.12870858224828507,0.629553706126981,0.5954925777172099,0.08521597504526102,0.1935792250967894,-1.0537382781243465,-0.28959252312976624
28.560000000000002,0.8357042815178367,0.8314920156619859,0.005247782952333293,0.9792745115683356,0.20072651713284317,0.13521087261707715,0.6282635184559402,0.5881207290337127,0.07358056755451248,0.18257957169936287,-1.059251722005061,-0.29999867960053295
28.57,0.834977088413233,0.8315066881199431,0.0025029602062755516,1.0037728663191459,0.20710223889282248,0.14169859357747983,0.6234903421426994,0.5811691747807819,0.06190358417182516,0.17151532669791003,-1.0645454338019082,-0.29833706517508446
28.580000000000002,0.8341734481343644,0.8315396100327184,0.00035097245747563475,0.7099536908673721,0.2134539547877018,0.14814216605111866,0.6291461450370992,0.5553152095656632,0.050187652071861946,0.16037600571902905,-1.0677265181426714,-0.3057384816243168
28.59,0.83329340916943,0.8315614093766406,0.010533145767771465,0.62002080806228,0.21978050818742542,0.1545643571493695,0.6120376932270721,0.5257466526930681,0.03843541496572058,0.14917926441067106,-1.0750684564771937,-0.27765354303508094
28.6,0.8323370355868884,0.8315890968279616,-0.00046490342815734857,-0.09601094260487053,0.2260807486350691,0.1609945557091609,0.6322279810152098,0.8132466532198105,0.026649532151170253,0.1379264330386387,-1.0808053830611755,-0.2773365616145867
28.61,0.8313044070235207,0.8315479099472721,-0.006218069059772259,-0.24626284650296487,0.2323535321709992,0.16742694711188988,0.6280236090049063,0.8518340981474883,0.014832677556529325,0.12663037036864186,-1.0850022156316717,-0.252662098553738
28.62,0.8301956186687269,0.8315138103496694,-0.009006638235525596,-0.5850139563266228,0.23859772165513787,0.17381942291900795,0.6296736212394866,0.858485346561318,0.0029875387786006125,0.1152731254104639,-1.0869096105004534,-0.24330201912231242
28.63,0.8290107812450765,0.8314722776274005,0.0042589859141390855,-0.6391682060381179,0.2448121870871356,0.1801873075298048,0.6127190090385013,0.7134796950005586,-0.008883183885017062,0.10386903357779594,-1.1006611901981664,-0.2918865465902454
28.64,0.8277500209850999,0.8313797680289517,-0.0032679045674274656,-0.9754730165110751,0.25099580592444437,0.18654921156394855,0.6114585750957671,0.7584046040213341,-0.020776778408800843,0.09241857395609551,-1.1008306170173288,-0.2626643298399016
28.650000000000002,0.8264134796043415,0.8313172206448279,-0.005688361657550192,-1.3055814185201031,0.25714746339812034,0.19289008810721403,0.6123371526631106,0.6481551203084434,-0.03269052201701214,0.08092269685892696,-1.1019840127515157,-0.27176649492237076
28.66,0.8250013142706735,0.8311781963854237,-0.012817184474906268,-1.4119603618546555,0.2632660528262931,0.19923992625110679,0.6155467952622987,0.5730686467908441,-0.04462168216580929,0.06939777676509726,-1.1088144449750348,-0.28386458425836303
28.67,0.8235136975698738,0.8309353751061153,-0.025845796037066188,-1.4825646273958104,0.2693504759252435,0.2055727338498686,0.6132704431145354,0.5739812216313753,-0.056567517529457136,0.05783655531826274,-1.1122273801397642,-0.2890627158602431
28.68,0.821950817467492,0.8305793578411123,-0.037519919389356365,-1.5042018277662275,0.2753996431178784,0.21188292103065243,0.6070726116627624,0.5624885772499988,-0.06852527899009841,0.046239410442033294,-1.1162862141396006,-0.2713229213919735
28.69,0.8203128772669903,0.8301069909789516,-0.046120237789531796,-1.5365867572416925,0.2814124738396749,0.21816586089026974,0.6030467783431942,0.5708996444623247,-0.0804922106308785,0.03460761278379555,-1.1174207400046041,-0.29863953582328934
28.7,0.8186000955641941,0.8295194088953457,-0.06065399098752316,-1.501584833253232,0.28738789684182564,0.2244190479196405,0.6026259435945321,0.573185027304843,-0.09246555073184158,0.022943199033691623,-1.1221692360241817,-0.2934187513506574
28.71,0.8168127061980384,0.828819410526104,-0.0707399892300557,-1.5249932255017915,0.29332485049164037,0.23064106270525853,0.5993471417137418,0.5841874681481166,-0.10444253276837101,0.011248664335146014,-1.1257120720762637,-0.29078698273085213
28.72,0.8149509581976452,0.8280101375024578,-0.0821796944264583,-1.5191070247835883,0.2992222830700143,0.2368310029530018,0.5993477681344509,0.5530168287045437,-0.11642038641162926,-0.00047326762663968316,-1.1274566686878469,-0.28602303383194716
28.73,0.8130151157257279,0.8270972698284046,-0.09154350610911881,-1.521153068232044,0.3050791530659187,0.24298720516349892,0.5922218450070824,0.60256761909888,-0.12839633853072602,-0.012220181171563413,-1.1307093752734496,-0.27260327419678015
28.740000000000002,0.8110054580183466,0.8260799751481114,-0.1027923874382427,-1.516120411123547,0.3108944294678096,0.24911117706725683,0.5916352073641293,0.6056056526973044,-0.1403676141961056,-0.023988332407420015,-1.1335582725160978,-0.2960231472617756
28.75,0.8089222793210222,0.8249620703607891,-0.11587900557939615,-1.5024396738046062,0.31666709205186866,0.25520036608154173,0.5867676125951629,0.5969987959310992,-0.15233143768384594,-0.03577564938820235,-1.1344947529744345,-0.2959488306584294
28.76,0.8067658888212297,0.8237465486464254,-0.12215221708455294,-1.509175462631761,0.32239613166698866,0.2612542037853788,0.5849578064523265,0.621672434406268,-0.16428503348043375,-0.04757923916881962,-1.1410134361031534,-0.28147872321880507
28.77,0.8045366105772872,0.8224359972595274,-0.127182370576767,-1.4900492869523296,0.3280805505164059,0.2672719953476685,0.5816583928863799,0.6045400462465619,-0.17622562728756208,-0.05939625385682477,-1.1381390134249183,-0.2721034747360551
28.78,0.8022347834436501,0.8210326603401294,-0.14037585530996285,-1.5098172000348629,0.3337193624359294,0.27325294539006434,0.5768972982579454,0.6185636774436626,-0.18815044702668754,-0.07122387992695729,-1.1368872326463169,-0.2797427362450084
28.79,0.7998607609926464,0.8195386330308703,-0.1496766777474695,-1.4954798449699709,0.3393115931686138,0.27919619171585963,0.5689087437466712,0.6230150000532559,-0.20005672384276257,-0.08305932671524305,-1.1345219142194525,-0.2886684059610322
28.8,0.7974149114326489,0.8179557642270298,-0.1552554220687225,-1.4921583453591978,0.34485628063588114,0.28510090704055163,0.5686277010550533,0.6416670981168051,-0.21194169310694366,-0.09489979240062676,-1.1389280064019893,-0.28654670444532976
28.810000000000002,0.7948976175227244,0.8162857885282375,-0.16451586047705072,-1.518572028152278,0.3503524752049197,0.29096618477317265,0.5658822148052782,0.6331695161962456,-0.22380259541769315,-0.10674250285311553,-1.1437158307281607,-0.2834797937388293
28.82,0.7923092764837703,0.8145303199736221,-0.1748908960599845,-1.5011764909669523,0.3557992399523521,0.2967911167230771,0.5594858771153741,0.6375485539955495,-0.23563667760000911,-0.1185846853506798,-1.139864220217709,-0.28421878482241353
28.830000000000002,0.7896502999061602,0.8126908241966012,-0.18094282156560682,-1.5023329387147077,0.36119565092404216,0.3025748303574867,0.5527298967325065,0.6345755308256569,-0.24744119370234793,-0.13042355898020644,-1.1419691971272752,-0.2644943848071354
28.84,0.7869211136539311,0.8107940533749841,-0.19082295106976227,-1.5518426820962372,0.36654079739098533,0.30831026515399657,0.5532612272212072,0.6094941261302202,-0.25921340599076265,-0.14225899594737543,-1.1367519262620736,-0.29299063151260435
28.85,0.7841221577655202,0.8087963706258879,-0.19513384739843262,-1.5200741903702322,0.37183378210120605,0.31401396929183256,0.5476584372225187,0.6222730996409049,-0.2709505859400257,-0.15408080242881841,-1.1361224900522533,-0.29551306600312993
28.86,0.7812538863510912,0.806713046375957,-0.20526963526334419,-1.502671108144663,0.37707372152755214,0.31967056305886327,0.544741844478803,0.6491497868877308,-0.28265001522116007,-0.16589231502741247,-1.136859410495908,-0.28229415974531996
28.87,0.7783167674864592,0.8045483874081052,-0.21545709644605276,-1.5006147081184837,0.38225974611138824,0.32528091044117863,0.5369955447234206,0.6497188394603448,-0.29430898668515304,-0.1776900626796273,-1.1377824424412133,-0.27186708538942045
28.88,0.7753112831036619,0.80231101001074,-0.22110748715517392,-1.5240502897261754,0.3873910005019927,0.3308419388331478,0.5346552673810738,0.6299672116736759,-0.30592480534230393,-0.18947216688819293,-1.1347547539892302,-0.2778799062162445
28.89,0.7722379288781769,0.8001858201789619,-0.21949149739637794,-1.9041402546644906,0.39246664379172475,0.3363146979166455,0.5358129833864769,0.5183016777200095,-0.3174947893369813,-0.20125246890805917,-1.1314511214419363,-0.2945752349553166
28.900000000000002,0.7690972141128379,0.7978344425899612,-0.2358107859467577,-1.663149679081772,0.39748584974677026,0.34182403688768936,0.529577924835713,0.5911695468307754,-0.3290162709172245,-0.21297444557470968,-1.1308750616276915,-0.27350173805181904
28.91,0.7658896616184621,0.795366354577104,-0.24510932482082343,-1.5616343875779373,0.4024478070334667,0.34726052004490415,0.521331321601067,0.6329429213223835,-0.34048659739896264,-0.22468122065526924,-1.1286863042936561,-0.2833817578138846
28.92,0.7626158075912225,0.7928073180312338,-0.2545509515856534,-1.5588120891462074,0.4073517194401233,0.352637032250363,0.5126990611305775,0.6517364758880952,-0.35190313212439117,-0.23636446253085774,-1.1246091580231155,-0.2916900641180593
28.93,0.7592762014868029,0.7901688970201235,-0.26430091881933326,-1.5097817387724344,0.4121968060942462,0.35795884486628365,0.5127294558819604,0.6673007234866704,-0.3632632554140859,-0.24801888812422299,-1.1222363905922885,-0.2696984168761172
28.94,0.7558714058913437,0.7874565342473999,-0.2699316023446652,-1.4908305585364277,0.4169823016751354,0.3632277545584483,0.5077608189745717,0.6720392084774887,-0.37456436551260675,-0.2596406878854008,-1.1210007379703886,-0.25311062793316874
28.95,0.7524019963892553,0.7846728718610785,-0.27729390443022706,-1.4998062372948755,0.4217074566217581,0.368444066332521,0.49662470955998816,0.66369956318314,-0.3858038795270371,-0.2712266864987617,-1.1129129355401917,-0.2811590570742743
28.96,0.7488685614278636,0.7818193675923831,-0.2789508146896671,-1.5052658869748299,0.4263715373358763,0.3736074203905563,0.49173568745132,0.6863776061482072,-0.3969792343582741,-0.28277401077588427,-1.1134861949392336,-0.28480066096069173
28.97,0.7452717021789959,0.7788969236472063,-0.28937830701294426,-1.5046291229634972,0.4309738263803,0.37871717470756683,0.48878309706786655,0.68205929909808,-0.40808788762453996,-0.29427991902516004,-1.107978538520579,-0.2796909092452326
28.98,0.7416120323974805,0.7759861155130849,-0.2912288841238296,-1.7244111614672246,0.435513622672296,0.38374598272293375,0.4882493988763452,0.6501291642244784,-0.4191273185768457,-0.30575296900048055,-1.1046427020362213,-0.26447227617427405
28.990000000000002,0.7378901782766303,0.7729544762719471,-0.30113605254325826,-1.5956839876897644,0.4399902416719948,0.3887671085636139,0.4782603261433191,0.6657670398083161,-0.4300950290060206,-0.3171594792968693,-1.099488442238988,-0.29492019070443093
29.0,0.7341067783007333,0.7698335364166363,-0.31313702350170897,-1.5553599310457629,0.44440301556582973,0.39371974692611444,0.47328226530177897,0.6659536014337747,-0.44098854414089944,-0.32852168487883476,-1.0954893378084856,-0.2775391280404846
29.01,0.7302624830945825,0.7666371868403506,-0.31494947795807954,-1.5076857022765635,0.44875129344488474,0.39861002361890835,0.46801248380275234,0.6844144686496013,-0.45180541353741255,-0.3398343076976542,-1.0893113533718892,-0.28080554672822045
29.02,0.7263579552700972,0.763371643195259,-0.3236118923351429,-1.512717849813462,0.45303444147813227,0.4034403943496424,0.4580667687990499,0.7032001701468484,-0.462543211958093,-0.35109341154899926,-1.0884185237046111,-0.280147556941797
29.03,0.7223938692700463,0.76003993680665,-0.33070240142384155,-1.5125226206699345,0.45725184308050315,0.4082114391844634,0.45709400960192215,0.6889730121548527,-0.4731995402417944,-0.36229586524426977,-1.079477613364955,-0.2808120549793703
29.04,0.7183709112089581,0.7566436444393321,-0.3381715882007052,-1.4941454749910164,0.46140289907571436,0.41292304246101214,0.45023882177936203,0.7070662346976516,-0.48377202616312964,-0.3734388611712575,-1.0739813952965782,-0.28244210676604475
29.05,0.7142897787111864,0.7531837285609607,-0.3411722782234636,-1.4935255794677966,0.46548702785386464,0.41757467384640645,0.4462871541662605,0.7039088563900736,-0.49425832528144065,-0.3845197841109015,-1.0685065533919427,-0.2608437922811222
29.060000000000002,0.7101511807462524,0.7496609405686484,-0.34906077551152787,-1.4921498797699206,0.4695036655236558,0.42216574083547465,0.43946405884302037,0.7135767587027194,-0.5046561217788009,-0.39553608115078587,-1.0603747594664266,-0.2901076322227109
29.07,0.705955837461444,0.7460758923987912,-0.35181991429438636,-1.4836229913117804,0.4734522660592996,0.42669554530382164,0.43285139889955004,0.7200486181081963,-0.5149631292868618,-0.4064852599329469,-1.0524732206425906,-0.27846833740903465
29.080000000000002,0.701704480011722,0.7424291972796228,-0.3635517906292742,-1.4975547360038022,0.4773323014419849,0.43116340322715524,0.42556661240319105,0.7265172105712829,-0.5251770917021447,-0.41736485901454096,-1.052431237364139,-0.2622364335985384
29.09,0.6973978503870161,0.7387213688620873,-0.36699044251116897,-1.5139062923412123,0.481143261795896,0.43556868618338107,0.4220107910035093,0.7258013506653794,-0.5352957839894215,-0.4281724222780441,-1.0463821677912397,-0.2873705936685075
29.1,0.6930367012368932,0.7349530330605141,-0.3729044889543152,-1.5010148315969483,0.48488465551874876,0.43991064990084744,0.41572423149630383,0.7257800600877491,-0.5453170129729815,-0.4389055649412961,-1.0330602855690565,-0.27285006461393274
29.11,0.6886217956926934,0.7311248607909101,-0.38160609076374696,-1.5096056314286843,0.48855600940677757,0.44418867909032717,0.409813351982462,0.7267566854558061,-0.5552386181153115,-0.44956189208415326,-1.0267848714183783,-0.28452642891812935
29.12,0.6841539071871324,0.7272374071954575,-0.38390265072472063,-1.5002813963424428,0.4921568687741672,0.4484021659372927,0.4016965913012927,0.7473358935047246,-0.5650584722830511,-0.46013902684959695,-1.0184645698448875,-0.28163341659303764
29.13,0.6796338192714684,0.723291335033569,-0.3886773445442015,-1.5028871896317801,0.4956867975668652,0.4525504762410291,0.39517277683299024,0.7400632239845766,-0.5747744824997603,-0.47063464469286637,-1.0108539586003942,-0.2762084921998697
29.14,0.6750623254302054,0.7192873187012598,-0.3941306884754253,-1.5240227289516006,0.499145378470763,0.4566329938700064,0.3888813912915263,0.7261663110109813,-0.5843845906853424,-0.4810464396273949,-1.0056486611232913,-0.2843242892332054
29.150000000000002,0.6704402288934611,0.7152310426834323,-0.39843970285974534,-1.5301729331427294,0.5025322130141934,0.4606443864101405,0.3831317444891756,0.7564689219661912,-0.5938867743817017,-0.49137348829626326,-0.993261054829151,-0.27311662504771334
29.16,0.6657683424469822,0.7111216342638407,-0.4060214985784802,-1.5307549153720703,0.5058469216647379,0.4645962617713659,0.371787967943675,0.7158491403489629,-0.6032790474644558,-0.5016103836431302,-0.9878169336719935,-0.2965912309612588
29.17,0.6610474882398693,0.7069498612917047,-0.4145413177409967,-1.5176408256394536,0.5090891439202909,0.46848025886858297,0.3697780836983921,0.765196548960318,-0.612559460840362,-0.511756201680104,-0.9745704743682819,-0.284984180957402
29.18,0.6562784975900914,0.7027206348471432,-0.4211502473504858,-1.5037014412336358,0.5122585383943659,0.4722949615248131,0.3674465038017399,0.7463523749232445,-0.6217261031301677,-0.5218097799374187,-0.9698587060556544,-0.2773815223407522
29.19,0.651462210787786,0.6984519564522316,-0.42492076945290297,-1.5436370503044134,0.5153547828956176,0.4760355136250761,0.3585164480846386,0.7432397870591195,-0.6307771013366957,-0.5317707868875239,-0.9579603802462121,-0.28536878991285464
29.2,0.6465994768964368,0.6941185034916972,-0.4282062269755925,-1.5119019195096137,0.5183775745015561,0.479716196955904,0.34824101877778557,0.7524825989489066,-0.6397106214977819,-0.5416309473980596,-0.9495868635612649,-0.2687196546664378
29.21,0.6416911535519391,0.6897275306300334,-0.4371193837637987,-1.5221346149747055,0.5213266296264281,0.4833248913100841,0.3412324269985802,0.7739787376778783,-0.6485248693239412,-0.551392947435141,-0.9413469708080725,-0.2765193856487603
29.22,0.6367381067596587,0.6852825770922991,-0.4419782389383933,-1.5059668357987572,0.5242016840832489,0.48686265895549463,0.3380469496177626,0.7663827650541096,-0.6572180908203662,-0.5610541341310671,-0.9326338399765273,-0.28440912836932897
29.23,0.6317412106894507,0.6807855341761962,-0.44591319970516724,-1.5080434349634146,0.5270024931399675,0.490329735737814,0.3273032523092117,0.7649391049268096,-0.6657885728931603,-0.5706121967966625,-0.9195071596541253,-0.2700384359342272
29.240000000000002,0.626701347468781,0.6762377244604563,-0.4518220615862987,-1.508922320929215,0.5297288315697368,0.49372596489736714,0.32444965675196163,0.7581328063451375,-0.6742346439394308,-0.5800650297909226,-0.9093487940748668,-0.2968128115653681
29.25,0.6216194069739291,0.6716400831409246,-0.45630865644875956,-1.5232463589371952,0.5323804936953013,0.4970511128228515,0.31529418518394564,0.7827298022113625,-0.6825546744211091,-0.589410603673702,-0.9021444103796561,-0.29198363434025726
29.26,0.6164962866193597,0.6670302687863003,-0.4546465462528233,-1.5658488431111919,0.5349572934274562,0.5002920069846661,0.30591420104982847,0.7610031574078763,-0.6907470774222336,-0.5986516414036479,-0.8920321753000696,-0.28438022681285025
29.27,0.6113328911453078,0.6623530293789975,-0.4640229350445506,-1.5526226673604853,0.5374590642975913,0.5034831701129054,0.29894796107457283,0.7648074590000452,-0.6988103091894453,-0.6077738976305415,-0.8798716075452432,-0.3118462422390223
29.28,0.6061301324036239,0.6576141322932939,-0.4683933088252733,-1.5289964778410623,0.5398856594842996,0.5065979410790604,0.29486166318408225,0.782601911139712,-0.7067428696555569,-0.6167841868921459,-0.8671822133203599,-0.26699632463780343
29.29,0.6008889291419434,0.6528373798242614,-0.47399089608400274,-1.559624866314299,0.5422369518340471,0.5096308802833316,0.2868620400656624,0.7812626044234133,-0.7145433029459016,-0.6256835265885293,-0.8603240776921449,-0.28300040201598586
29.3,0.5956102067862072,0.6480060098927918,-0.4797031447721041,-1.5427568179439772,0.544512833875898,0.5126008380419538,0.284423312929893,0.7994395765067951,-0.7222101978673587,-0.634462493743884,-0.8463167325385408,-0.27451794884749403
29.310000000000002,0.5902948972216402,0.6431238689908089,-0.48488243947783255,-1.5085113160111145,0.5467132178302909,0.5154946049352703,0.2711420026027537,0.7952497795006571,-0.7297421883797581,-0.6431243788211255,-0.8388061182654001,-0.2704341786423443
29.32,0.5849439385721659,0.6381956755727373,-0.4898518805619988,-1.492945088313059,0.5488380356118595,0.5183137381681499,0.2674545354554917,0.8109061845921126,-0.7371379540495882,-0.6516668558068397,-0.824980295796242,-0.2798760913575493
29.330000000000002,0.5795582749783748,0.6332238628082284,-0.494386597076903,-1.5054604601293295,0.5508872388263144,0.521058860832897,0.2570562140171991,0.8115229736530661,-0.7443962204857268,-0.6600879105559803,-0.8111611924247533,-0.276712219477396
29.34,0.5741388563740857,0.6282099074573089,-0.4967967193481531,-1.5021517673359304,0.5528607987613654,0.5237301872622049,0.25033100772643396,0.8040932255084061,-0.7515157597571083,-0.6683857526485608,-0.8012399766655702,-0.2741146325092396
29.35,0.5686866382615261,0.6231697069509509,-0.49478028967755394,-1.550972798629525,0.5547587063717028,0.5263209816618378,0.24733355514807306,0.8118072482238984,-0.7584953907921135,-0.6765614157588373,-0.7856179281379662,-0.285031536239197
29.36,0.5632025814852253,0.618081808803718,-0.5077639894238524,-1.5168407973514886,0.556580972258041,0.5288494980075926,0.2372629154545991,0.8105192090245026,-0.7653339797595291,-0.6846060675790404,-0.7776336602936031,-0.2934475920285093
29.37,0.5576876520046492,0.6129488457533996,-0.5074422009979573,-1.4873467381741772,0.5583276266402292,0.5313009608719443,0.2322564598829029,0.8184770579816176,-0.7720304404309736,-0.6925238880979142,-0.7634947028307916,-0.2827410286505313
29.38,0.5521428206656502,0.6077751965579917,-0.5142305685320406,-1.4819038556517703,0.5599987193244388,0.5336768350048636,0.2215094842426337,0.8152768161749802,-0.7785837345245736,-0.7003128993903851,-0.7505150745686079,-0.2892854064002986
29.39,0.5465690629707678,0.6025632633368863,-0.51480071457006,-1.5088366339474537,0.561594319664441,0.5359777456917367,0.21584607950899845,0.8223304011684559,-0.7849928720298391,-0.7079713889016619,-0.7389490161710573,-0.30385672818489556
29.400000000000002,0.540967358848468,0.5973144705234381,-0.5197767605833663,-1.4868084720408419,0.563114516516986,0.5382040046034419,0.20885357501431914,0.83193463013615,-0.791256911513533,-0.7154978314807978,-0.7250863192300175,-0.2924285420551453
29.41,0.5353386924213497,0.5920299610426808,-0.5221513395922421,-1.4939286817158868,0.5645594181912931,0.5403556460544783,0.20112169025337703,0.8388219937106125,-0.7973749604064823,-0.7228908632957917,-0.7137932814813995,-0.30175107222196784
29.42,0.5296840517733657,0.5867106969857647,-0.5270227010523997,-1.4897130609854705,0.5659291523926847,0.5424326648525731,0.19226638864362575,0.8416542524381843,-0.8033461752711908,-0.7301491879746724,-0.7023353046096645,-0.30897768715116347
29.43,0.5240044287161723,0.5813576402670726,-0.5291027903602419,-1.483678340817533,0.567223866160361,0.5444350387705638,0.18515047850762453,0.8211308373089446,-0.8091697620501279,-0.7372715724450932,-0.6860559387848278,-0.2931338306816049
29.44,0.5183008185545956,0.5759717115290485,-0.5335459131655553,-1.5011864827527357,0.5684437257993499,0.5463627537530727,0.18096781376916693,0.855549765118925,-0.8148449762946601,-0.7442568337202612,-0.6732293352686036,-0.30433023838987133
29.45,0.5125742198513198,0.5705537650213555,-0.5349303007900453,-1.5047727784138771,0.5695889168066512,0.5482158504381803,0.1711330189375857,0.8458123151045718,-0.8203711233744613,-0.7511038212474451,-0.6603933232747962,-0.29773156294472225
29.46,0.5068256341908279,0.5651257815632911,-0.5368223753458512,-1.5629390504703662,0.5706596437915944,0.549987717583922,0.1625106944562057,0.8413025564510057,-0.8257475586674015,-0.7578141580261477,-0.6441502266810548,-0.3149631925507463
29.47,0.501056065942678,0.5596746508440428,-0.5363785362884075,-1.5804170878580686,0.5716561303904457,0.5516902669635528,0.1606327570610736,0.824402436855968,-0.8309736877297631,-0.7643820088622132,-0.6322975928967572,-0.289387067381759
29.48,0.495266522024135,0.5541741749889444,-0.5440540674770772,-1.504046452672099,0.572578619175274,0.5533269680258472,0.1502162611596821,0.8523748198228792,-0.8360489664468014,-0.770804925870061,-0.6207436875566229,-0.2998115830503391
29.490000000000002,0.4894580116622733,0.5486371476037725,-0.5466482097689724,-1.5202111983765185,0.5734273715571298,0.5548845584256077,0.14136658553373255,0.856158038067519,-0.840972901163513,-0.7770873373761542,-0.6090898181850584,-0.28319566251785666
29.5,0.483631546155555,0.5430902785354227,-0.5484848894505664,-1.6732566368045967,0.5742026676835361,0.5563526095269145,0.13677515787555652,0.9999188731163228,-0.8457450487956315,-0.78323211804224,-0.5956028570048956,-0.29384160878681437
29.51,0.4777881386349492,0.5375337465477225,-0.5522152195475171,-1.5966076854562434,0.5749048063303641,0.5577611967773975,0.1300371463296341,0.8525387903640673,-0.8503650169207821,-0.7892280213955728,-0.5808740755331311,-0.31665593230256966
29.52,0.47192880382470337,0.5319732026760439,-0.5577730824647086,-1.6800275545415233,0.5755341047880815,0.5590880860673458,0.12166621007586173,0.8483086119714344,-0.8548324638497413,-0.7950814970925745,-0.5642383764726276,-0.3055443727015124
29.53,0.4660545578027523,0.5263443911920785,-0.5574702216190226,-1.5582578747830753,0.5760908987424505,0.5603613958535705,0.11636797539114971,0.858113312159191,-0.8591470986778343,-0.8007812285665078,-0.5498410118679066,-0.3005653631464784
29.54,0.46016641776087686,0.5206747534529556,-0.5631324260570771,-1.506678569435535,0.5765755421496928,0.5615510491103618,0.10584439208917734,0.8513631356706642,-0.8633086813163876,-0.8063384068711364,-0.5365142373378018,-0.2829127797663304
29.55,0.454265401764637,0.5149764225563009,-0.5649031963576862,-1.48405267081811,0.5769884071061557,0.5626629506493224,0.10193393757602659,0.8868746669804873,-0.8673170225042951,-0.8117502529716334,-0.5224719907406612,-0.29426819537191296
29.560000000000002,0.44835252851318286,0.5092549724337055,-0.5640972240955549,-1.4804000902556178,0.5773298837125425,0.563699815931048,0.09197189892132372,0.8736814428712134,-0.8711719837996337,-0.8170151547261068,-0.5069432395980524,-0.28924341009848487
29.57,0.442428817098938,0.5035131442308711,-0.5645779129405727,-1.4560281619680304,0.5776003799327242,0.5646629992202397,0.08589763922150423,0.8640669975451928,-0.8748734775513909,-0.8221321090404486,-0.49383707222909934,-0.29902483198498186
29.580000000000002,0.43649528676726435,0.4977525479219643,-0.5723428435427796,-1.4691099708937745,0.5778003214472025,0.565553134332765,0.08050657975917011,0.87603514277723,-0.878421466851294,-0.8271004478430728,-0.4782783788647632,-0.302819732109774
29.59,0.4305529566761747,0.49197442212022086,-0.5732009696857739,-1.4793239043514343,0.57793015150124,0.566370659040412,0.07286448154374744,0.8847157333522669,-0.8818159654657524,-0.8319196477189885,-0.4656243092811788,-0.31441245860065326
29.6,0.42460284565608436,0.48617973686020066,-0.5730713138325533,-1.4689634642271052,0.5779903307477471,0.5671159361224449,0.06632452067661923,0.8916156056374539,-0.8850570377479895,-0.8365892671243027,-0.4507541957561425,-0.31759941357182575
29.61,0.41864597196975506,0.4803694709607746,-0.5756657535388932,-1.446701558634096,0.5779813370849208,0.5677892256103948,0.05939759186279563,0.900294691221055,-0.8881447985303469,-0.8411089600451103,-0.43514270563600926,-0.29050378279715816
29.62,0.4126833530724057,0.47456724893738883,-0.5764400480223882,-1.5282254374826207,0.5779036654887441,0.5683838913612702,0.0516263150150776,0.8800659835610879,-0.891079412996867,-0.8454812212167417,-0.42616873592593935,-0.2926023773972347
29.63,0.40671600537210817,0.46873598521348886,-0.5766468644959312,-1.489529734648542,0.5777578278403528,0.568919960154734,0.0467313976263862,0.8893677025617462,-0.8938610965361555,-0.8496979421716647,-0.40878604187246953,-0.3049218576252919
29.64,0.4007449439904798,0.46288547951652187,-0.57924061879341,-1.4796204190902478,0.5775443527483495,0.5693815661242718,0.0367330195246707,0.9069614703201234,-0.8964901145746402,-0.8537652913378116,-0.39463311823591996,-0.3063915465105072
29.650000000000002,0.39477118252379073,0.4570205702124408,-0.5803849317689614,-1.4465599740098958,0.5772637853661112,0.5697711074163071,0.028679680666769045,0.9140085503697516,-0.8989667823902446,-0.857682357902453,-0.37985541279844887,-0.29988254074655984
29.66,0.3887957328044738,0.4511438149771747,-0.5837885111156172,-1.455933264197098,0.5769166872041455,0.570089826348243,0.02459169724068212,0.9002925730087041,-0.901291464906615,-0.861448693418452,-0.36439357601876393,-0.2926729500881984
29.67,0.38281960466314074,0.44525680743273766,-0.5838435429698123,-1.4671364787689536,0.5765036359375719,0.5703385303731888,0.01672742950860395,0.897820162823356,-0.9034645764679226,-0.8650640844754213,-0.35078192130068053,-0.30911852466506806
29.68,0.3768438056911818,0.4393608002945773,-0.5815712287326253,-1.433419284103683,0.576025225208752,0.5705177456530414,0.009054520202456808,0.9169706959267492,-0.9054865805944068,-0.8685284773119362,-0.33453624057749926,-0.30580499414512907
29.69,0.3708693410039255,0.4334567989351109,-0.5860558033487799,-1.4674450539998045,0.5754820644251801,0.5706280262220138,0.004900496378596549,0.9128217730704384,-0.9073579897186912,-0.8718418713299042,-0.3191976357102651,-0.3356040660003655
29.7,0.36489721300452127,0.4275758753516854,-0.5817634681950161,-1.5000828634046233,0.5748747785526451,0.5706633054594146,0.0005294133045381125,0.8848327953012344,-0.9090793649030533,-0.8750070138891248,-0.3058139264284957,-0.33339023117582217
29.71,0.35892842114851997,0.42162920227984024,-0.5925548670922632,-1.5190111455028301,0.5742040079037711,0.5708772568252484,0.04328070687280969,0.8742429023906552,-0.9106513155376998,-0.8780388039034333,-0.3037101763717416,-0.33283279497533
29.72,0.35296396170925737,0.41568738090348323,-0.5950501186625178,-1.487710892709849,0.5734704079219866,0.5710466766561977,0.03276873360161509,0.5654326414116706,-0.9120744990202372,-0.880903844180584,-0.2823927069448179,-0.3689783994912837
29.73,0.34700482754406264,0.40977189238831996,-0.5890224154203664,-1.5414743282955083,0.5726746489609696,0.5711216283151249,0.01718833278401628,0.5526632110244415,-0.9133496204164144,-0.8836170162746118,-0.2739124613539017,-0.36434702576275696
29.740000000000002,0.3410520078614052,0.40387167729741735,-0.5844582493474518,-1.3289596346646637,0.5718174160596817,0.5711587754754521,-0.018707124473044026,-0.3782242090834918,-0.9144774321023171,-0.8861626371161004,-0.24409903335071506,-0.2800234512573282
29.75,0.33510648798896103,0.39796891185686295,-0.5918873570451976,-1.7429445890831154,0.5708994087130241,0.5711700330166468,0.011419735633264691,0.5127812237031751,-0.9154587333881512,-0.8885861882058221,-0.24005441591112983,-0.3817030989838299
29.76,0.3291692491427078,0.39206578518371843,-0.585095136613018,-1.356421028885756,0.5699213406381932,0.5710320017358551,-0.03838298545121758,-0.3907985745767844,-0.9162943701237648,-0.8908278400769369,-0.2132685137584634,-0.2632623766990867
29.77,0.3232412681971239,0.38612925969110773,-0.592751260007163,-1.6297942778461119,0.5688839395368339,0.5708770173829062,-0.007470078491814312,0.4922426585782062,-0.9169852342860825,-0.892948539866471,-0.20922964139355776,-0.3888327853586894
29.78,0.317323517456458,0.3801757824597688,-0.5876108788450763,-1.2911696135343904,0.5677879468530306,0.5707847034840163,-0.0023478839309540632,-0.6149080712892212,-0.917532263548617,-0.8949229316122459,-0.19531812930507153,-0.3144512224042837
29.79,0.3114169644272414,0.374237874768106,-0.5910880450804242,-1.3273860600833054,0.5666341175272317,0.5706163655858592,-0.010680228125516288,-0.6302763065527454,-0.9179364408332344,-0.896736850558504,-0.17828560227626847,-0.3150951887145986
29.8,0.30552257159200363,0.36829151277754824,-0.5866977532861879,-1.4193464071657553,0.565423219746186,0.5704870070100972,-0.015148003443356529,-0.7585602105953412,-0.9181987938443676,-0.8984060289182105,-0.1661713915092302,-0.31686384310845245
29.810000000000002,0.2996412961843008,0.3623647402114,-0.5875282062159977,-1.4131342656736883,0.5641560346889537,0.5702576969809945,-0.026478736116848797,-0.7778194151502151,-0.9183203945858527,-0.8999249666979263,-0.14949428496698772,-0.31393566938562273
29.82,0.2937740899650957,0.356448118064281,-0.5841547057059682,-1.4625063402839311,0.5628333562690914,0.5699268733790387,-0.03818677557183301,-0.7743815190451052,-0.9183023588606128,-0.9012971918224757,-0.1318947233246555,-0.33741439594543504
29.830000000000002,0.2879218990005364,0.3505382845924814,-0.5813246613765625,-1.429853964560998,0.5614559908730637,0.569496989696909,-0.04836029347628075,-0.7557736586557771,-0.9181458457533708,-0.9025242598016276,-0.12389910894994322,-0.32489915878014586
29.84,0.2820856634412092,0.34463460271748475,-0.5859640572426417,-1.4523838275309986,0.5600247570950021,0.5689714892370648,-0.053875506464649336,-0.7565799197380099,-0.9178520570966147,-0.9036072412647935,-0.10936809739475296,-0.3302850842163494
29.85,0.27626631730288526,0.3387374513235869,-0.582931107694483,-1.4513504528784658,0.5585404854678555,0.568354193009523,-0.07211412269729196,-0.782114428295236,-0.91742223692004,-0.904546989394865,-0.09545007468190364,-0.325873242166377
29.86,0.270464788248875,0.3328477045580711,-0.5814092503571248,-1.4319934346393075,0.5570040181910352,0.5676487235123172,-0.07549614433771375,-0.770271578618487,-0.9168576708836845,-0.9053443570118376,-0.07978886932207388,-0.3391599091655988
29.87,0.2646819973739488,0.3269810414463925,-0.5812656651519473,-1.563963153565337,0.5554162088546473,0.5668492825228112,-0.08804454527411558,-0.6573659375153369,-0.9161596856949936,-0.9060034725403873,-0.06443468722884818,-0.3421522525001288
29.88,0.25891885898999445,0.3211209874690462,-0.5812975750398317,-1.4354139539818318,0.5537779221603699,0.5659843324434962,-0.09405836302585469,-0.752762789019965,-0.915329648510063,-0.9065165213256171,-0.0515952840901839,-0.3441125689100015
29.89,0.2531762804133546,0.31526230148859624,-0.5790982128407058,-1.4326923888932845,0.552090033639092,0.5650375979619777,-0.09927356506846331,-0.7482476361993141,-0.9143689663192881,-0.9068907721924504,-0.038091144377642126,-0.35176980018673976
29.900000000000002,0.2474551617539724,0.3094118240639221,-0.5792419383982165,-1.4140301401918223,0.5503534293653957,0.5640133835555077,-0.10767982639897494,-0.758574346702428,-0.9132790853176839,-0.9071270616321218,-0.024905002035265647,-0.3415282703697996
29.91,0.24175639570635796,0.3035727601759451,-0.576658310547162,-1.4215115094228474,0.5485690056689445,0.562915572700081,-0.11124825069596153,-0.7518689948452664,-0.9120614902601328,-0.9072259512194049,-0.0101890283154908,-0.3250199227852169
29.92,0.23608086734243436,0.2977543359380135,-0.5764797486786613,-1.3966749590344842,0.5467376688429076,0.5617556818360743,-0.11585154808280644,-0.7172122430549048,-0.9107177038018127,-0.9074624392328795,-0.06130180011348842,-0.34683428513794995
29.93,0.2304294539063355,0.2919548280470703,-0.5730791415756699,-1.444928207952427,0.5448603348494828,0.5605094993806687,-0.13354694282295307,-0.7798420224032662,-0.909249285824101,-0.907579808603766,0.009841857822383854,0.26955375205390436
29.94,0.2248030246111606,0.2861977937343885,-0.5679746886447726,-1.4938805186880868,0.5429379290226142,0.5592086569030549,-0.13323540743943416,-0.7094619925610549,-0.9076578327461966,-0.9076447883988589,-0.027448632361056186,-0.2487195152612488
29.95,0.21920244043779435,0.2804268029946735,-0.5702480806604883,-1.4415846052015195,0.5409713857680171,0.5578461361407322,-0.14027540029288307,-0.7948542125233496,-0.9059449768227689,-0.9074281991877239,0.04107436443123385,0.2414147804670862
29.96,0.213628553935783,0.2746859414678216,-0.5659897670405672,-1.5812950285396503,0.5389616482605661,0.5564179473732506,-0.1453826210968765,-0.6780725666455255,-0.9041123854279074,-0.9073163333412962,-0.008145686774204417,0.28615284419960757
29.97,0.2080822090263589,0.2689551229086485,-0.5705535169177409,-1.4763540184035604,0.5369096681391831,0.5549392381480703,-0.1533601205967066,-0.7573066483122877,-0.9021617603256653,-0.9070529402680687,0.012820242406480043,0.3661260995303521
29.98,0.20256424080763885,0.2632326727416143,-0.5667629902513346,-1.4026780243278933,0.534816405199281,0.5533968981069612,-0.15580703328223106,-0.7196531204305704,-0.9000948369275057,-0.9067630818146535,0.02569154111756175,0.3396538568317636
29.990000000000002,0.1970754753620556,0.2575236883885848,-0.5669432419413805,-1.397003317581048,0.5326828270828892,0.5517941233189178,-0.1624854651339064,-0.7049578347383106,-0.8979133835369384,-0.9062952704353824,0.04312089705981921,0.35686231514917505
30.0,0.191616729566061,0.25183401081934986,-0.5636482544489819,-1.3694092272190508,0.5305099089665484,0.5501352917286131,-0.16870061830859373,-0.7257488590652049,-0.895619200581665,-0.9056547659306594,0.060540921729103477,0.3559852837993392
30.01,0.1861888109021425,0.2461664820235379,-0.5606362797559751,-1.3760526355893743,0.528298633247047,0.5484230844914428,-0.17150254054451586,-0.6998342883548828,-0.8932141198335414,-0.9048470623835356,0.07709679059231785,0.38114362887075814
30.02,0.18079251727323897,0.24052273225565882,-0.5589716694640054,-1.3557404970888463,0.5260499892251469,0.546659397771239,-0.1775542388616563,-0.7160331778134542,-0.8907000036166927,-0.9038775418465637,0.09423242162439624,0.32733604931530835
30.03,0.17542863681951848,0.2349038391361439,-0.5580475918077968,-1.374192441788592,0.5237649727873492,0.5448458554189279,-0.18573397195098676,-0.6924590164827915,-0.8880787440040521,-0.9027513327053698,0.10746612940223295,0.341186186203717
30.04,0.17009794773767134,0.22931073606136612,-0.5548521643297819,-1.3582273724440914,0.5214445860858223,0.5429838525619001,-0.18878171513563144,-0.6999330654053408,-0.8853522620027472,-0.9014733165646527,0.12274217256875389,0.36513526653705963
30.05,0.16480121810266063,0.22374422814548797,-0.5512419501697312,-1.353899726328313,0.5190898372165963,0.5410747785988856,-0.193658849814217,-0.7090391367156464,-0.8825225067285427,-0.9000480900248774,0.13901639462812454,0.34989816921202666
30.060000000000002,0.1595392056920455,0.21820502034377165,-0.551465074675723,-1.3552139380695625,0.5167017398960996,0.5391199699821934,-0.1956828608000054,-0.7094878468656494,-0.8795914545697959,-0.8984800044046279,0.1451241177728487,0.35218172432152633
30.07,0.1543126578128827,0.2127120878973912,-0.5430680693193525,-1.4287017008704643,0.5142813131361701,0.5371126280647883,-0.20042275499073406,-0.6716611109946808,-0.8765611083411724,-0.8967762609646028,0.1639951000721263,0.3554971379061256
30.080000000000002,0.1491223111312558,0.20723872472714766,-0.5421359912721624,-1.3593725885516332,0.5118295809176149,0.5350761796942888,-0.20076587232060575,-0.722508497790138,-0.873433496427514,-0.8949324838013943,0.17454576955764328,0.34954506226352683
30.09,0.14396889150449615,0.20180126884980285,-0.5360671023692352,-1.358916406607796,0.5093475718624362,0.5329813556651644,-0.21364929232593563,-0.700168978290657,-0.8702106719182188,-0.8929624794456342,0.18564758571878778,0.35117809095654173
30.1,0.13885311381608936,0.19640100364360208,-0.5392015409738639,-1.4000381106157924,0.5068363189048176,0.5308639155382012,-0.21295151241768936,-0.6978586294709757,-0.8668947117324339,-0.8908609452039168,0.19902089247432525,0.35481230032166483
30.11,0.13377568181337368,0.19101319947440687,-0.5304477637704329,-1.3480854067784236,0.5042968589609784,0.5287045549795643,-0.21381369736711162,-0.6995850029382487,-0.863487715735473,-0.8886348301296316,0.21151197080020873,0.35915047449847204
30.12,0.12873728794798814,0.18565087391630883,-0.5298709296472521,-1.3557327095765954,0.5017302325979862,0.5265030400852614,-0.22322596613293302,-0.6862460873596844,-0.8599918058467768,-0.8862895247412885,0.22259884387784118,0.33166131474360455
30.13,0.12373861321919896,0.18031880522750926,-0.5269217815643661,-1.3375029586673157,0.499137483701663,0.5242627591676394,-0.2224629558108385,-0.6907647063465349,-0.856409125139814,-0.8838273969861266,0.2339223176297639,0.3534234418320296
30.14,0.1187803270200597,0.17501939476503364,-0.5245174992869038,-1.337725894028162,0.49651965914362867,0.5219857705549488,-0.2255975925913991,-0.699392859386702,-0.8527418369342457,-0.8812512122351323,0.24597664474255368,0.3413816876940334
30.150000000000002,0.11386308698651043,0.1697539870368034,-0.5193297393276829,-1.3240010441138559,0.49387780844766194,0.5196736417599567,-0.22897147456219683,-0.6841816054403748,-0.848992123880783,-0.8785638388417415,0.2577328707331838,0.3740167967685985
30.16,0.10898753884940385,0.1645235561552836,-0.5141423666756735,-1.3144198316546813,0.49121298345541103,0.5173276359390402,-0.23117586208239488,-0.6989244418552223,-0.8451621870390479,-0.8757681732478326,0.2706259612323199,0.32591850897988967
30.17,0.10415431628951827,0.1593289251987025,-0.5153609237451632,-1.3186179811175107,0.48852623799159933,0.5149489546982933,-0.23911680250689293,-0.7001167179390304,-0.8412542449488455,-0.872867069295032,0.27702430753142027,0.3427764387572038
30.18,0.09936404079559819,0.15417073325816003,-0.510848628499386,-1.3077069823593925,0.48581862752883487,0.5125387529303683,-0.23600744140092828,-0.6943431774276753,-0.8372705326952349,-0.8698633294054213,0.2849333936425582,0.3572059556791093
30.19,0.09461732152542326,0.14904966557176502,-0.5068702197779367,-1.316399495284815,0.4830912088520782,0.5100981373129652,-0.24099910288251628,-0.6901288737954576,-0.8332133009677349,-0.8667597217421018,0.29701772957457534,0.3430140512917766
30.2,0.08991475517000333,0.1439862184962116,-0.5019833508538242,-1.3545895808056128,0.4803450397229497,0.5076220247732139,-0.24313655091495986,-0.686547839604989,-0.8290848151141148,-0.8635613987196966,0.30857250231127326,0.3396977805745685
30.21,0.08525692582084388,0.13894788025103866,-0.495732376718095,-1.3140983452008352,0.4775811785438957,0.5051289279243371,-0.2468506598826657,-0.7025261757656562,-0.8248873541890771,-0.8602642532710774,0.31378476614692297,0.3430556711058762
30.22,0.0806444048404078,0.13394295930863018,-0.49223554754385707,-1.299403571283647,0.4748006840223953,0.5026056666773533,-0.25184677698742675,-0.6748388729856987,-0.8206232099982864,-0.8568764090583519,0.3277660148151023,0.31734023975323034
30.23,0.0760777507357287,0.12897557593869677,-0.4888147037444208,-1.309006490364244,0.4720046148352557,0.500055063900551,-0.24925656257520434,-0.6788599284498728,-0.8162946861380829,-0.8533998485569799,0.33412164267275635,0.3072179176497771
30.240000000000002,0.07155750903525962,0.12404769760994686,-0.4917753093344335,-1.2893272016615471,0.46919402929312654,0.4974790455747665,-0.25669856477960074,-0.6750400867422497,-0.8119040970313118,-0.849836830233631,0.34170357040269794,0.3274759893641722
30.25,0.06708421216895075,0.1191605698949313,-0.48483942436789207,-1.2944216950357854,0.46636998500534266,0.49487896947694965,-0.2575116540198138,-0.6953817636459688,-0.8074537669596182,-0.8461898025378378,0.35041566369576443,0.32748793238438956
30.26,0.06265837935160992,0.11431505580401949,-0.47969256227411755,-1.2915945795855133,0.46353353854516455,0.49225608198711146,-0.2614592740455508,-0.6907520120200579,-0.8029460290926421,-0.8424612391632593,0.35882315801911074,0.32477459421409627
30.27,0.058280516469566085,0.10951178958776238,-0.47413178004181117,-1.2859803071063225,0.4606857451155747,0.4896115528995511,-0.2615472212427974,-0.6861969769318532,-0.7983832245144806,-0.8386536214193855,0.3660967493756763,0.35033561040949085
30.28,0.053951115970647806,0.10475140874184759,-0.4707072953007595,-1.284141871607238,0.45782765821568194,0.4869464198823877,-0.2603173226264398,-0.6792833022764039,-0.7937677012478117,-0.8347694606352513,0.37235589353793624,0.32531085375479696
30.29,0.0496706567575457,0.10003447352729049,-0.46394096694357334,-1.2828977663463297,0.4549603293078682,0.4842618313893165,-0.268543213589924,-0.699332728014064,-0.7891018132761043,-0.8308112196849028,0.3801156269870962,0.31484506062430245
30.3,0.04543960408451808,0.09536156058795522,-0.46301230410427335,-1.2858600546627657,0.45208480748576957,0.48155882071666606,-0.2682341338531704,-0.6800688822416876,-0.7843879195642594,-0.8267813829200051,0.38841767236365343,0.34081731787056846
30.310000000000002,0.0412584094575455,0.0907487368273209,-0.4544377934675361,-1.3604344528985333,0.4492021391431975,0.47883149598488406,-0.27161106013289243,-0.6787858277980525,-0.7796283830781543,-0.8226850681730075,0.3942717130544411,0.3196764958435238
30.32,0.03712751053789032,0.08618519995326143,-0.4494897877267965,-1.4107294413248255,0.44631336764410157,0.4760923187597989,-0.2709927562022669,-0.5980029224380113,-0.7748255698034092,-0.8185202208549464,0.39729295665179437,0.33225024396869407
30.330000000000002,0.0330473310491102,0.08165877294049004,-0.4514087373268704,-1.3018639147866107,0.4434195329936784,0.47334813910708895,-0.27113476648305257,-0.6808956904817758,-0.7699818477638206,-0.8142877320490994,0.40526719453590204,0.33097869244651085
30.34,0.02901828068757034,0.07716860448527255,-0.4426854020127561,-1.2836248257431568,0.4405216715107261,0.4705855138936756,-0.2715951347901141,-0.6849927249351858,-0.7650995860398639,-0.8099947228759387,0.4093208728013447,0.3190325716180032
30.35,0.025040755036431356,0.07272138775739918,-0.4394125803404614,-1.2592870307218509,0.43762081550134646,0.4678075648252216,-0.2739913911606453,-0.6776244543938895,-0.7601811537876253,-0.8056432203246618,0.4152401675230418,0.31381290347828106
30.36,0.021115135483172898,0.06832005750620183,-0.4384612111849646,-1.2549329958294255,0.4347179929341002,0.46501666110921863,-0.27338883009389975,-0.6821462129137571,-0.7552289192586021,-0.8012351390496875,0.4234732471158155,0.3328082087197771
30.37,0.017241789140646863,0.06396598587000464,-0.4294589781344986,-1.2434678839722506,0.43181422711670214,0.46221448767724205,-0.2771065716864131,-0.6754510860405857,-0.7502452488207446,-0.7967726557021357,0.42817670156900384,0.3240590095637191
30.38,0.013421068771704597,0.059660095139442405,-0.4285330437909722,-1.2386610898196908,0.42891053637439014,0.459402258644778,-0.2785201581091637,-0.6886223297539853,-0.7452325059811488,-0.7922581180000517,0.43292904359461537,0.3135810942164032
30.39,0.009653312717377766,0.05540296959605655,-0.42041136540399676,-1.2764362156372842,0.42600793373000967,0.4565811435331484,-0.28059771232896424,-0.6805444097934227,-0.7401930504107751,-0.7876938875961286,0.4355434711040366,0.3182499324642998
30.400000000000002,0.005938844828680623,0.0511951050117757,-0.4167765975448522,-1.2373068424355984,0.42310742658598094,0.45375222006672683,-0.27610811343174,-0.6995344245350185,-0.7351292369716302,-0.7830823561933231,0.4405999522443681,0.3196873648454757
30.41,0.0022779744020015036,0.04703692584960755,-0.41083168746323945,-1.2335232083091727,0.42021001640819966,0.4509165414901052,-0.2781190373246129,-0.6900590445512965,-0.7300434147467493,-0.778425915658361,0.4460632350835793,0.32996882365684443
30.42,-0.0013290038818667138,0.042928835391902696,-0.4056098630128401,-1.2407005077185689,0.41731669841197216,0.4480751574285257,-0.28177819612028554,-0.6801884269330302,-0.7249379260734267,-0.7737269552878586,0.4493592785108947,0.3315495669666911
30.43,-0.004881810015054999,0.038887143489310605,-0.3972101694945674,-1.268509244564629,0.4144284612501261,0.4452240058708625,-0.27587070734421365,-0.6881608164389952,-0.719815105580059,-0.7689898855638487,0.45642390519744097,0.31685430975397716
30.44,-0.008380178716301784,0.034885641722050116,-0.3936077881767416,-1.250987032955348,0.4115462867033216,0.44237834727321323,-0.28313449062334145,-0.6809226297859173,-0.7146772792269773,-0.7642114802945587,0.4564075360491352,0.3137449253930654
30.45,-0.011823859480951965,0.030951361172621025,-0.3876963270666952,-1.263697624146987,0.40867114937273336,0.4395180805732128,-0.27773956032901004,-0.6965786630599137,-0.7095267633517037,-0.7594016213325647,0.4603399352777881,0.32216260720247625
30.46,-0.015212616627298975,0.027067390557685,-0.38050339018246754,-1.2759293885683936,0.4058040163751432,0.4366645056821679,-0.2817395268995739,-0.715654804214464,-0.7043658637189508,-0.754556303644074,0.4649369699152535,0.3273352159301299
30.47,-0.01854622933920541,0.023227948867041538,-0.38026716317471126,-1.2559827642671866,0.4029458470405657,0.43381712000558137,-0.28172614340345636,-0.7162889247235148,-0.6991968745758371,-0.7496784274610203,0.46263956872845163,0.3254633434611825
30.48,-0.02182449170505532,0.019428181401865162,-0.37322938370254316,-1.2245503255675256,0.40009759261249306,0.43096680161742584,-0.28090045180913326,-0.6825550343024159,-0.6940220777126024,-0.7447727267634442,0.4668732521028284,0.31895199808793
30.490000000000002,-0.025047212752969783,0.015686732460871534,-0.3681251542333245,-1.328478814313976,0.39726019595085177,0.4281084588651162,-0.2790576847102448,-0.6144329438461713,-0.6888437415292901,-0.7398445023930965,0.4742419296088634,0.3337524346065939
30.5,-0.028214216482318838,0.011994674871874712,-0.3630008773145443,-1.2351586497254128,0.39443459123776403,0.425262649756463,-0.28088925834230133,-0.69375593435245,-0.6836641201087169,-0.7348893102873699,0.47370013273348854,0.31159621934280307
30.51,-0.03132534189150507,0.008349340039728129,-0.36098758330837605,-1.2136400073975961,0.39162170368620536,0.4224173473052739,-0.27726437837923007,-0.6815548137635562,-0.678485452296128,-0.7299136203782873,0.4732089670092831,0.3252585546708569
30.52,-0.034380443002010014,0.004848321293945058,-0.3418150357596407,-1.5787552778999223,0.38882244925164766,0.419531545671752,-0.2799679455814643,-0.568318842912919,-0.6733099607859149,-0.7249348915625456,0.4796588776170218,0.33308201815727667
30.53,-0.03737938887870751,0.0014622616647322426,-0.33159209038447063,-1.7454970895542956,0.3860377343467776,0.416678337304755,-0.27667166200302856,-0.6511982444263278,-0.6681398512157521,-0.7199308906480937,0.47495670258417383,0.34127653032179167
30.54,-0.04032206364642871,-0.0017294837164451658,-0.2887289890334113,-2.34532233812784,0.38326845555937983,0.4137614290493817,-0.3007779066381527,-0.36464159924832185,-0.6629773112685345,-0.7149327768091167,0.4772190811757662,0.3735890999618346
30.55,-0.043208366502791806,-0.004948533794803871,-0.33036361577656104,-1.8569982603040789,0.38051549937346485,0.41103943677673255,-0.27003531894168775,-0.9338040534867297,-0.6578245097824499,-0.7098659432393695,0.490859805257791,0.2827299744241131
30.560000000000002,-0.04603821172726727,-0.008294036614677978,-0.33582630465878893,-1.4521992239849897,0.37777974189375113,0.40828383265161433,-0.2724441394539481,-0.7805784725174064,-0.6526835958695949,-0.7047952103082007,0.4869444951628382,0.29585860836287137
30.57,-0.04881152868650793,-0.011651772753010098,-0.3313356165739491,-1.2923292440530896,0.37506204857354647,0.4054976039866795,-0.271524053531114,-0.7221308501259535,-0.6475566980434351,-0.6997325335612106,0.48597352078839223,0.31200467327472553
30.580000000000002,-0.05152826183591688,-0.014969257337608937,-0.32793665670676253,-1.2000026829190475,0.37236327394615487,0.4026983545746329,-0.27498117674483585,-0.6960240336841133,-0.6424459233555079,-0.6946730293097936,0.4863571178792661,0.320807883292159
30.59,-0.05418837071746363,-0.018232381122636254,-0.32640043858035905,-1.206364664599661,0.3696842613598665,0.3999125939827581,-0.26967756402518106,-0.7013117206614644,-0.6373533565416989,-0.6896109592405681,0.4809794518500806,0.3318508134730885
30.6,-0.05679182995375967,-0.021445684884655588,-0.31532472215838636,-1.20708950710556,0.3670258427166153,0.3971362196968613,-0.2728950736737627,-0.6935928253780356,-0.6322810591784207,-0.6845483031660029,0.4873313705190093,0.3336957973049896
30.61,-0.05933862923836972,-0.024601843942987478,-0.310574793383129,-1.161976545273557,0.3643888382144066,0.39437084510741116,-0.27048689909357293,-0.6938378378891774,-0.6272310688490772,-0.6794877292134531,0.4866701422338847,0.31496245787650134
30.62,-0.06182877332239217,-0.02769845954085822,-0.3058120058546334,-1.1658036743147069,0.3617740560935496,0.3916188539891318,-0.2675891107973735,-0.6917858692065662,-0.6222053983210984,-0.674430825797865,0.48981456153958436,0.3214446482559909
30.63,-0.06426228199728609,-0.03073479411253939,-0.3023392332386142,-1.1589922194579396,0.3591822923868345,0.3888817668655456,-0.2738632369311653,-0.6917872940610587,-0.6172060347339271,-0.6693795045563508,0.48410019140152616,0.3045574707522565
30.64,-0.06663919007396543,-0.03371079545365762,-0.29464299600344396,-1.1782523866202212,0.3566143306736655,0.3861606239567283,-0.26662271946807853,-0.6873096034133412,-0.6122349387982498,-0.6643358341629917,0.48236225558236845,0.3056318130187242
30.650000000000002,-0.06895954735815785,-0.0366265774079231,-0.28596330198338327,-1.1663395227240334,0.3540709418382845,0.38345631599721186,-0.26692977411649077,-0.7025393045009154,-0.6072940440068197,-0.6593019251647249,0.4841957560335269,0.3407069896040934
30.66,-0.0712234186220421,-0.03947407425057894,-0.28010629222550726,-1.1572911374121155,0.35155288383212424,0.3807677810427695,-0.26148501546002684,-0.7062719751614075,-0.6023852558571712,-0.6542806685416145,0.48324501705773476,0.3261782921337162
30.67,-0.07343088357216448,-0.042268426338858564,-0.2738889414271675,-1.1764486519068968,0.34906090144036445,0.3781013678903525,-0.26029797067262334,-0.6973751668597905,-0.597510451086548,-0.6492719022244277,0.48020065915503,0.3419578245229055
30.68,-0.07558203681364503,-0.045000593502198524,-0.2667048000538858,-1.1652891647653563,0.34659572605279476,0.3754486358927517,-0.25963667299520665,-0.6969400437227465,-0.5926714769193652,-0.6442807833202085,0.4805101203284629,0.3148316474499272
30.69,-0.07767698781068408,-0.04766265694950566,-0.26683000278574354,-1.1835910227107356,0.34415807543901517,0.37282059951587826,-0.2563320460783952,-0.7408083880972217,-0.5878701503274874,-0.6393071868672847,0.47570501516157887,0.3181291640675833
30.7,-0.0797158608433742,-0.050278714576532664,-0.2571273439341872,-1.1708047833054323,0.34174865352807204,0.370216359239827,-0.2527911998596547,-0.7087207682022171,-0.5831082573036444,-0.6343518380157545,0.475234798766716,0.3322214470089414
30.71,-0.08169879496084084,-0.05284029809409304,-0.254184181912549,-1.1467979531538872,0.3393681501925834,0.3676314084829094,-0.2510541580319939,-0.7138107414930874,-0.5783875521482474,-0.6294195144324413,0.47334340294276206,0.3452584706681139
30.72,-0.08362594393070677,-0.055345172581638874,-0.24420097157966103,-1.1671361045936466,0.33701724103742703,0.3650678025450226,-0.2465369891057944,-0.6865657624149242,-0.5737097567699371,-0.6245116786555576,0.47328547462229403,0.32622965051959857
30.73,-0.08549747618490666,-0.05779256011488446,-0.2408716789761128,-1.1542694772797668,0.33469658719305384,0.3625269051420097,-0.24415410250047923,-0.7043153624045082,-0.5690765600000955,-0.6196300321320665,0.46926892187194735,0.32464924778439225
30.740000000000002,-0.0873135747618608,-0.060175565615657636,-0.23535014142900035,-1.209189393822829,0.3324068351134901,0.3600052329677599,-0.24695794362329732,-0.6645446312333586,-0.5644896169216415,-0.614777977219916,0.4644644684632995,0.327851428450088
30.75,-0.08907443724501823,-0.06250220619715771,-0.22960639070172698,-1.1676154839542534,0.330148616379093,0.35751558042897746,-0.2418152932707584,-0.720958402634857,-0.5599505482123586,-0.6099532306121574,0.4605303785152124,0.3162422065518455
30.76,-0.09078027569779501,-0.06477541949264108,-0.22505280339623224,-1.1607020281644436,0.3279225475041182,0.3550496339549585,-0.23995362766139033,-0.7110153040760749,-0.5554609395030149,-0.60516056971246,0.4615565541193172,0.32947552448980366
30.77,-0.09243131659491202,-0.06699294565131252,-0.21863931684546073,-1.1423640464775326,0.3257292297491614,0.35260877926339723,-0.23736906235405195,-0.6870519209684232,-0.551022340750558,-0.6004018059574655,0.454559942520972,0.3034929789334764
30.78,-0.09402780075016418,-0.06915405490260768,-0.2148056646441717,-1.1353827105893013,0.3235692489385274,0.350194256309228,-0.23534800592686525,-0.707720886544766,-0.5466362656266048,-0.5956785240880988,0.45466962243033676,0.3340593276119507
30.79,-0.09556998324062307,-0.07125861191510434,-0.2069068617974667,-1.1303343368225829,0.32144317528259087,0.34780697644722497,-0.23421689575671367,-0.710708498890126,-0.5423041909215071,-0.590992400506569,0.4496208787900412,0.3278916025421211
30.8,-0.09705813332730204,-0.07330663515941575,-0.19873926198478736,-1.1431021862570725,0.3193515632051904,0.3454476813153085,-0.22865121869124813,-0.7042588867594265,-0.5380275559642012,-0.5863451475159084,0.4460495529182507,0.30764403508501037
30.810000000000002,-0.0984925343723061,-0.07529838176781832,-0.19823768047288198,-1.1257954879418528,0.31729495117613066,0.34311714067265237,-0.2283211558915577,-0.7122819224767151,-0.5338077620581042,-0.5817384298299143,0.4425064050228236,0.3217939403111405
30.82,-0.09987348375247643,-0.07723398812003954,-0.19007226057925392,-1.1342881026708305,0.31527386154881665,0.3408159413557779,-0.22285283899656005,-0.7152299360694196,-0.529646171933257,-0.5771739439815452,0.43922706589465466,0.33989935751163697
30.830000000000002,-0.10120129276956397,-0.07911377842177991,-0.18582967445712065,-1.0978282821603134,0.31328880040309176,0.33854478300199603,-0.2220410799612354,-0.7030733849366819,-0.525544109214948,-0.5726533042177048,0.43834374912660745,0.32152941099181287
30.84,-0.1024762865569453,-0.08093797638768518,-0.18069685720156062,-1.122389094743266,0.3113402573933263,0.3363042599635384,-0.22056772137148395,-0.710093407067936,-0.5215028579090459,-0.5681781308292613,0.4266185630716474,0.3182135451727161
30.85,-0.10369880398291025,-0.08270683528154445,-0.17481059687685174,-1.1396900820937432,0.30942870560178315,0.33409498587587144,-0.21301367279642333,-0.7192647453639112,-0.5175236619042041,-0.5637499914362867,0.42423955642328787,0.33580921196103497
30.86,-0.104869197550535,-0.08442062162353556,-0.16568832028787386,-1.141903542592763,0.30755460139734003,0.33191753096629945,-0.21176651769123694,-0.7274368662484386,-0.5136077244912011,-0.5593704303755521,0.4229555461492797,0.3337624496093949
30.87,-0.10598783329418801,-0.08607608589417229,-0.16456636454141618,-1.1313577071705538,0.3057183842995701,0.3297716768287871,-0.20992094789112326,-0.710233895674093,-0.5097562078995392,-0.5550412849364202,0.41616386370309244,0.3139024727727205
30.88,-0.10705509067266432,-0.08767984334325264,-0.1568191536991402,-1.102474465422805,0.3039204768482678,0.3276603739448992,-0.20560384128232254,-0.7403405729345605,-0.5059702328515514,-0.5507630367442566,0.4116048584398487,0.3081369306088642
30.89,-0.10807136245900176,-0.08923022715048771,-0.15129609540541852,-1.1234019689964172,0.3021612844784198,0.32558216880150204,-0.20480979449520328,-0.7373475534536326,-0.5022508781341435,-0.5465379290035491,0.40524942002326786,0.3284730475578201
30.900000000000002,-0.10903705462699824,-0.09072707682278956,-0.14819817147614248,-1.1214592610716,0.3004411954006859,0.32353783692953786,-0.19956247630306567,-0.7294459713347226,-0.4985991801883832,-0.5423672584668018,0.4015299302066145,0.32080715742134247
30.91,-0.10995258623444024,-0.09217054032602277,-0.14287780008862097,-1.1147563922481258,0.2987605804874176,0.32152801656996477,-0.1992290248250464,-0.7323371052348092,-0.49501613271707695,-0.5382523304860921,0.3949007310513961,0.3406171744580343
30.92,-0.11081838930310524,-0.09355835555980019,-0.13746584988026728,-1.1193871069986108,0.2971197931642433,0.3195507784547765,-0.1920149462095995,-0.7405884004838075,-0.4915026863104943,-0.5341950949132143,0.3911895150271856,0.31304243443678653
30.93,-0.11163490869554508,-0.0948891636694356,-0.1342618572359123,-1.1288445476134759,0.2955191693072686,0.3176105160953917,-0.19083788101949842,-0.7495475762979479,-0.48805974809040414,-0.5301959788392677,0.3847751877043778,0.3161341336380279
30.94,-0.11240260198867934,-0.09616897371400779,-0.12872038308338354,-1.1248458892047135,0.29395902714590794,0.31570972426327015,-0.1829034325353283,-0.758285159710553,-0.48468818137253733,-0.5262553460115214,0.3808039584348188,0.34381525931866
30.95,-0.11312193934425008,-0.09740091943453665,-0.12132152657960672,-1.118573646031143,0.2924396671713876,0.31384452481898273,-0.18257438527237088,-0.7393996332674776,-0.48138880534765355,-0.5223754581261244,0.3682010390445344,0.3202115618107564
30.96,-0.11379340337614864,-0.09858269035690662,-0.11435104786000846,-1.1074068297132271,0.29096137205093925,0.3120153539405267,-0.17345279225624977,-0.7394538961493095,-0.4781623947812825,-0.518557837459199,0.37045248623867383,0.3242979507142349
30.970000000000002,-0.1144174890146576,-0.09971363560906135,-0.11130988316388023,-1.1105411794965925,0.28952440654772404,0.3102231123816084,-0.17600064154963574,-0.7574055111854261,-0.47500967973232044,-0.5148034054497074,0.36248116785667883,0.31529386200849185
30.98,-0.1149947033676454,-0.10079171364052596,-0.10511847237967116,-1.122206123060086,0.2881290174464938,0.30846650513232227,-0.17014840921406538,-0.7387573818896561,-0.4719313452905426,-0.5111136501543216,0.35499970951384946,0.3320316129884625
30.990000000000002,-0.11552556557874481,-0.10181468687162362,-0.09992474649728603,-1.138310153054815,0.2867754334850272,0.3067489638152435,-0.16424409169322463,-0.7348602605284352,-0.4689280313331631,-0.5074891312721113,0.35047823725891186,0.3400373783369463
31.0,-0.11601060668253975,-0.1027813204366189,-0.0957799925151899,-1.1685337065293913,0.2854638652913548,0.3050691201500711,-0.16410032205137937,-0.7418429115281384,-0.46600033230054055,-0.5039308952535598,0.3370978820954516,0.33822447468821637
31.01,-0.1164503694568219,-0.10370572939765924,-0.09140387103660144,-1.1269769919917965,0.28419450532679186,0.30343412876276366,-0.16065476698164674,-0.7618543844901177,-0.46314879699109407,-0.5004374121463533,0.33659352809071236,0.33240305766172723
31.02,-0.11684540827192265,-0.10458194970047731,-0.08657413592300267,-1.1263439977832252,0.28296752783479917,0.3018348042540316,-0.15512130645402677,-0.7566050012637813,-0.46037392837554814,-0.49701321847455676,0.33082740519416415,0.32893008698649173
31.03,-0.11719628893719067,-0.10541352833631012,-0.08056372444957625,-1.1261340495314405,0.28178308879568426,0.30027602927176156,-0.15116717894950205,-0.7541476690476766,-0.4576761834305347,-0.49365746373458746,0.3259240196227918,0.3254989992750146
31.04,-0.11750358854461965,-0.10619514350998852,-0.07497735713388236,-1.1274384318785637,0.2806413258871625,0.29875497981142324,-0.14781363008190207,-0.7593202334477397,-0.455055972991663,-0.49037222981804046,0.3151339599282848,0.3415228987374827
31.05,-0.11776789530969894,-0.10693144265743272,-0.07030983717530062,-1.1074984214387449,0.2795423584507757,0.29727553096247555,-0.14272937730971524,-0.7631011217447572,-0.45251366162607415,-0.48715684941964976,0.3068492860169085,0.32879995219393693
31.060000000000002,-0.11798980840949919,-0.1076212614483221,-0.06546495649054447,-1.0995120920703374,0.27848628746420334,0.2958358575782512,-0.1366985996625126,-0.7828022724424585,-0.4500495675245614,-0.48401289821619276,0.30460947794284576,0.3430616269300023
31.07,-0.11816993781804452,-0.10826444336639204,-0.05953026080575638,-1.1228273497377799,0.27747319551944477,0.29443656859700157,-0.13111408653697232,-0.7744561300794889,-0.4476639624132738,-0.4809409244958978,0.2988019745224087,0.33043834231361646
31.080000000000002,-0.1183089041390231,-0.10886121583018946,-0.05733906133543334,-1.081201178723415,0.2765031468069024,0.29307810044288796,-0.13166408319094913,-0.7455042299613901,-0.4453570714850576,-0.47794149962827776,0.2847245786233479,0.3430729634455134
31.09,-0.11840733843585197,-0.10941192366121726,-0.053432145301961734,-1.0988772040877608,0.27557618710535897,0.2917606711225388,-0.12618793289355762,-0.7827919403768427,-0.44312907335043755,-0.4750152178744471,0.28145305463104464,0.3380143985491575
31.1,-0.11846588205916397,-0.10991710759772941,-0.052724609659970514,-1.1074318647973789,0.27469234377785423,0.2904845825429978,-0.12375328388422821,-0.7744467874257865,-0.44098010000828214,-0.47216260054983106,0.27558797220329245,0.3383983711896745
31.11,-0.11848518647174436,-0.11037727457877605,-0.04655062663238619,-1.1063980975726213,0.27385162577346167,0.2892499912700202,-0.1187796563218786,-0.7597251048606365,-0.4389102368361327,-0.4693841691580655,0.26804410409504575,0.3178989153730122
31.12,-0.11846591307097462,-0.11079304810186216,-0.03786962867638023,-1.1006021947799074,0.273054023634965,0.28805707820023974,-0.1116085636027838,-0.7793314713788255,-0.4369195226002306,-0.46668038148595004,0.259261738946728,0.3335712995581412
31.13,-0.11840873300879777,-0.11116500124805383,-0.0354000310901766,-1.0979289046102008,0.2722995095124311,0.2869059698434292,-0.11051721435108212,-0.7839479111342555,-0.4350079494852003,-0.46405166797292335,0.25411127439853914,0.3397104769966332
31.14,-0.11831432700929712,-0.11149229016711192,-0.0303184674178438,-1.1071601414152448,0.2715880371826739,0.2857963058118525,-0.10394301550362355,-0.7822061522706261,-0.43317546314341004,-0.4614986071382109,0.2409258398289354,0.3337713813771828
31.150000000000002,-0.11818338518388652,-0.1117778455379364,-0.026405337651933192,-1.1040962433937205,0.27091954207460694,0.28472952524775347,-0.10173301418032189,-0.7853073769993032,-0.4314219627639516,-0.4590209888988494,0.2378388073141193,0.3388668901318273
31.16,-0.11801660684419124,-0.11202072532635644,-0.02757595245202277,-1.107303782015354,0.27029394130046747,0.2837043199068962,-0.09868174693655057,-0.7862503779123512,-0.42974730116124465,-0.4566196670962265,0.2295960181431179,0.35513943057068287
31.17,-0.11781470031265104,-0.11222219730563344,-0.015494129650943114,-1.106880596390661,0.2697111336929126,0.2827212226198476,-0.09373814646451585,-0.7794030780842941,-0.4281512848831925,-0.4542946637945087,0.2220576767495248,0.3417626511331303
31.18,-0.11757838273089737,-0.11238346141152501,-0.01907032745529074,-1.1135709659178359,0.2691709998479688,0.28178119142588687,-0.08914091890398196,-0.7889964235142656,-0.4266336743388723,-0.45204590021002194,0.21773993242710982,0.3367477774464791
31.19,-0.1173083798659411,-0.11250529420236419,-0.011477179717113973,-1.1142643601116928,0.2686734021738221,0.2808831375361897,-0.08500667847137745,-0.7822990175542086,-0.4251941839456824,-0.44987388861215594,0.20828345309146143,0.3354038486061357
31.2,-0.11700542591424282,-0.11258788939589195,-0.005018817749302632,-1.104816643033728,0.26821818494543526,0.28002718880293914,-0.08011325304819675,-0.7937510135505489,-0.4238324822959034,-0.44777871934722263,0.19832811191112168,0.37050861315699946
31.21,-0.11667026330369483,-0.1126329171984698,-0.006166098536303023,-1.105523069584143,0.26780517436497336,0.279213749758804,-0.07394391504864681,-0.8098914225294708,-0.4225481923425819,-0.4457602872582996,0.19608062435642742,0.3254660905210943
31.220000000000002,-0.11630364249356157,-0.11267842526569785,-0.021871814293615982,-1.0928332576424347,0.26743417862801533,0.278481019372619,-0.05750526461778109,-0.7785003731770742,-0.42134089160468424,-0.4438086750159181,0.192388405121685,0.33501016420676194
31.23,-0.11590632177245055,-0.11271409960827927,-0.0018313045545337852,-0.9173887441001674,0.26710498799554144,0.2777311030586931,-0.07313099118045227,-0.722108419731479,-0.42021011239141565,-0.4419464843694789,0.178275438474722,0.350333636610172
31.240000000000002,-0.11547906705433954,-0.11280212182314622,-0.017659522387176507,-0.8247780930468056,0.26681737487165647,0.27709001676297235,-0.048168262185647175,-0.6978466109397276,-0.4191553420456026,-0.4401452246080571,0.17922851635293455,0.36503192363176584
31.25,-0.1150226516727221,-0.11285044403354076,-0.005493952308409832,-0.20525239447182994,0.2665710938870406,0.2764401141887163,-0.06663390487111406,-1.131414320654854,-0.4181760232060752,-0.43843208593809013,0.16615515967295902,0.31208352243891957
31.26,-0.11453785617292321,-0.11290314918781846,-0.010246714528936093,-0.5580182591050357,0.2663658819880945,0.27585100091701914,-0.0461690175140753,-0.6434399289851548,-0.4172715540888962,-0.4367948080999055,0.16147334864860807,0.3703237263185729
31.27,-0.11402546810264308,-0.11294080314102072,-0.014712830994208372,-0.35333968944620825,0.2662014585317451,0.2752982795825474,-0.04227469942919483,-0.6969245054239142,-0.4164412887873465,-0.43523285990587146,0.15027137449000413,0.3456085810697692
31.28,-0.11348628180075611,-0.11298558796647086,0.0009066551743474726,0.22219804613075345,0.2660775253858979,0.2747701888475719,-0.05800868342313307,-1.0095869970460225,-0.41568453759053486,-0.4337492558068759,0.14259917424206325,0.3293182545306193
31.29,-0.11292109818444661,-0.11301750301896817,-0.004126313499255562,-0.129100415730069,0.26599376703548183,0.2742992945432785,-0.03837414895704959,-0.6163428132269948,-0.4150005673205001,-0.4323430064415078,0.13269054406596759,0.35692076882110574
31.3,-0.11233072453472447,-0.11298369635664375,0.009475220004260905,0.30497162717259924,0.2659498506940789,0.27383459350729294,-0.050280679916227464,-0.9567137284692309,-0.4143886016876613,-0.43101853551888314,0.12678823099837178,0.3184193454479013
31.310000000000002,-0.1117159742803603,-0.11294640963336772,0.010541466406302722,0.5246203014563189,0.26594542642107877,0.27344498589721566,-0.04492915330335755,-1.0359840606654631,-0.4138478216644862,-0.4297596004218265,0.11958653211484604,0.31733776478991427
31.32,-0.11107766678031433,-0.11293154487059641,-0.003666341295276203,0.5250518260063327,0.2659801272443403,0.273117316937346,-0.027532727232223164,-0.9332913210546309,-0.41337736587719737,-0.42857136902289134,0.11265429034295163,0.33612961845236156
31.330000000000002,-0.11041662710470969,-0.1128476895487746,0.007006914008256208,0.22987643172495129,0.26605356928831336,0.2727786774468748,-0.025391304440245673,-0.5416087613215822,-0.41297633101537756,-0.4274714829204916,0.1043192731152345,0.378105385925701
31.34,-0.10973368581437942,-0.11279332734778078,0.007865411775225884,0.39715529792928533,0.26616535190757434,0.27251026583726656,-0.024630535925647914,-0.4746211643430634,-0.4126437722592888,-0.4264344976856302,0.09721773008974881,0.3630654245932703
31.35,-0.1090296787390783,-0.11276686897091355,-0.0007451908219195186,1.0579080310022229,0.26631505782575476,0.2723099321612692,-0.01885172461151917,-0.8958431591863381,-0.4123787037247431,-0.4254612511375895,0.093095291663807,0.31857514544216364
31.36,-0.10830544675440253,-0.11274154872186032,0.00196412608159834,1.2605685358736227,0.2665022532797904,0.2721166488745447,-0.020055005261878218,-0.8441561156727161,-0.41218009892532836,-0.4245714593249539,0.0852898122494865,0.3352281973719447
31.37,-0.10756183555744436,-0.11267545850103022,0.00988996362452023,1.3181110546472408,0.2667264881694698,0.2719489018699544,-0.014888208522028948,-0.8096073168901182,-0.41204689125180227,-0.4237592759575109,0.07783774000567407,0.33537497623549856
31.38,-0.1067996954412854,-0.1125542453171007,0.014425370404897931,1.3596457860350748,0.2669872962122236,0.27181684674339474,-0.008876566981657065,-0.8062340507057096,-0.4119779744684719,-0.42301969835276426,0.0724111045502302,0.35059100206488925
31.39,-0.10601988106835586,-0.11237487304929829,0.020152982118068145,1.3465601456444038,0.26728419510310786,0.2717247355269229,-0.006404990712523523,-0.7895594140109324,-0.4119722032263298,-0.4223501079365039,0.06441863343978056,0.3576935819106915
31.400000000000002,-0.10522325124270447,-0.11213724373021026,0.02574603237408022,1.3366883753454146,0.267616686679932,0.2716729864290257,-0.004640014663782366,-0.8022798228008964,-0.41202839359274934,-0.42174938832575115,0.055052552175110035,0.3512551117918609
31.41,-0.10441066868127163,-0.11184417840558508,0.03146515078878953,1.3473193963643646,0.2679842570934838,0.2716623871411549,0.0010381803913118853,-0.815398104826655,-0.4121453235975228,-0.42121625389232514,0.051094309599577045,0.37362265721436083
31.42,-0.10358299978419774,-0.11146197954864807,0.04736796938682401,1.380537719647028,0.26838637698278517,0.27145882747673267,-0.04666255392948549,-0.7587040440183264,-0.4123217337950164,-0.42072324161522434,0.05311598220237588,0.3539626132528375
31.43,-0.1027411144042202,-0.11106923218717614,0.03557686092098273,1.351232584000088,0.2688225016553416,0.27136716334236655,0.0022436104295905103,-0.46394106136920715,-0.4125563278422002,-0.42034198909243403,0.035744339073111045,0.4015955065046627
31.44,-0.10188588561523629,-0.11062100638408373,0.040644871543711616,1.0969816121189238,0.26929207127231514,0.2712358242110001,0.003484744382524415,0.3629450373160871,-0.41284777309233817,-0.42000083477518374,0.02777584961104153,0.26619130452932993
31.45,-0.10101818948007868,-0.11012236480718444,0.052114355689177806,1.4235554222721676,0.26979451103856755,0.2710462256300541,-0.03461397634747128,-0.4202334955169605,-0.41319470120406,-0.41971370478065917,0.03520704174949256,0.41909717253545076
31.46,-0.10013890481754509,-0.10961678032004638,0.04922678373923942,1.175940139869776,0.2703292313975206,0.2709941583467864,0.008237991298129518,0.47147689409301075,-0.41359570876561264,-0.41952435849607395,0.012851311713442903,0.28224550345238797
31.470000000000002,-0.09924891296877861,-0.10906022660883295,0.05577004959492306,1.4515681258197097,0.27089562823075053,0.270924606684048,-0.022100825993167584,-0.4140295818171185,-0.41404935793397785,-0.4193668515430785,0.024068250723048402,0.41308844849089166
31.48,-0.0983490975630178,-0.10850651180773287,0.05872036733071743,1.2337304163520482,0.2714930830622934,0.2709989243727976,0.022995924073727483,0.48150663200851845,-0.41455417708864895,-0.4192995490773458,-0.0022870882600721167,0.27572542737955313
31.490000000000002,-0.09744034428280056,-0.10789577323629879,0.06556117436442459,1.483064148225094,0.27212096326755075,0.27103957598302264,-0.008893756581423924,-0.43739072437300086,-0.4151086614997578,-0.4191182852064074,0.008891573637517419,0.33566743809630023
31.5,-0.09652354062866379,-0.10727076815395019,0.058482678225447525,1.2379886455777531,0.27277862228676825,0.2712153895524178,0.03596743527213317,0.5205685588537629,-0.41571127401029,-0.4188941256847693,-0.004860940700797988,-0.3102092904592163
31.51,-0.09559957568340954,-0.10659531578425932,0.07083621544910003,1.4426486100693396,0.2734653998429998,0.27136578646043774,-0.0031165700254624585,-0.44947909593032404,-0.41636044573212583,-0.4185898082926509,0.05826435446051142,0.34539587743381833
31.52,-0.09466933987598639,-0.10588493491243942,0.07435150778849207,1.488681078879045,0.27418062216449546,0.2715499562928755,0.005306112236809753,-0.2881135888722423,-0.4170545767555891,-0.4185017400244385,-0.009376263255321005,-0.17587850349968084
31.53,-0.09373372474505023,-0.10513986423482526,0.07746173784843102,1.1206971383891402,0.27492360221144696,0.2716509081596092,-0.0047383049697349135,0.6640012055239728,-0.4177920368722361,-0.4183708805791235,0.03373052696194925,0.23462949108297632
31.54,-0.09279362270227391,-0.10438214864797093,0.08102284767498186,1.1986598309429335,0.27569363990700735,0.271806064383531,0.0056661078533919934,0.8540903885274153,-0.4185711663105911,-0.418446027981938,-0.03244579674842279,-0.2927029918001908
31.55,-0.09184992679543066,-0.10360506016528988,0.07535276704975506,1.2248256954802321,0.2764900223725295,0.27187410102507636,0.004491354194999213,0.7930278065786228,-0.41939027648450794,-0.4184806783553444,0.02183039674366435,0.2515710387193613
31.560000000000002,-0.09090353047135054,-0.10282148258695152,0.07824028898233784,1.3008112659952873,0.27731202416693823,0.2720146671144779,0.016802855488830645,0.8887978139328644,-0.42024765075385573,-0.4187076534264488,-0.04532889747840431,-0.2549037132864711
31.57,-0.08995532733878335,-0.1020316534508471,0.07507440413290423,1.2434282548007891,0.27815890753016415,0.2722114785406996,0.021714202916252555,0.811064053059312,-0.421141545197231,-0.4188878601288706,0.00800338206814535,0.2808636260055039
31.580000000000002,-0.0890062109312398,-0.10122820219738524,0.07817496643725294,1.246097849049238,0.2790299226305638,0.2724747342601129,0.025729699589178534,0.7935138196262599,-0.42207018939637203,-0.4191191443028714,0.0018928646221202364,0.2455220426832214
31.59,-0.08805707446985306,-0.1004191119025534,0.08081715837575419,1.3086975669607435,0.2799243078162538,0.27279443333014286,0.036617144461747825,0.8903994505523976,-0.42303178723193724,-0.4191303442983232,0.005804956067400429,-0.338294858414996
31.6,-0.08710881062634585,-0.09959067474798522,0.08281670366615677,1.2938721996125409,0.2808412898702591,0.2731751418962901,0.03739168891872273,0.8495402427986593,-0.42402451769034016,-0.4192299301212973,-0.011063527136308333,-0.34723345937514305
31.61,-0.08616231128613713,-0.0987454000007236,0.08010273147947092,1.2826162538127088,0.28178008426943707,0.2736115127500092,0.04640809952051716,0.8436187003494668,-0.42504653568133466,-0.41941623860002336,-0.018105549671159616,-0.34195007164340485
31.62,-0.08521846731165478,-0.09789092537704072,0.08720175707643261,1.2721592754884772,0.28273989544704614,0.2741005792739176,0.05088379457892538,0.8348163500815681,-0.4260959728659258,-0.41968331628705796,-0.02741349753263897,-0.3436018765026959
31.63,-0.08427816830592691,-0.09702444001877815,0.08466572870324132,1.2581145626712726,0.2837199170589163,0.27463572382636137,0.05689177015517395,0.8476150834422196,-0.42717093849438764,-0.4200273620867354,-0.032699933125711005,-0.34713284201102257
31.64,-0.08334230237649301,-0.09614905203133627,0.0860245918619267,1.244775888236812,0.2847193322531255,0.2752164011361247,0.05567021085856949,0.8373432714368614,-0.42826952025395665,-0.4204425060759775,-0.03968084611740089,-0.3638402116504774
31.650000000000002,-0.08241175589969302,-0.09526671515545981,0.09100244873447148,1.2649047430763745,0.28573731394307794,0.275839643694468,0.06322210161373391,0.830490939273637,-0.42938978512587456,-0.42092421543819647,-0.04543089596309237,-0.3283825225232377
31.66,-0.08148741328541326,-0.09437907566383659,0.09165160638116411,1.2647914073757465,0.28677302508394764,0.2765029540173808,0.06849412588912167,0.8194879882193089,-0.43052978025145167,-0.4214680996789263,-0.051100197895467214,-0.36698180684899945
31.67,-0.08057015674232401,-0.09348743881835112,0.09439690021758657,1.2429137716786998,0.2878256189523347,0.2772039725737965,0.06883233235140471,0.815483798689692,-0.431687533806778,-0.4220700014893657,-0.055147027125718805,-0.32837065935689624
31.68,-0.07966086604367693,-0.09259295332449428,0.08831481854089714,1.246923423447386,0.2888942394291175,0.27794058144464157,0.07455617300097318,0.8346883060496688,-0.43286105588571433,-0.4227259357176215,-0.06302987306030503,-0.34934924219859176
31.69,-0.07876041829373118,-0.09169673356030139,0.09017463890580503,1.2418686765604947,0.28997802128534894,0.27871080143545146,0.08075891793225912,0.8228267446123626,-0.4340483393908171,-0.42343209290723555,-0.06545463543558984,-0.3353153618193746
31.7,-0.07786968769484207,-0.0907999033419863,0.09023749906991077,1.2436323556458209,0.2910760904711515,0.2795128137716596,0.0774856714027534,0.8104439597608326,-0.43524736093184085,-0.4241848166539772,-0.07145459457204104,-0.33006946702044415
31.71,-0.0769895453152907,-0.0899035526457059,0.08720086059416647,1.2346645528621105,0.2921875644075076,0.28034481780816156,0.08368472497637999,0.814384911858013,-0.43645608173142486,-0.42498062403951753,-0.07424711421339585,-0.37451674240834
31.720000000000002,-0.07612085885791083,-0.08901026598236597,0.08790309240752851,1.2407277428206807,0.29331155228083317,0.2812066704310886,0.0887302798280587,0.8181814406339111,-0.4376724485375982,-0.42581575796453347,-0.07653785095548353,-0.345138458227033
31.73,-0.075264492429558,-0.0881206000407008,0.08892786417655552,1.234298580901161,0.2944471553402856,0.28209288865277443,0.08821211380364227,0.8120343539446065,-0.4388943945427495,-0.4266878847854204,-0.08451429860916797,-0.3494056135018301
31.740000000000002,-0.0744213063114788,-0.08723247912625147,0.08782977653855432,1.2361057571578704,0.29559346719767704,0.28300442488726135,0.08740292840720548,0.8210489568794205,-0.4401198403086731,-0.42759356024127765,-0.0874743146893995,-0.3481908138305544
31.75,-0.07359215673066084,-0.08634815638795194,0.08774258066023304,1.2362784372524365,0.2967495741298986,0.2839400802196806,0.08854238142893749,0.8115383053799747,-0.4413466946972944,-0.42852940728541056,-0.08826576948423627,-0.3510161070045773
31.76,-0.07277789563219307,-0.08546906088573734,0.08944829525444549,1.2252176810716613,0.2979145553838026,0.28489820742695776,0.09399113309786748,0.7968466358700844,-0.4425728558067142,-0.429492575410661,-0.09744141627079791,-0.34370016626744526
31.77,-0.07197937045270401,-0.08459630781187322,0.08624914283702591,1.2046373858180308,0.2990874834833941,0.2858773064902917,0.09321928043525934,0.7985272487353419,-0.4437962119122193,-0.4304802546059768,-0.09562300916153937,-0.3662502311504299
31.78,-0.07119742389492772,-0.08373091481792597,0.08890316784715689,1.2152885046784778,0.3002674245392611,0.28687603059437305,0.09301360500588034,0.8233784820714668,-0.4450146424117656,-0.43148966408461864,-0.09812370977947371,-0.34727855453985007
31.79,-0.0704328937034801,-0.0828738379111532,0.08681728463781063,1.2205346980482885,0.30145343856016804,0.2878930381005408,0.09821923093581918,0.8293915998608894,-0.4462260187756908,-0.43251808965389676,-0.09987597408552844,-0.34211704935132276
31.8,-0.06968661244184982,-0.08202599987080395,0.08828852459786117,1.2033677133520682,0.30264457976666487,0.2889270774938716,0.10200191707777899,0.7983557095611143,-0.4474282055001617,-0.4335628589661863,-0.09802142001313678,-0.34620211815799556
31.810000000000002,-0.06895940727071463,-0.08119211363580997,0.08349221948692456,1.238281083041943,0.30383989690666047,0.28997949337681495,0.1031760876269063,0.7714646954563091,-0.4486190610639963,-0.4346204241806513,-0.09853193952845156,-0.3392871241002134
31.82,-0.0682520997276122,-0.08036861190260565,0.08570468282081942,1.2243471307924008,0.30503843357283633,0.29104224801475054,0.10062937992859289,0.7889729644857651,-0.449796438888476,-0.43569060373796864,-0.10240614583700831,-0.35401610541210476
31.830000000000002,-0.06756550550799643,-0.0795548311137818,0.08075127620625476,1.2016792040387618,0.3062392285218095,0.2921192813089279,0.10448822839698763,0.8083494916370126,-0.45095818829977297,-0.4367691838966975,-0.10116777323494977,-0.33481916150114627
31.84,-0.06690043424779024,-0.07875304855621698,0.08011017288260497,1.2284212020547287,0.3074413159949442,0.2932091353538648,0.11039668374394652,0.7956871620384214,-0.45210215549353744,-0.4378536429338641,-0.10149992555181,-0.350687226402484
31.85,-0.0662576893074426,-0.07796767314993691,0.08076869616584907,1.2120609420197865,0.3086437260407091,0.2943113280427472,0.10509663753542046,0.7938543215792379,-0.4532261845013068,-0.43894123518905326,-0.10569380387944548,-0.34809461200620484
31.86,-0.06563806755755387,-0.07719481779837124,0.07527377532109222,1.1935242291628085,0.30984548483849034,0.29542182847969256,0.11114225563888537,0.7729996641961855,-0.45432811815833074,-0.44003071437629376,-0.10611488104864035,-0.3454374570791399
31.87,-0.06504235916613724,-0.07643660807558564,0.07334585537417425,1.1910079401430669,0.3110456150237366,0.296541738574151,0.10711887956371482,0.8100288756775926,-0.4554057990723941,-0.4411187738211028,-0.09854328934094157,-0.3469325889050684
31.88,-0.06447134738755893,-0.075697174208409,0.073044285441219,1.1892511614703687,0.3122431360143604,0.29767095864066434,0.11106048461769222,0.7919035231107984,-0.4564570705932477,-0.4422026229818969,-0.10598972373119177,-0.36896465082709307
31.89,-0.06392580835319187,-0.07497345270233008,0.07372392002410402,1.17801997409862,0.3134370643382848,0.29880473147820585,0.10710497182260667,0.803047967633196,-0.45747977778225857,-0.4432813452160911,-0.10510894351021152,-0.3496536638478375
31.900000000000002,-0.06340651086387847,-0.07426933564269342,0.06834292436269661,1.206170434279777,0.3146264139620105,0.2999459632723226,0.1115523380858485,0.7735933418943877,-0.458471768381889,-0.4443510444502542,-0.10393085732533945,-0.3507812494541844
31.91,-0.06291421618422485,-0.07358496200551753,0.0709193703536175,1.192074098437419,0.3158101966201474,0.30109109791155997,0.11248220802343403,0.8032688993131091,-0.4594308937845963,-0.44541034682357783,-0.10272202922665265,-0.34164348048608073
31.92,-0.062449677838747,-0.07291782376369528,0.06816109658758104,1.1894994706665214,0.31698742214576797,0.3022382403022148,0.11106363381128577,0.8104306120167768,-0.4603550100007139,-0.4464572954503115,-0.10127918997016344,-0.35143159578401145
31.93,-0.062013641410002096,-0.07226974921980273,0.0659992936902825,1.1900450359903485,0.31815709880147874,0.30338865823915717,0.10720657707934543,0.7824350163295578,-0.4612419786250199,-0.4474886863384278,-0.09714006897231942,-0.3590610607135064
31.94,-0.06160684433868324,-0.0716424182427963,0.060687410236992534,1.1795396731811187,0.31931823361115363,0.3045408284992569,0.11080849306409361,0.776672275042529,-0.46208966780149985,-0.4485024081431779,-0.09300084228741388,-0.3428833545135145
31.95,-0.06123001572574194,-0.07103894096855286,0.05850180284796417,1.1874781665920258,0.32046983269215606,0.30569480527397147,0.11421087877252438,0.7886471256633095,-0.4628959531859388,-0.44949581298071445,-0.09438152260112107,-0.35094449518919174
31.96,-0.060883876136616444,-0.07045805566738905,0.05828640830082331,1.1702348131958185,0.3216109015880041,0.3068460629068917,0.11157842976857663,0.7969763153256754,-0.463658718905978,-0.4504678811787294,-0.09352841355945699,-0.35561365108220866
31.970000000000002,-0.060569137407587154,-0.06989978720475629,0.05827912636629805,1.1570752027489373,0.32274044560135084,0.3079960313238496,0.1137751293921303,0.7951386494741675,-0.4643758585181892,-0.45141557265337784,-0.09157535602448273,-0.3497475733495233
31.98,-0.060286502454308666,-0.06936770368923519,0.050499437886486434,1.1655206787133512,0.3238574701271576,0.3091445121519562,0.1103900369530149,0.7874492402075783,-0.46504527596182377,-0.45233626670663724,-0.08606800452512217,-0.3345195977165805
31.990000000000002,-0.06003666508257635,-0.06885977145007738,0.05257718926971427,1.1554878799692145,0.32496098098601195,0.3102876583989968,0.11228863965137345,0.7854264455563705,-0.46566488650880167,-0.4532288633701126,-0.08851938300302324,-0.3670942243202127
32.0,-0.05982030980138428,-0.06837714603749862,0.049171906220305824,1.154860901637047,0.32604998475740615,0.31142649102154474,0.11331424283742386,0.7954389657582085,-0.4662326177095968,-0.45409038166493015,-0.0819571052431611,-0.342162186447234
32.01,-0.05963811163828342,-0.06792104739677028,0.04896189605875738,1.1525382446852475,0.3271234891129589,0.3125596990960846,0.10747957214246383,0.7977850331299339,-0.4667464103345867,-0.45491873573473857,-0.07775063549837771,-0.3436284899362731
32.02,-0.05949073595712842,-0.06749243360135654,0.04021930773844069,1.159293094071833,0.32818050314940417,0.31368615555462315,0.11153492969437119,0.7977351983764857,-0.4672042193105048,-0.45571179671922135,-0.07450847186364117,-0.3356425535607838
32.03,-0.05937883827822643,-0.06709212589583542,0.043034858985597245,1.1435169099628377,0.3292200377212727,0.31480481396859517,0.10961775784083853,0.7742143665657795,-0.4676040146515934,-0.4564674251417003,-0.07294777233769117,-0.34512305602894316
32.04,-0.059303064100968694,-0.06672086111895736,0.035554479330064614,1.1498390210744793,0.33024110577318955,0.3159146055098731,0.10721740697048893,0.8030920432212054,-0.46794378238511986,-0.45718349715862416,-0.06936288650180718,-0.339340604096831
32.05,-0.05926404872892915,-0.06637937673090928,0.03625576291645875,1.1585161291528543,0.3312427226716136,0.3170145568467987,0.10927489167382148,0.7934087157453582,-0.4682215254707914,-0.45785787130152933,-0.06732967989983572,-0.35029401265073984
32.06,-0.05926241709755645,-0.06606842138223264,0.030593388100824792,1.1224552558178786,0.3322239065360006,0.3181036457781434,0.10575090742182308,0.7900918729777467,-0.46843526471379593,-0.4584884352540562,-0.06169227991879304,-0.3585525282122047
32.07,-0.05929878360442137,-0.06578935178074856,0.027947099432933338,1.1355520085768083,0.3331836785692078,0.3191815047015613,0.10767912520782438,0.7875115082763008,-0.46858303967100723,-0.45907292095904134,-0.05385051190988393,-0.34875569284458313
32.08,-0.05937375194210484,-0.06554265134982723,0.026858820744737853,1.1323924473507787,0.334121063387092,0.32024547648996804,0.10165177587625446,0.7974886187300586,-0.4686629095500028,-0.4596096362368225,-0.051059689310407,-0.3809872778711931
32.09,-0.05948791493378519,-0.06532842247762649,0.019387160002858828,1.1328666282238242,0.33503508934717735,0.3212958852708255,0.10217669342353496,0.8000064070110315,-0.4686729541005861,-0.4600962594020297,-0.04566477873360346,-0.3356074786350508
32.1,-0.05964185437150046,-0.06514660936095834,0.01958446493771705,1.1332555320510607,0.3359247888762801,0.32233114102544935,0.1028649048545819,0.8045453813264771,-0.4686112744983406,-0.46053088091667077,-0.03993231268377662,-0.3531008897853673
32.11,-0.05983614085720329,-0.06499840359508413,0.012583767372946328,1.1225080214364276,0.336789198797003,0.32335075851594763,0.095962839636879,0.7926650655841381,-0.46847599421995434,-0.46091125911431796,-0.03506383344655295,-0.355394410097772
32.12,-0.060071333646596115,-0.0648845973666129,0.013878229636631226,1.1112732912709584,0.33762736065300825,0.3243535668538542,0.09693789694089913,0.7823462455797661,-0.4682652599098844,-0.4612354434751335,-0.03376393550970192,-0.3670049012301204
32.13,-0.0603479804957886,-0.06480590690251599,0.011544018969236326,1.1213158459704018,0.3384383210329246,0.32533858236066654,0.09619442564347956,0.7876325068943921,-0.4679772422380261,-0.46150143620489803,-0.024778300897384347,-0.3600310565503995
32.14,-0.06066661751085892,-0.06476300884144875,0.0014726586574363514,1.1072488882667109,0.3392211318928358,0.32630478870360674,0.09337694437823804,0.7928669330131338,-0.46761013674806784,-0.4617072651237129,-0.0179698348784984,-0.34915778626237803
32.15,-0.061027769000294024,-0.06475657223945606,0.001176420428909501,1.098807069906344,0.3399748508772198,0.32725122800560097,0.0900234021464541,0.7750716778072985,-0.4671621646961216,-0.4618509612575753,-0.013489874839448421,-0.34798736165201255
32.160000000000004,-0.0614319473304005,-0.06469676202667958,0.0012861003262601522,0.8324818949178754,0.34069854163824725,0.32814665659519104,0.09598389209541591,0.7440229619702441,-0.4666315738793375,-0.4619430672357167,-0.0043326255934845416,-0.34304126505611054
32.17,-0.0618796527836781,-0.06463919336627978,0.0018333224931062204,0.7572279699093359,0.3413912741533415,0.32905162279264377,0.09355618700907951,0.705179540041911,-0.46601663945410776,-0.46209049159972837,-0.06397884594450595,-0.3596053680026193
32.18,-0.06237137342023319,-0.06457304076201978,0.017183044683545916,0.7205919386729036,0.34205212504089344,0.3299012914548443,0.07291512567784789,0.6921435488294179,-0.46531566474360075,-0.46233154569568685,-0.06402965626148062,-0.29030816023410194
32.19,-0.0629075849422337,-0.0645528710001443,-0.006623693193591562,0.4230842887730339,0.34268017787404614,0.3307813670353758,0.08810130238226851,0.6425828767437621,-0.46452698203421605,-0.4624764960850192,0.011299386021525836,0.2678622227291691
32.2,-0.0634887505614401,-0.06447638970279308,0.020458478625988964,0.31521826274460873,0.3432745234924275,0.33157188032961843,0.07342714077431967,0.7231749937916979,-0.4636489533606418,-0.46265417477193593,-0.04338949333612653,-0.2772282891538905
32.21,-0.0641153208698852,-0.06443903178670152,-0.005574890315784628,-0.28751909225925804,0.343834260311762,0.3323886531716482,0.08496936102758611,0.9364859763853718,-0.4626799712792672,-0.4625980193627577,0.030036643423481856,0.2749938728782143
32.22,-0.06478773371367683,-0.0644475972861815,0.0068956242489332156,0.25189541704395846,0.34435849463124185,0.3331811891259911,0.06948703861767061,0.637157050905955,-0.4616184596295174,-0.462552189133496,-0.024445481912388427,-0.2916701421217391
32.230000000000004,-0.06550641407000504,-0.06452619178106699,-0.01543957006315258,-0.30810743009437763,0.3448463409385735,0.33394657183519977,0.07645241821842828,0.9201948178177722,-0.460462874282898,-0.4622924880696577,0.050842370548790226,0.2515966747209923
32.24,-0.06627177392735273,-0.06455076627374899,-0.0008661753902355373,-0.493123234098699,0.34529692221259856,0.33463332193166123,0.060013215579673374,0.9262504141875532,-0.45921170387937715,-0.46207997163576686,0.05264847053141868,0.34547250294137644
32.25,-0.06708421216895144,-0.0646350464175576,-0.005804736427113552,-0.24976193422002296,0.34570937022340015,0.3353571280942219,0.06390345266411146,0.5186601527356648,-0.4578634705507987,-0.46201908760726823,0.006562774763309647,0.32433141587182807
32.26,-0.06794411445952017,-0.06467769302554337,-0.01680006679300675,-1.045653597744139,0.34608282582978556,0.3360138904427951,0.0787503692700906,0.9104593477222817,-0.456416730631102,-0.46186164302142646,0.023316912520751597,0.35588302685642054
32.27,-0.06885185313529157,-0.06474830341226673,-0.004547640247407494,-1.0785177132558346,0.3464164392740815,0.33662370995726254,0.05998448654425305,0.8779434935742009,-0.4548700753529416,-0.4615704624401195,0.026730609018215203,0.36401162371165796
32.28,-0.06980778709738114,-0.06482170775316412,-0.007516230344126774,-1.2776585071856787,0.34670937047410827,0.33722355104506974,0.056500677167459955,0.7904572951044567,-0.4532221315305399,-0.46114743998622887,0.042083030529171575,0.34356053374109136
32.29,-0.07081226170850605,-0.06495258960615628,-0.012727947912612857,-1.3680617720362749,0.346960789312284,0.3378069536960358,0.05483132899896298,0.7758011926410876,-0.4514715622283746,-0.46059154864786034,0.05284317956118948,0.346123033428714
32.3,-0.07186560869308181,-0.06515752046203123,-0.021313933136909165,-1.3729190010338461,0.347169875921743,0.33836094007540113,0.05102537014480876,0.779630026462763,-0.4496170674155036,-0.45990984849039585,0.0628929026316094,0.33764219235704085
32.31,-0.0729681460407402,-0.06544171574578792,-0.029268622437250567,-1.3656974894574105,0.3473358209693734,0.3388800170769761,0.048920212774746556,0.7616730784299155,-0.4476573846052464,-0.4591060311961882,0.0773563213902927,0.33396591351851485
32.32,-0.07412017791325565,-0.06580554156537481,-0.03681386026845111,-1.3972829798068973,0.3474578259357114,0.33936158552374973,0.04673462163366251,0.7790262984128452,-0.445591289479915,-0.4581823152965772,0.08879005755948569,0.3285174799605004
32.33,-0.07532199455495367,-0.0662474327381061,-0.04778285109741539,-1.3753978695804128,0.3475351033915786,0.3398042756682333,0.04029932418973946,0.7671983276869122,-0.4434175965003776,-0.4571401553451692,0.10164925924379221,0.3425600788317501
32.34,-0.07657387220657813,-0.06676520571084395,-0.05272310164967295,-1.385145935564405,0.3475668772713886,0.34020725540523367,0.03657394490817116,0.7755247083631055,-0.4411351595001836,-0.45598056683537047,0.1101861943286024,0.3333345158583823
32.35,-0.07787607302265007,-0.06735656703650295,-0.0589872777164482,-1.3869203975949345,0.34755238314303866,0.34056985241089616,0.03326548785832633,0.7830241310367941,-0.43874287226400943,-0.45470429396435147,0.12446505486325045,0.32530229324641796
32.36,-0.0792288449923754,-0.0680176224277313,-0.06517255573654478,-1.4115463586977521,0.3474908684742889,0.3408903570785709,0.02902275069839894,0.7913383036794434,-0.43623966909017936,-0.45331228149351693,0.13594957104694164,0.3112838395863792
32.37,-0.0806324218640582,-0.06874840611703449,-0.07370898200415417,-1.3821847341256162,0.34738159289556503,0.3411712463627099,0.026215850168208155,0.7722759550894717,-0.43362452533702334,-0.45180382262281965,0.14088154144933615,0.32379911022645264
32.38,-0.08208702307310031,-0.06954778503135413,-0.08263874353833268,-1.3807284296731115,0.34722382845907784,0.3414096186576684,0.019670887670905603,0.7969235286719929,-0.43089645795287146,-0.45017993086964925,0.15569975419673998,0.3077533668104528
32.39,-0.08359285367354888,-0.07041209448694803,-0.08631258737158755,-1.386585553615241,0.34701685989420483,0.3416037072994466,0.016953731062739,0.7964910601470268,-0.4280545259894263,-0.4484411014974139,0.16780656212061473,0.3254590804688033
32.4,-0.08515010427327188,-0.0713400206155568,-0.09481026486998684,-1.3774324539493699,0.34675998485902826,0.34175635194206144,0.014514529855426006,0.7846031097320421,-0.42509783109831745,-0.4465865111476621,0.1821427705846241,0.3034968257162567
32.410000000000004,-0.08675895097271474,-0.07233281646585435,-0.10047208867636029,-1.379255638732891,0.34645251418797185,0.34186488250830815,0.007434138245319832,0.7914558527743611,-0.42202551801063704,-0.4446163809476057,0.18821254307627497,0.3059240570003303
32.42,-0.0884195553072861,-0.07338819051194034,-0.10575104521738693,-1.3875384011487188,0.34609377213544557,0.34192845691053253,0.0033104029738135437,0.8122538612153849,-0.4188367749992522,-0.44253087299855076,0.19720575785898303,0.3102796712486969
32.43,-0.09013206419340958,-0.07450470870673867,-0.11486800349871239,-1.3625245036304465,0.345683096615421,0.3419466206070378,0.0019586506848292837,0.7944277999310538,-0.41553083432368354,-0.44032973225313604,0.2143364011238143,0.32312634736337814
32.44,-0.09189660987818929,-0.07569525775202635,-0.12307271237556165,-1.5014101136246851,0.3452198394368766,0.34214678742600335,0.04606054277163221,0.7399813204026108,-0.41210697265738494,-0.4380414546796558,0.2099297525487229,0.30597101406155414
32.45,-0.09371330989278029,-0.07690597584516208,-0.11853559962144178,-1.5426062721444007,0.34470336653501366,0.3422296948630996,-0.008721365483243567,0.48011002220358284,-0.40856451149724365,-0.435590991278911,0.2349222555445901,0.2626094684995458
32.46,-0.09558226700940692,-0.07817626322971132,-0.12462640530146404,-1.2583060955543497,0.34413305819819884,0.3423519140056121,-0.0008454970357321897,-0.40070867290134304,-0.404902817555127,-0.43304612224597255,0.25643877273905513,0.4264362304993236
32.47,-0.09750356920208672,-0.07954050402407595,-0.1402603462655046,-1.5292716033491396,0.3435083092905443,0.34252824326550363,0.028042056156323207,0.3745782072435087,-0.40112130313126854,-0.43039206548073244,0.2488889617845634,0.24989857837522
32.480000000000004,-0.09947728961105881,-0.08093860209594288,-0.136395802650642,-1.2779399260613782,0.34282852947005055,0.34255136008703596,-0.016843819562676447,-0.4763678298480766,-0.3972194264694266,-0.4275888295250943,0.2765281703843221,0.37033956237862486
32.49,-0.10150348651089358,-0.08241166943981569,-0.15350378846651874,-1.5646795468253236,0.3420931434022638,0.3425776598799411,0.016222155341265424,0.38694194871860604,-0.39319669209357666,-0.42469913608056975,0.2729408267093981,0.24979342727393058
32.5,-0.10358220328235887,-0.08392183230200118,-0.14418844430495306,-1.2676879562216605,0.3413015909693614,0.342451624038563,-0.029809730929504046,-0.46568811493144135,-0.38905265112604004,-0.4216610432738317,0.30046290311130047,0.3923994580109421
32.51,-0.10571346838797699,-0.08550788724833837,-0.16319524145674047,-1.5520633449243986,0.340453327474606,0.3423313546536622,0.0010610139493656924,0.38061187480372666,-0.3847869015869163,-0.41853610619090276,0.29690232779372316,0.26088141691286737
32.52,-0.10789729535132334,-0.08715071611255129,-0.16963210879003102,-1.5776307053198384,0.3395478238421049,0.342167867995249,-0.005274175978231905,0.3349255007379959,-0.3803990886746439,-0.4152799310948224,0.3087433772836808,0.24433234696981035
32.53,-0.11013368274006591,-0.0888461935086491,-0.17193044791418804,-1.3296463363736402,0.33858456681181964,0.3420498398137503,0.0005969047537771243,-0.7146461197512506,-0.3758889050276537,-0.41191750691041656,0.32244505146408287,0.3221834332572423
32.54,-0.11242261415273769,-0.09059170102703124,-0.17647582382681648,-1.3167286534291618,0.33756305912973883,0.34187809946989106,-0.0037025797204234376,-0.8140958775558134,-0.3712560909669025,-0.40842044708953357,0.33737608778450157,0.33558750919406566
32.55,-0.11476405820926108,-0.09240282832084416,-0.17997415029446662,-1.3932229033163959,0.3364828197331875,0.3417576161137017,-0.011971909148246553,-0.8791899176730885,-0.3665004347192824,-0.4048048377554303,0.3484303233384761,0.2873238735952624
32.56,-0.11715796854521265,-0.09425538697421418,-0.1828348629643349,-1.4099673603885032,0.33534338393118357,0.3415471752557175,-0.025218127196628196,-0.9044995826835787,-0.36162177262170997,-0.40106653826771904,0.36288130808589286,0.3211495639752806
32.57,-0.11960428380982538,-0.09615781608877846,-0.18925934925613325,-1.41560805398799,0.33414430357981373,0.3412452803976,-0.037641234799803046,-0.8918319515319048,-0.35661998930589617,-0.3972074277496859,0.3742793249422979,0.31357765828574424
32.58,-0.12210292766777467,-0.09811358410919639,-0.19506125179368977,-1.434371674235608,0.3328851472525386,0.34085312762838604,-0.04174913142384121,-0.8828024571838952,-0.35149501786364856,-0.39322800973410715,0.3812796519888289,0.2959807307333958
32.59,-0.12465380880467275,-0.10012389612302698,-0.19963414009130248,-1.4274260392528004,0.33156550040541255,0.3403727980285653,-0.05132145385391961,-0.898345162417289,-0.3462468399926639,-0.3891283131293757,0.392875870528197,0.28848065799603656
32.6,-0.127256820936336,-0.10218904327061797,-0.2070623201132801,-1.4351411655882989,0.33018496553713594,0.3398066007380527,-0.058487696944230255,-0.8801684022266325,-0.3408754861227666,-0.38490817378112835,0.4045560547981655,0.3089285400632358
32.61,-0.12991184282179713,-0.10430891546427247,-0.20968739359231925,-1.4402038184504942,0.3287431623438941,0.3391568253376378,-0.0654876382982268,-0.8553929879169829,-0.33538103552245213,-0.3805673599030442,0.41795618783304733,0.30723111002059844
32.62,-0.13261873828004467,-0.10647773665506949,-0.21278734640926197,-1.4310005960203684,0.32723972786895306,0.3384200892929435,-0.07687595098517572,-0.8684797985428041,-0.32976361638579443,-0.3761071330577661,0.425990967150196,0.3150736692407373
32.63,-0.13537735621052713,-0.10868923099964684,-0.2172746719058303,-1.486617386202946,0.3256743166469279,0.3376084509170245,-0.07921502161100537,-0.8669697343508005,-0.32402340589959494,-0.371525419422602,0.4438052939093971,0.3126489648823975
32.64,-0.13818753061735717,-0.11092188477437288,-0.21714698368115826,-1.8970309110657404,0.3240466008427313,0.33669520950924764,-0.09104963336926683,-0.5861339618607005,-0.3181606302907957,-0.36683012172529833,0.44577846116543185,0.3353553210537482
32.65,-0.14104908063728944,-0.11322221589284462,-0.23333456282773166,-1.543870540125958,0.3223562703850962,0.33575189081403356,-0.09370686071433566,-0.8973560010339526,-0.3121755648540505,-0.361997251498523,0.46420986047941565,0.29618630776846977
32.660000000000004,-0.1439618105713795,-0.11560448595313064,-0.23885863635618204,-1.473353687760108,0.3206030330946754,0.33472199546609166,-0.10836437038778919,-0.8874703600408461,-0.30606853395953465,-0.35704599191958936,0.475600195419414,0.29927889132170715
32.67,-0.14692550992037887,-0.11804334665240243,-0.24583108234335002,-1.4812155692327784,0.3187866148066655,0.3336095830252316,-0.11225488735517672,-0.8618383623752407,-0.2998399110409396,-0.35197683425122994,0.48888366263616034,0.28115810820376946
32.68,-0.14993995342384053,-0.12054501228089165,-0.2514905487611418,-1.443828221426149,0.31690675948790314,0.33242471863176715,-0.12011329881024263,-0.8697900577897137,-0.29349011856359447,-0.3467860051731514,0.4990784463484926,0.2965027755677918
32.69,-0.15300490110290266,-0.12309510118529114,-0.251789982253677,-1.4976105933955992,0.3149632293484045,0.33116104918783074,-0.12640666632426795,-0.7976750815515882,-0.28701962797283237,-0.34147636119482594,0.51295767765444,0.2891952643346247
32.7,-0.15612009830678425,-0.125699525798058,-0.2622547289172118,-1.458503655029682,0.3129558049473311,0.3298332248498739,-0.1350519596028144,-0.8651693088343699,-0.2804289596225195,-0.33604298987759623,0.5189452336975058,0.2818466730935591
32.71,-0.1592852757629235,-0.12835201068673904,-0.26802353994873124,-1.4569745174322786,0.31088428529331036,0.32843108452130587,-0.13826671682950187,-0.84285825375391,-0.27371868268384736,-0.3304897989973802,0.5317213598800352,0.3024682769476508
32.72,-0.16250014963082443,-0.13106347582528102,-0.27300529425607034,-1.438815931252574,0.3087484879391056,0.3269615019042048,-0.1452127114400714,-0.8410511889405289,-0.26688941503431085,-0.32481460972215426,0.546847981405413,0.29520933458447485
32.730000000000004,-0.16576442155951696,-0.13382815351434274,-0.2732884037737612,-1.4504146925938166,0.30654824907059885,0.32542119729226093,-0.15108008285960203,-0.840157045652987,-0.2599418231270347,-0.3190192671786895,0.5549084225419336,0.2844260365388661
32.74,-0.16907777874865693,-0.13663302670714414,-0.27916452694407856,-1.4791981897337472,0.30428342359005955,0.3238076492664006,-0.158176115491288,-0.8370884660418945,-0.25287662184044024,-0.3131053202853662,0.5674738582441676,0.29581603941153906
32.75,-0.17243989401328377,-0.13949612765209027,-0.2849553510060282,-1.4199961640459646,0.30195388519365385,0.3221322463229392,-0.16857455884452915,-0.8473229773357014,-0.24569457430823727,-0.30706853531190426,0.5786346302791296,0.2943393285439818
32.76,-0.17585042585213534,-0.14240415835093465,-0.28933816813015567,-1.4756608084322551,0.29955952644320755,0.32038486554979895,-0.16956168368105246,-0.8374975431394689,-0.23839649172994298,-0.30091363031965246,0.5937299843531362,0.29120022307925103
32.77,-0.17930901851959616,-0.14536991132203816,-0.294100157735778,-1.4402154436918526,0.2971002588321565,0.31857267985330395,-0.1792397110975625,-0.8312307120514619,-0.2309832331618734,-0.29463816380163566,0.6026432461526076,0.2925380526487018
32.78,-0.18281530210118188,-0.1483875649751559,-0.3033896969954948,-1.448490310604862,0.29457601284569557,0.3166915939588929,-0.1877566209155008,-0.8355701039462008,-0.2234557052887821,-0.28824444156990897,0.6125465714300248,0.2876435410423629
32.79,-0.18636889259260797,-0.1514554387373361,-0.30430173521127,-1.446699423194167,0.2919867380150784,0.3147426885570178,-0.19079562984249443,-0.81715272154757,-0.21581486217612,-0.2817326447374743,0.6269600222564183,0.2992209731636312
32.8,-0.18996939198237867,-0.1545727525637657,-0.30798682021798435,-1.445110594096978,0.28933240296608165,0.31272655052463527,-0.19909244890515868,-0.8174061260518972,-0.20806170500312843,-0.2751031835766819,0.634812283673183,0.27578935476614197
32.81,-0.19361638833789038,-0.15773904596381724,-0.31530758733514297,-1.4378436685798424,0.28661299546157976,0.31064348678901144,-0.20721675388262945,-0.8189381997835153,-0.20019728177678986,-0.2683566183703067,0.6493274287781863,0.29981766565460843
32.82,-0.19730945589502957,-0.1609538836187665,-0.3207389673147991,-1.4310553434083446,0.28382852243826556,0.3084936948636298,-0.21247672851958227,-0.8109932808381045,-0.1922226870267919,-0.2614935976051232,0.6605694068442741,0.2814594133207453
32.83,-0.2010481551512559,-0.16421697257349294,-0.3262954053227961,-1.4452380769082385,0.28097901003744075,0.3062774119759265,-0.21684117980181047,-0.8030437414891531,-0.18413906148153775,-0.2545147972801271,0.6675928692208827,0.2878537688325989
32.84,-0.20483203296211613,-0.16752804427886572,-0.3289679501713041,-1.4516328120902942,0.2780645036299209,0.3039947793981334,-0.22542316096547158,-0.7982043157410615,-0.17594759172545443,-0.2474209687292018,0.682976417501778,0.29532032974963324
32.85,-0.20866062264119187,-0.17087325314738125,-0.33616019924841073,-1.4894979281869791,0.2750850678350252,0.30164133639048535,-0.2342668736629484,-0.8249304282824439,-0.16764950983763116,-0.24021484062045156,0.6939429723639378,0.29414940078568935
32.86,-0.2125334440634539,-0.17427480139336926,-0.3395451918767744,-1.4707514345926982,0.2720407865336282,0.2992299597317276,-0.23809298965832365,-0.8025461145569894,-0.15924609301195908,-0.23289194240765265,0.7019350431935801,0.2894918201013132
32.87,-0.2164500037719943,-0.17769562402898967,-0.33861676910170396,-1.6326539676023546,0.268931762875291,0.29673645993135234,-0.2433716108494438,-0.7400305722375361,-0.15073866315890885,-0.22546293622540933,0.7143245034133671,0.30052273749750924
32.88,-0.22040979508809197,-0.18117489005519902,-0.346856758328343,-1.4928710453983933,0.26575811927946863,0.2941944541916174,-0.2522215300048347,-0.8118735839953266,-0.1421285864891387,-0.21791500640236777,0.7221837167917778,0.26463829339329176
32.89,-0.2244122982246172,-0.1846852958974576,-0.3519451906248439,-1.5664643456326173,0.2625199974307757,0.29158107636923936,-0.2586723089014336,-0.803979957725776,-0.13341727307905435,-0.21026019422090497,0.7353997363447239,0.2751934577256585
32.9,-0.22845698040274123,-0.18826883159400928,-0.35513876455429183,-1.507796161038899,0.2592175582683098,0.2889138529551404,-0.2626479659486264,-0.8048859671244658,-0.12460617641847135,-0.20249015960448413,0.7451726091548573,0.2900205185015316
32.910000000000004,-0.23254329597188425,-0.1919097150079787,-0.3623586482731031,-1.4767462637836863,0.2558509819690578,0.2861744001539176,-0.2697694269378491,-0.7846462806655381,-0.11569679294064458,-0.1946143249966036,0.7563864271180056,0.26667440614518123
32.92,-0.23667068653292384,-0.19560025901047343,-0.36698530785365996,-1.4704036670181266,0.25242046792537626,0.2833665790513053,-0.2786392163492774,-0.8056444545235314,-0.10669066153474113,-0.18663240099590642,0.7666740157203606,0.2759379108691295
32.93,-0.24083858106461054,-0.19933038109986892,-0.37208162998953304,-1.439973130159408,0.24892623471652348,0.2804858929206666,-0.2850761604487602,-0.7594966890541648,-0.09758936304101148,-0.17854651194423343,0.7735450958397931,0.28706413943631426
32.94,-0.24504639605315495,-0.20310026123922628,-0.3732511553247157,-1.4881185326609951,0.24536852007431456,0.2775495203834333,-0.29380478000228355,-0.7892219620778523,-0.08839451972884052,-0.17035373976153592,0.7901996041786056,0.2873843118634989
32.95,-0.24929353562495957,-0.20692179084902004,-0.3836589747644194,-1.4806167344347014,0.24174758084284032,0.27454762886397777,-0.2979210343990068,-0.7839174509098036,-0.07910779475789112,-0.16205646018609754,0.7972846121393083,0.2973669748960509
32.96,-0.2535793916824536,-0.21077342456007364,-0.382552696627902,-1.5134761936940428,0.23806369293231477,0.27147406046306144,-0.30192917108855266,-0.7884260600520585,-0.06973089162254772,-0.15365966111216436,0.8084384361219509,0.2830304700159855
32.97,-0.2579033440430464,-0.2146788033277887,-0.39039435677817985,-1.4701725631927087,0.23431715126702016,0.26834470983710157,-0.30879334746595005,-0.7818502490698855,-0.06026555357982463,-0.14515811999531525,0.8156525208315043,0.28226034271053524
32.980000000000004,-0.26226476058107595,-0.21863070128338913,-0.39434236657321053,-1.4558348532609104,0.2305082697273937,0.2651483776931592,-0.3183243102661953,-0.7485915974931833,-0.0507135630610791,-0.13655790674532353,0.825689920410518,0.2805188365370046
32.99,-0.2666629973727967,-0.2226257524934212,-0.39771020227289733,-1.4576570042010992,0.2266373810862865,0.26188680274265486,-0.31863144657465553,-0.7481554715738803,-0.04107674106767356,-0.1278598471109734,0.8325595638830979,0.27615223779290043
33.0,-0.27109739884435236,-0.226662206743357,-0.4028415228426091,-1.4688021268859408,0.2227048369393489,0.258560917240764,-0.32463438601874095,-0.7573300419083299,-0.03135694655079391,-0.11906510889871723,0.8449922107202535,0.2920883842494279
33.01,-0.2755672979226528,-0.23073910785737006,-0.4044674096158274,-1.4512645669636377,0.21871100762963874,0.25517130080672557,-0.3323448283629907,-0.7577395099934805,-0.021556075775800848,-0.1101750503313682,0.8544598574673616,0.26643923675977044
33.02,-0.2800720161891972,-0.23485577719029332,-0.4058650158017892,-1.4552327342383553,0.21465628216642532,0.2517183146399737,-0.3392466394348253,-0.7415405846265016,-0.011676061671206495,-0.10119116801328162,0.8605144884482406,0.2681682796639826
33.03,-0.2846108640367111,-0.23901158575933026,-0.4121130155722023,-1.4571185414053316,0.21054106813823945,0.24820225822226713,-0.34671018139863347,-0.7549627404268978,-0.0017188731627000853,-0.09211503187837274,0.8711599188222507,0.2731158769219675
33.04,-0.28918314082866503,-0.24320601301688383,-0.4164847711737856,-1.4522687719583507,0.20636579162016544,0.24462344753899115,-0.35333434445391426,-0.7438760718632819,0.008313485507731005,-0.08294825211782791,0.879047011056921,0.2840218897398775
33.05,-0.2937881350615429,-0.24743849757057812,-0.42005065393801094,-1.4645422318941537,0.2021308970754311,0.24098216480654944,-0.3588784568808139,-0.7620281760281136,0.01841897547707974,-0.07369249530067856,0.890541432260551,0.2819247839759334
33.06,-0.29842512452986214,-0.2517084996705253,-0.4266922109654532,-1.4598742931310655,0.1978368472513236,0.23727871631550065,-0.3658251302042882,-0.7243314733703183,0.028595523970882386,-0.06434946517127588,0.9007680400693882,0.2977800248453737
33.07,-0.303093376493909,-0.25601543847556124,-0.43144821886079193,-1.434771728157963,0.19348412306944465,0.23351344347676492,-0.36992503749761385,-0.7494979830991675,0.03884102502671774,-0.054920901075283524,0.9088558867675806,0.28425555247280426
33.08,-0.3077921478501447,-0.26035882113095105,-0.43206163237895945,-1.4457535223266742,0.18907322351033204,0.22968669991084237,-0.373169974376509,-0.7296501166417593,0.04915334023141474,-0.04540857513068264,0.9144826667804556,0.2746820901503854
33.09,-0.31252068530422805,-0.2647255349878198,-0.43328880021808547,-1.5623698807975452,0.18460466549251917,0.22579027082980058,-0.38243486730965204,-0.6466621779903556,0.059530299471608816,-0.035817409406428885,0.916258892514908,0.2884913248803123
33.1,-0.317278225546605,-0.2691298400222198,-0.4390999702430929,-1.4979207473129548,0.1800789837460425,0.22184731203978528,-0.38681127701879714,-0.736684548788311,0.06996970169734754,-0.02614122700371846,0.9293581116314035,0.27310149797718436
33.11,-0.32206399543066655,-0.2735761851670128,-0.43744734194973517,-1.461261521129325,0.1754967306804081,0.21784112255940402,-0.3928748340997643,-0.7316228148191235,0.08046931569855215,-0.016387507767813052,0.9375312759565761,0.2782630209549902
33.12,-0.3268772121533892,-0.2780495033584652,-0.44314722790454186,-1.479238647953118,0.17085847624713266,0.21377075423104963,-0.39800513526497405,-0.7272005171155783,0.09102688089389885,-0.006559298979974231,0.9434761985943673,0.2738236586891719
33.13,-0.3317170834384109,-0.2825648903003572,-0.4493662723101982,-1.4775213261914621,0.16616480779681336,0.20964454868732305,-0.405823509122739,-0.7220976424884746,0.10164010813185939,0.0033447816363416085,0.9515667554562923,0.2679572417705886
33.14,-0.3365828077215286,-0.2871153359161924,-0.45293554062214736,-1.4693432993388231,0.16141632993084282,0.20545764995020482,-0.4097430100916629,-0.7326258688165912,0.11230668050358653,0.01332052440306298,0.9555399885635485,0.27909606882574295
33.15,-0.341473574338563,-0.2916986026714038,-0.45552259062689887,-1.4537692132709474,0.1566136643477501,0.20121145481629457,-0.4136423307448976,-0.7397429865257683,0.12302425416735133,0.023366280098695288,0.9638224177675774,0.2724119712036808
33.160000000000004,-0.3463885637155192,-0.2963050951795008,-0.45111708934284145,-1.438999281623085,0.15175744968425706,0.19689866124531816,-0.4261904435283749,-0.7198164992785292,0.13379045918414353,0.03347807196129123,0.9696429822548466,0.2744597060916213
33.17,-0.3513269475610153,-0.3009362160958262,-0.46092274854040693,-1.4747641797577176,0.14684834135111388,0.1925404930446503,-0.4280974531217703,-0.7178090329676898,0.14460290036411425,0.04365842653259002,0.973403142377687,0.2840907371141769
33.18,-0.35628788906095465,-0.3056073134983199,-0.4629385749903553,-1.491414496349098,0.14188701136367785,0.18812449362773448,-0.42899515167041896,-0.6984478362541154,0.1554591581235829,0.053903893191613074,0.9843209286712397,0.2811247947872221
33.19,-0.3612705430753421,-0.31031097824096454,-0.4667336908351944,-1.4292527604278122,0.1368741481673954,0.1836496767656429,-0.43940874888214554,-0.7172214194293371,0.16635678935223136,0.06421032317609808,0.9915365600938276,0.25760069868024016
33.2,-0.3662740563372443,-0.315044251029641,-0.4707795666962847,-1.4489254619894394,0.13181045645815687,0.17911781603334045,-0.44403430825788204,-0.7078015585333814,0.17729332829009398,0.07457604121778745,0.9917774501139297,0.2819251007961397
33.21,-0.37129756765380345,-0.31980544790760923,-0.474505694556913,-1.435439375606092,0.1266966569976384,0.17453005059965387,-0.44926549106658376,-0.7025056514033329,0.18826628741407445,0.08499907434050813,1.0022132080084847,0.27299144266252623
33.22,-0.37634020810930835,-0.3245933854891218,-0.474214915486184,-1.4391262155884554,0.12153348642361679,0.16988718130004785,-0.4585214459621432,-0.701113138856498,0.1992731583336142,0.09547727802374997,1.0027246177270477,0.2719610722987631
33.230000000000004,-0.3814011012702167,-0.329407085014949,-0.47746846316040503,-1.4326558803808982,0.11632169705539602,0.16518990581926138,-0.46214628717008005,-0.6831606737601016,0.21031141269511391,0.10600842513130951,1.012538571776897,0.2861516050155047
33.24,-0.3864793633920992,-0.3342457617535643,-0.48437428832124263,-1.4432539634115165,0.11106205669435482,0.16043891564476187,-0.46607659186049627,-0.7145671293891932,0.22137850309479218,0.11659025708135426,1.0155318180313544,0.2737675200246697
33.25,-0.39157410362848866,-0.33910865675741453,-0.4825518830963216,-1.4477698632942055,0.10575534841966312,0.15563483446261603,-0.47310989745604326,-0.6916919343604275,0.2324718639996209,0.12722045561722212,1.0162935624800655,0.2685086055191831
33.26,-0.3966844242415176,-0.3439949972341589,-0.4854945331753433,-1.4387814228420894,0.10040237037927564,0.15077831344049358,-0.47509788672660447,-0.6982169967626357,0.24358891267595062,0.1378966783045254,1.0266451058759587,0.26238701257138297
33.27,-0.4018094208143587,-0.3489039445427487,-0.4887958647198481,-1.42486378179988,0.09500393557623407,0.14586998340254625,-0.47963742618691607,-0.6948823964715548,0.2547270501254503,0.14861654689257284,1.0297772670078966,0.2751987692200121
33.28,-0.40694818246534276,-0.35382035692892966,-0.48497238339181525,-1.565052921405172,0.08956087165036045,0.14090068245185347,-0.48666985018853176,-0.5719204922290677,0.2658836620279882,0.15937418431721545,1.0286697730497922,0.2934662724461587
33.29,-0.41209979206379965,-0.3587604495514944,-0.4917800083722579,-1.464281600264863,0.08407402065536201,0.13589738968643575,-0.4903395088681071,-0.6858189615868878,0.2770561196911732,0.17017623340578739,1.0377257907404158,0.2868407437015213
33.3,-0.41726332644746905,-0.36372936363327013,-0.49727284528290194,-1.4424561882371183,0.0785442388315051,0.13084110949634087,-0.49630033648434196,-0.7015696205432101,0.28824178100598774,0.18101398861108192,1.0417752694986107,0.2690440799405811
33.31,-0.42243785664148925,-0.3687210616497576,-0.4965676671435257,-1.4297883485559888,0.07297239637382419,0.12573376597736916,-0.501192442607039,-0.6833720758191363,0.2994379914083279,0.19188485186940682,1.0470376132103894,0.291188046903994
33.32,-0.42762244807888056,-0.3737325838737318,-0.5004184269069586,-1.4319827420775557,0.06735937719603131,0.12057724764401388,-0.5028664891485176,-0.6722131133235237,0.31064208484592826,0.20278681944100987,1.0482499249054695,0.2865768833391837
33.33,-0.43281616082250846,-0.3787622241178258,-0.5005018042742249,-1.4295021217719566,0.061706078690098504,0.11537285956771641,-0.510045210864325,-0.6682435764546882,0.3218513847503819,0.2137176231262921,1.0488919473786524,0.2845208599594697
33.34,-0.4380180497884163,-0.38379892818727035,-0.5008854495398352,-1.4601272972046064,0.05601341148168068,0.11011916712944704,-0.5154046993890166,-0.6767309469059707,0.33306320501382475,0.22467382420137946,1.0507508614631864,0.2831638100292118
33.35,-0.44322716497049924,-0.38885897784837425,-0.5038741912196001,-1.4306579970800133,0.05028229918141511,0.1048239025142741,-0.5195047214582461,-0.653296296851113,0.3442748509698226,0.23565577701276302,1.0532061684220937,0.2595380243662347
33.36,-0.4484425516665085,-0.39393601738991474,-0.5092649126104197,-1.4409610191202094,0.04451367813212831,0.09948224656362253,-0.5231349726775454,-0.6558442825724585,0.35548362037829706,0.24665863038255567,1.0547782758542217,0.2844521757471597
33.37,-0.4536632507052262,-0.3990279173256347,-0.509960248929119,-1.421596577413749,0.03870849715211701,0.09409570469675839,-0.5283736796633022,-0.6561781066607005,0.36668680441378926,0.2576800980881038,1.0568507091059118,0.28357916537397965
33.38,-0.45888829867487496,-0.40413326590701487,-0.5049947993924666,-1.4245630336669415,0.032867717274498776,0.08866542570664356,-0.5329926778057245,-0.6644222503037908,0.3778816886569449,0.2687177355748931,1.0604893308920302,0.2782897403494764
33.39,-0.46411672815259275,-0.4092508816400639,-0.5059844676265096,-1.4048876996767474,0.02699231148278204,0.0831923507879846,-0.5373227649231589,-0.6663364698997963,0.38906555408860877,0.279768997079378,1.060353884511053,0.27467268164202213
33.4,-0.4693475679350272,-0.4143648255914441,-0.5036696141456741,-1.5587112995748134,0.02108326444265217,0.07766715872869712,-0.5400837013886417,-0.5420864572046951,0.40023567808632343,0.29082774753830953,1.061596209262472,0.28722865946165194
33.410000000000004,-0.4745798432698965,-0.4194919686166559,-0.511010129332261,-1.4490544879984681,0.015141572230146727,0.07211821570487333,-0.5421493165531992,-0.651221683761285,0.41138933542270195,0.3019006609489269,1.0624491542787748,0.2695259050735193
33.42,-0.47981257608850314,-0.4246376275683089,-0.5153817160728829,-1.4241579251405885,0.009168242056252981,0.06652574435624231,-0.5484655744930799,-0.6696601794114946,0.4225237992652541,0.31297868294945536,1.0605727845719397,0.2692589770663531
33.43,-0.4850447852391799,-0.4297953600650036,-0.5125769208889905,-1.4050135094618788,0.0031642919879906195,0.06089192534310277,-0.5535362329171184,-0.6447006635790276,0.4336363421774775,0.32405902502035344,1.0641294488459223,0.28326989772597966
33.44,-0.4902754867215169,-0.43496209695054794,-0.5135532604993506,-1.3984390795358286,-0.002869249333878679,0.05521891056577673,-0.5579716876509803,-0.6231359504395089,0.4447242371205336,0.33513954896723247,1.0622030938883427,0.2703621874228447
33.45,-0.49550369392140997,-0.44012659688416383,-0.5083839692729627,-1.4158198799981387,-0.008931342980472948,0.04949877122673412,-0.5615281848515683,-0.6516314487242268,0.4557847584552992,0.34621559718107514,1.0600434535173775,0.27123053254168966
33.46,-0.5007284178467957,-0.44528080441554996,-0.5114895792532929,-1.4467445713716534,-0.015020940023617452,0.043746973522328224,-0.5628036386312821,-0.6533573220332493,0.466815182944328,0.3572871984373621,1.06161959782632,0.2888183318428244
33.47,-0.5059486673640797,-0.45044487678968015,-0.5140974441741928,-1.4363132262149294,-0.021136981827852258,0.03797317972080451,-0.56662588606177,-0.6541047411754312,0.4778127907533586,0.3683552432086371,1.062574089466536,0.2969123506342759
33.480000000000004,-0.5111634494351589,-0.4556288235496241,-0.5121985409732827,-1.4188052658753825,-0.027278400345464027,0.0321615131291514,-0.5685530400995231,-0.6606104500009046,0.4887748664519291,0.3794134913368185,1.0630713220971881,0.2882704445740102
33.49,-0.5163717693549641,-0.46081188275328405,-0.5157926981195422,-1.4360039312993078,-0.033444118414468205,0.02631036436254657,-0.5742960392922783,-0.650436837123115,0.49969870001267225,0.39045658633359914,1.0583548565097587,0.2834970321442233
33.5,-0.5215726309895299,-0.46599688614584905,-0.5182965760949853,-1.4174994927357834,-0.039633050059498326,0.020427089547782013,-0.5749337633625062,-0.6434227535623209,0.5105815878090166,0.40148443013480734,1.060686893408824,0.26678114524811086
33.51,-0.5267650370144775,-0.47117351872251056,-0.5143797361585938,-1.4836379816202256,-0.045844100795452966,0.014505435559450244,-0.5786860593350057,-0.6116331375524052,0.521420833610768,0.4124916354311495,1.0548277055649038,0.2862210915409142
33.52,-0.5319479891538528,-0.4763625211499709,-0.5155594193626355,-1.4216834790973873,-0.052076167933818,0.00856732124912886,-0.5837941911524607,-0.6525024082807385,0.5322137495772111,0.42348332553317886,1.0522486834692246,0.27067027335724364
33.53,-0.5371204884192892,-0.481558958607297,-0.5149192780372882,-1.3856181506490501,-0.058328140891592314,0.002594999730466024,-0.5850819101530678,-0.6262908522554057,0.5429576572473575,0.4344499349407904,1.0515190602737075,0.2725532328839406
33.54,-0.5422815353494406,-0.4867565312635759,-0.51704850208205,-1.3993481366601963,-0.06459890150273281,-0.0034080444469907437,-0.5859822355340014,-0.6200374154776611,0.553649888526977,0.44538954403353803,1.0498659052611132,0.27263954194320866
33.55,-0.5474301302495732,-0.49195206216915444,-0.5179384172999174,-1.3633683862272714,-0.07088732433196172,-0.0094394884618145,-0.591561976681507,-0.6282162602016171,0.56428778667189,0.45629999282141753,1.0463442632521132,0.2724925251360035
33.56,-0.5525652734313177,-0.49714362929854644,-0.5154339613878579,-1.3637702295297125,-0.07719227699091856,-0.015497718162454578,-0.5927892138076273,-0.5947184100241286,0.5748687072673033,0.46717883757847034,1.0434462382194445,0.2904523323933404
33.57,-0.5576859654524745,-0.5023299297605747,-0.5154158404154419,-1.3600063609646218,-0.08351262045648307,-0.02158144495267554,-0.5952388257897369,-0.612660973324416,0.585390019202611,0.47802350659895143,1.0388456619094137,0.26600595439269914
33.58,-0.5627912073568786,-0.5075098916576373,-0.5126598488235059,-1.3689156361898756,-0.0898472093912639,-0.027689515840950533,-0.5984746018706792,-0.6395283773451885,0.5958491056414837,0.4888313769881464,1.0371218821385482,0.3013525514311555
33.59,-0.5678800009141725,-0.5126824749006156,-0.5182579812486902,-1.3391744789274755,-0.09619489246605972,-0.03382085924399676,-0.6001763750019854,-0.6086478346811199,0.6062433649866699,0.49959979338052823,1.030866577321677,0.2859670284441792
33.6,-0.5729513488594943,-0.517846746001284,-0.5152705124454516,-1.3664783407427554,-0.10255451268423424,-0.03997434237807007,-0.5970302715299773,-0.613240427677447,0.616570211839178,0.5103261260467086,1.0295146811286948,0.3030827075279882
33.61,-0.5780042551330393,-0.5230017622577551,-0.509939473041257,-1.3463505104996492,-0.1089249077079614,-0.046148910389867286,-0.6021884879345607,-0.614995766668203,0.6268270779515919,0.5210077240351096,1.0266767380373745,0.2681553426249293
33.62,-0.5830377251193436,-0.5281371143245824,-0.511322481417978,-1.3501895036526927,-0.11530491018612346,-0.052345764267955744,-0.6023041045451087,-0.6149867417932687,0.6370114131748881,0.5316410368630511,1.0219550709776644,0.26797985373184036
33.63,-0.5880507658863473,-0.5332685737084062,-0.5100786187409176,-1.3581555878802882,-0.1216933480838818,-0.05855725895781208,-0.6069673269421048,-0.6225333440163345,0.6471206863986403,0.5422260332205435,1.015122125641074,0.2850502323204809
33.64,-0.5930423864240656,-0.538390029447507,-0.5089960259672884,-1.3385591822412912,-0.1280890450137083,-0.06478772502661867,-0.609367969345755,-0.6112436931609829,0.6571523864839918,0.5527579699828152,1.0110643395789274,0.2950760925612968
33.65,-0.5980115978829179,-0.5434992805381409,-0.5043752530389972,-1.334253104818937,-0.1344908205678932,-0.07103540824910602,-0.6133242523870837,-0.5932822267509431,0.6671040231892721,0.5632344879970352,1.0072603200964942,0.2845089903778531
33.660000000000004,-0.602957413811575,-0.5485948911378223,-0.5072292823776219,-1.2999007626369057,-0.1408974906523319,-0.07729883504557941,-0.6098681373560082,-0.6079224360416567,0.6769731280876687,0.5736531321997577,0.9987456131204143,0.2797337875364462
33.67,-0.6078788503942756,-0.5536567615836921,-0.5022641525128835,-1.4240918977043413,-0.1473078678215129,-0.08358582374318708,-0.6134593762394916,-0.591858004556805,0.6867572554766693,0.5840080162754161,0.9901700137266809,0.2781707050469685
33.68,-0.6127749266876183,-0.5587120989524151,-0.4994002376699357,-1.3491450726219847,-0.1537207616146538,-0.089870519547595,-0.616465665322889,-0.6301061839331786,0.6964539832790361,0.5943056555809213,0.9879016596032311,0.2899169870996019
33.69,-0.6176446648566869,-0.5637579995995101,-0.5038101738810487,-1.3447357210443356,-0.16013497889282224,-0.09617116113084562,-0.6186931789740219,-0.6069248534456206,0.7060609139347014,0.6045365609972624,0.9809159152410428,0.2960837370861509
33.7,-0.6224870904105088,-0.5687890379951308,-0.5013105514556201,-1.297124198874941,-0.1665493241769495,-0.10248468660187743,-0.6195282011779607,-0.6095244368984023,0.7155756752834712,0.6146987398839635,0.9746642817853162,0.28973526335172656
33.71,-0.6273012324367345,-0.5738023847997197,-0.5012907064014711,-1.3204150859927843,-0.17296259998665603,-0.10880884243704507,-0.6179140774911055,-0.6050071483261338,0.7249959214379977,0.6247901019275125,0.9676807777981181,0.28500579079873783
33.72,-0.6320861238355737,-0.5787963266062836,-0.5013393221879747,-1.2996056355450656,-0.17937360717979553,-0.1151420295277334,-0.6200466441427708,-0.5995704075725337,0.7343193336468323,0.6348083324065815,0.9618441224985353,0.31546878906431075
33.730000000000004,-0.6368408015528199,-0.5837695888184392,-0.49644046466643227,-1.299081723121891,-0.1857811452925539,-0.12148289115042711,-0.6186871605336997,-0.6034617571331711,0.7435436211471048,0.6447510337418257,0.9545115299972559,0.29008869544624494
33.74,-0.64156430681196,-0.5887210047556339,-0.4941683411889807,-1.3072885192799153,-0.1921840128800494,-0.12783023055226123,-0.6203294217932556,-0.5841207105019598,0.7526665220064703,0.6546157679344715,0.9478002664828047,0.278156330341261
33.75,-0.646255685345344,-0.5936495760181479,-0.4916157429083667,-1.3086228800267994,-0.1985810078573449,-0.1341827857436178,-0.6211877385863248,-0.5971493023818011,0.7616858039541614,0.6644001344637402,0.9407248514232708,0.3021380086063782
33.76,-0.6509139876242934,-0.5985543394739162,-0.4892101223147303,-1.2790241703750036,-0.2049709278407006,-0.14053940530646788,-0.6202148764900078,-0.5764700473448321,0.7705992652005816,0.6741017194294301,0.9283077551359846,0.30140132635610334
33.77,-0.6555382690881206,-0.603434378610798,-0.4853620123393189,-1.2881971526098799,-0.21135257048903186,-0.1468988816020141,-0.6204782376177138,-0.581460727853057,0.7794047352452728,0.6837181458968513,0.9174706404722706,0.285452484511974
33.78,-0.6601275903720117,-0.6082887247958342,-0.48354981450475015,-1.3018792136142765,-0.21772473384540375,-0.15326008675928865,-0.6206455427914667,-0.5841931595097413,0.7881000756728751,0.6932470364259768,0.9143155241162085,0.2876579008279314
33.79,-0.6646810175337194,-0.6131164318413429,-0.48087666693816633,-1.2801932432230432,-0.22408621667855297,-0.15962181694991848,-0.6237258024452327,-0.5865672504956206,0.7966831809367985,0.7026860568947314,0.9064812078256959,0.3010263778984086
33.8,-0.6691976222789706,-0.6179165737528108,-0.4777339116443461,-1.2662799539305571,-0.23043581882420472,-0.1659828949731879,-0.6203242324467055,-0.5786160783134899,0.8051519791302454,0.7120328937070681,0.8971222092474346,0.3013400380154892
33.81,-0.673676482185593,-0.6226882087242805,-0.47514898445661985,-1.2761098231258317,-0.23677234152620416,-0.17234213949643754,-0.6190518422440757,-0.585173020802818,0.8135044327443114,0.7212852579600081,0.8860913758232765,0.29428055367680545
33.82,-0.6781166809262358,-0.6274304408186928,-0.46894941489070435,-1.2694637318981203,-0.2430945877772443,-0.17869835364398615,-0.6182214704815906,-0.5595153394267685,0.8217385394128134,0.730440893792503,0.8800812788571201,0.3029216325783294
33.83,-0.6825173084897139,-0.6321422554796421,-0.4686694002967786,-1.2592585251269692,-0.24940136265920423,-0.1850504049645429,-0.6153156526441842,-0.5920516888069628,0.8298523326436842,0.7394975490765782,0.8687714881763103,0.3121957191980853
33.84,-0.6868774614008437,-0.6368227791022374,-0.46471295254396283,-1.2521289073014634,-0.255691473682897,-0.19139705817758604,-0.6198893202701713,-0.5767777298227798,0.8378438825364392,0.7484530391418223,0.8564825287476806,0.3050350437608406
33.85,-0.691196242938745,-0.6414710866347784,-0.4593959955593942,-1.245295289403389,-0.26196373112714844,-0.19773714898630743,-0.620314809781753,-0.571223696797274,0.8457112964855846,0.7573051819763302,0.8506452679328955,0.3066219315870404
33.86,-0.695472763353582,-0.6460862520739183,-0.45637605960721284,-1.2525982438369982,-0.26821694837715093,-0.2040694701716344,-0.6171618520211349,-0.5746728867072128,0.8534527198696509,0.7660518364745618,0.8372830139882741,0.2956517569808661
33.87,-0.6997061400816511,-0.6506490694899867,-0.4547581895698217,-1.3077874458421581,-0.27444994226193037,-0.21039890862745014,-0.6221247065334012,-0.594059490550137,0.8610663367255414,0.7746886277494024,0.8282878209289304,0.288172782631976
33.88,-0.7038954979587784,-0.6551889903982508,-0.4498834446679617,-1.2557097730679874,-0.2806615333908319,-0.21670740104468403,-0.616577690769905,-0.6006967753338234,0.8685503704079623,0.7832197340699101,0.8167211804303742,0.3005922507213906
33.89,-0.7080399694319621,-0.6596981546600178,-0.4488574273633707,-1.2502133050406463,-0.2868505464889468,-0.2230074899667988,-0.6127331117002178,-0.5854390595661483,0.8759030842336232,0.7916380678970112,0.8069741476925262,0.3035762838102686
33.9,-0.7121386947692496,-0.6641725383890819,-0.44101273275200614,-1.2395599845445608,-0.2930158107313775,-0.2292963501305215,-0.6151363109305794,-0.5841129536086883,0.8831227821100787,0.7999421786486987,0.7965494111027964,0.303824452414736
33.910000000000004,-0.716190822267744,-0.668609963641054,-0.4418943234064233,-1.2401812428617192,-0.29915616007620816,-0.23557202558506748,-0.6085012956349692,-0.5717511652685667,0.8902078091487725,0.8081303719085127,0.7853378012224773,0.28834500354542697
33.92,-0.7201955084597039,-0.6730089630803715,-0.4329292608737718,-1.2295941479973473,-0.305270433596082,-0.24183308791647648,-0.6120198929482366,-0.5866072400938211,0.8971565522621914,0.8162008023910294,0.776714276838409,0.3146356343725557
33.93,-0.7241519183167229,-0.6773683844621761,-0.43300746697940323,-1.237698013306423,-0.3113574758083439,-0.24807818801250234,-0.6079047520974137,-0.5866912968072907,0.9039674407448478,0.824151617638864,0.7597224583370852,0.3104424504143255
33.94,-0.7280592254518867,-0.6816872599465064,-0.42851268060619413,-1.2082237734843164,-0.3174161370035571,-0.25430609208700267,-0.6099956953622987,-0.5783782922938353,0.9106389468378058,0.831980966785131,0.751000485231955,0.300641044314288
33.95,-0.7319166123198864,-0.6859646875647045,-0.4281250121488304,-1.2198393276389115,-0.3234452735723584,-0.260515611168236,-0.6062061030479617,-0.5727582299349687,0.9171695862766358,0.8396870186160628,0.74082575734885,0.30149362934258633
33.96,-0.7357232704150252,-0.6901998382839876,-0.4197870308925227,-1.2115167423705677,-0.32944374833051887,-0.26670555279917235,-0.6065365914290493,-0.5818585252239652,0.923557918822444,0.8472679829025515,0.7228127012312067,0.3106643690337676
33.97,-0.7394784004671059,-0.6943749855707805,-0.4144546557154598,-1.2288269154519955,-0.3354104308421512,-0.2728802784548048,-0.598217465611789,-0.5955392954439188,0.929802548775919,0.8547200687630908,0.7126664413092725,0.3199731646536291
33.980000000000004,-0.7431812126350864,-0.6985172175775385,-0.40770228711203477,-1.2295593198323855,-0.341344197740907,-0.27902325970766295,-0.5995418524360584,-0.5841778854986498,0.9359021254740475,0.8620471630991914,0.6982472295809026,0.32419786922442834
33.99,-0.7468309266985054,-0.702619404578397,-0.4108758987165036,-1.2124887059132807,-0.34724393304909174,-0.2851458233580432,-0.5958922812792904,-0.5858384689066819,0.941855343769384,0.8692430714774458,0.6898311470334397,0.30825603103343885
34.0,-0.7504267722466369,-0.7066778093169793,-0.40036727466274696,-1.209254393206675,-0.3531085284946447,-0.29124534271920005,-0.5975059117971478,-0.5732783418913275,0.9476609444917008,0.8763066476749161,0.6770993260233086,0.3130274691378261
34.01,-0.753967988865272,-0.710682839787261,-0.394974408750324,-1.2160240455991755,-0.3589368838257958,-0.29732735757508216,-0.5965884410454814,-0.5654973618037553,0.9533177148917473,0.8832348797517202,0.662422836660818,0.31175195070719136
34.02,-0.7574538263211514,-0.7146351663776839,-0.3940459770665393,-1.2226467860434664,-0.364727907123393,-0.303371710679848,-0.5891403219240332,-0.5790513418909891,0.9588244890670452,0.890030030885968,0.6518200951162062,0.31779256133297956
34.03,-0.7608835447439354,-0.718541095479458,-0.38821096907267066,-1.2145956795915527,-0.3704805151107199,-0.30939117685096995,-0.5844091011290871,-0.6066384038629421,0.9641801483694565,0.8966886553592545,0.6356553708469204,0.30424146907439586
34.04,-0.7642564148057387,-0.7224073710609529,-0.3879590833799883,-1.1927177738273034,-0.3761936334608126,-0.31538053702853813,-0.5822265191163267,-0.58511761499535,0.9693836217944607,0.9032097192424972,0.622800131882233,0.32546648206068485
34.05,-0.7675717178981121,-0.7262266806540387,-0.38032139058355263,-1.1845451425272138,-0.3818661971010761,-0.3213417982858982,-0.5826474638767875,-0.5862281294411321,0.9744338863519018,0.9095906335454966,0.6099660285115996,0.30559092038125174
34.06,-0.7708287463064898,-0.7299963574538668,-0.37749546284390983,-1.1682291378535414,-0.3874971505151632,-0.3272727859157077,-0.5795457534032453,-0.5840546391988677,0.9793299674181005,0.9158303940838661,0.5989692993889396,0.3450166712305266
34.07,-0.7740268033820069,-0.7336917645904106,-0.3679271361373194,-1.2347816233706645,-0.39308544804201817,-0.33317933241992026,-0.5733743401183141,-0.6085468418239929,0.9840709390691821,0.9219251312656371,0.5832478928056506,0.3257420360460109
34.08,-0.7771652037106981,-0.7373502258894437,-0.3620406030125693,-1.192218199229956,-0.39863005417200165,-0.3390394224958487,-0.5725889862506288,-0.5921960917458873,0.988655924395518,0.9278811048861657,0.5661207156342544,0.32638955536153696
34.09,-0.7802432732799903,-0.7409620567820397,-0.35835549262179617,-1.1825228610557112,-0.4041299438399797,-0.3448688526097726,-0.5669031356691566,-0.6074250895785207,0.9930840957970968,0.9336910064415817,0.5552061865878101,0.3308194525462784
34.1,-0.7832603496424622,-0.7445225255500207,-0.3513922745619618,-1.145617357096042,-0.40958410271528783,-0.3506643919259143,-0.5667475685381301,-0.5886159116823145,0.9973546752597561,0.9393543483631023,0.5435928569285412,0.3378431321703036
34.11,-0.7862157820768506,-0.7480292080956994,-0.3449120601319621,-1.142864015685241,-0.4149915274885376,-0.35642407509830376,-0.5614124360380978,-0.5864915121705946,1.0014669346121707,0.9448702907711951,0.5276355657636947,0.3228879448538174
34.12,-0.7891089317462396,-0.7514806818335723,-0.34310362993444715,-1.1463350890394963,-0.42035122615509396,-0.36214643307260636,-0.5545379872143786,-0.5774539770932773,1.0054201957634605,0.950237858498127,0.5146330516295078,0.33756884070985765
34.13,-0.7919391718533944,-0.7548760158907935,-0.33301663376356044,-1.1365108859233377,-0.4256622182951992,-0.36783020261117993,-0.5534254730872151,-0.5950277265722338,1.0092138309213499,0.9554560485966166,0.49816151492721844,0.33143104618123426
34.14,-0.7947058877932136,-0.7582144101237731,-0.3328036519641564,-1.1412675794879945,-0.4309235353506243,-0.3734743085428563,-0.5499490201358007,-0.5918279568673773,1.0128472627907834,0.9605238460085237,0.4809290699812206,0.34632180566391196
34.15,-0.79740847730227,-0.7614951198748439,-0.3268429042994044,-1.1598243666121508,-0.43613422089780174,-0.3790776862441132,-0.5469665115587061,-0.5920320441724074,1.0163199647529484,0.9654402780075281,0.4709395521163671,0.33503164834291643
34.160000000000004,-0.8000463506053718,-0.7647174062635466,-0.3162015572037468,-1.1467154568880542,-0.44129333091730405,-0.3846392881681101,-0.5418279276789288,-0.5866592085538991,1.0196314610245865,0.970204414271789,0.451975869130247,0.32977306194052275
34.17,-0.8026189305591247,-0.7678744529582094,-0.3157480112459542,-1.145925695415003,-0.44639993405961026,-0.3901594478780976,-0.5370008007687407,-0.5803844479416345,1.0227813267975625,0.9748148740907668,0.4413488960999267,0.34780456655123193
34.18,-0.80512565279249,-0.7709766704293692,-0.3049628125416687,-1.1252666544568921,-0.45145311190710974,-0.3956331868034558,-0.531405579051821,-0.5939862380258707,1.0257691883586548,0.9792722705398588,0.42818022827468555,0.33744550878017376
34.19,-0.8075659658442457,-0.7740199447203446,-0.3027354771213109,-1.104192823717303,-0.4564519592322094,-0.4010628551845711,-0.5267704143427516,-0.5898761302456391,1.0285947231894776,0.9835745976561345,0.40962763176013484,0.33297159934831044
34.2,-0.8099393312973575,-0.777002829225258,-0.29434206198179796,-1.1333527029170316,-0.4613955842515013,-0.4064470156619944,-0.5250406177381517,-0.5930019921044247,1.031257660046531,0.9877212725090138,0.3935648110050269,0.34118982269712533
34.21,-0.812245223910214,-0.7799243262727166,-0.28897409275395963,-1.1296879467215795,-0.4662831088758809,-0.4117845327482318,-0.5170874845029928,-0.5954981198652768,1.0337577790213284,0.9917116656064072,0.380625402897821,0.3403028102161578
34.22,-0.8144831317447073,-0.7827837618818637,-0.28085693403257406,-1.1062704992153127,-0.4711136689566129,-0.4170743001207536,-0.518498857295474,-0.5966690336780928,1.0360949115806126,0.99554518210602,0.363964102399868,0.33812922739434786
34.230000000000004,-0.8166525562910959,-0.7855804299325214,-0.2780289935075783,-1.1018671137904135,-0.4758864145271565,-0.4223153841290403,-0.5111365955392572,-0.6073556994447662,1.0382689405866035,0.9992212240092374,0.34988629112451375,0.3411146897137883
34.24,-0.818753012589649,-0.788313713961756,-0.271168497804828,-1.1100902058179578,-0.4806005100407682,-0.42750678712586604,-0.5065604563936419,-0.5926453750821594,1.0402798002972975,1.002739265733187,0.3353163709091359,0.3438482477229295
34.25,-0.8207840293490412,-0.7909830965100612,-0.2645145056336001,-1.0876494092207303,-0.4852551346037901,-0.4326475858585491,-0.5018682478215907,-0.5875033651546441,1.0421274763468233,1.0060988164445666,0.3205850517103255,0.34049976468619214
34.26,-0.8227451490614379,-0.7935879511770713,-0.25994461065195457,-1.127277663925563,-0.48984948220451097,-0.43773685731351053,-0.49787695783706776,-0.5964764001850419,1.0438120057058575,1.0092994302148468,0.30704742125107465,0.34568696537519567
34.27,-0.8246359281142877,-0.7961277752705523,-0.24877446599570918,-1.103243760717938,-0.49438276193758757,-0.442773660008172,-0.48817636553127564,-0.6145422942814259,1.045333476622111,1.012340726948182,0.29087037892372664,0.34616698017494724
34.28,-0.8264559368987483,-0.7986020913082025,-0.24695318958494636,-1.0781068025639426,-0.49885419822390265,-0.4477571212396107,-0.4856396409693384,-0.608649889829896,1.046692028540931,1.0152223598321042,0.2769726873762081,0.3643824976129905
34.29,-0.8282047599147626,-0.8010102749556,-0.24364950854421816,-1.0829517291091175,-0.503263031025858,-0.452686398128478,-0.4804690615007046,-0.6149207239532253,1.047887852006034,1.0179440227816916,0.26095006555510475,0.3488815284385196
34.300000000000004,-0.8298819958727286,-0.8033517981003088,-0.234736394349116,-1.079147824621254,-0.5076085160579672,-0.4575605703591316,-0.4734767089462409,-0.6053699441878262,1.0489211885404326,1.0205054892098222,0.24483926995605118,0.36398115036711703
34.31,-0.8314872577917403,-0.8056262155065173,-0.2286905775785362,-1.083916417593259,-0.511889924992717,-0.46237877451641884,-0.4686574868278428,-0.6137076898075329,1.0497923305075862,1.0229065751804924,0.2274337498161566,0.36106628146683395
34.32,-0.8330201730943999,-0.8078330376091201,-0.21822662730574718,-1.0819884569359774,-0.516106545661666,-0.4671401851880947,-0.46191024210920717,-0.6285032617439805,1.0505016209528475,1.0251471319620586,0.21403765799909,0.3484031935070939
34.33,-0.8344803836981487,-0.8099717650444549,-0.21214175821084982,-1.0772327724796482,-0.5202576822516496,-0.4718439705419828,-0.45701224765022624,-0.6124877388314024,1.0510494534252688,1.0272270724887853,0.19545074061919443,0.37027248764074006
34.34,-0.8358675461031108,-0.8120385986540459,-0.20536436535646993,-1.0922605845928333,-0.5243426554960925,-0.4764900622098271,-0.4533470469498441,-0.6291046584744098,1.0514362717798316,1.0291460850999015,0.18445858399685125,0.3550745280290892
34.35,-0.8371813314764175,-0.8140389336572192,-0.19719423504804487,-1.0634907213918696,-0.5283608028613256,-0.4810755449589561,-0.4446304214828709,-0.6293120356280586,1.0516625699602105,1.0309049511129207,0.17036553013184225,0.35567677434662115
34.36,-0.8384214257330093,-0.8159705457180563,-0.1923592524345456,-1.0807711143814693,-0.5323114787279005,-0.48560138457211743,-0.44122508436088265,-0.6204229055366378,1.051728891762118,1.0325030991207855,0.15078777602495422,0.3596852514710354
34.37,-0.8395875296128745,-0.8177922517221784,-0.1805430582679493,-1.4586287304104744,-0.5361940545667957,-0.4900924512171347,-0.438098642706926,-0.3592305564187372,1.0516358305773679,1.0339324115061237,0.13615715741324083,0.40135736854767556
34.38,-0.840679358754717,-0.8195512508871781,-0.1787235046939288,-1.1619677384243576,-0.540007919110489,-0.4944780952149064,-0.42885263674519886,-0.6726300000956223,1.051384029118742,1.0352150844223735,0.12097898455880224,0.3711595040308512
34.39,-0.8416966437660318,-0.8212647937781541,-0.17134090773209196,-1.0928354718992401,-0.5437524785188318,-0.4988111555909361,-0.4197091403429412,-0.6388596207639007,1.0509741791257758,1.0363353429507627,0.1055963906973795,0.36685443061447787
34.4,-0.8426391302895788,-0.8229166962118082,-0.1656577109997246,-1.0681286838241995,-0.5474271565397065,-0.5030866653977267,-0.4137234469894669,-0.6421845105865558,1.0504070210515923,1.037293773551852,0.09143820777994452,0.3737098680698591
34.410000000000004,-0.8435065790662213,-0.8245004748783735,-0.15997145577146654,-1.043991722408116,-0.5510313946643568,-0.5073006785051671,-0.40905900808074414,-0.6262746052812701,1.0496833437308957,1.0380918689818952,0.07316706964870222,0.3553052789084843
34.42,-0.8442987659941299,-0.8260133669991963,-0.15153346928778103,-1.0358166412144807,-0.5545646522773986,-0.5114510798814399,-0.39955326691624304,-0.6414435584047313,1.0488039840292807,1.0387305082692297,0.05953397408266984,0.36102871290477306
34.43,-0.845015482184335,-0.827449290045874,-0.1423989252782247,-1.09231447760284,-0.558026406801457,-0.5155397321979007,-0.396862477618636,-0.5992348914323742,1.0477698264739959,1.039209304345886,0.045639498022413114,0.37859792919179264
34.44,-0.8456565340126008,-0.8288132075875948,-0.13677866798022648,-1.0544432856359869,-0.5614161538363521,-0.5195574881239589,-0.39136644279865546,-0.6374000048969183,1.0465818028662892,1.0395314318441626,0.030192330892433086,0.37186873171188495
34.45,-0.8462217431676274,-0.8300719853909282,-0.12774519216296684,-1.2093975723090356,-0.5647334072928405,-0.5235252240759195,-0.38071749309900327,-0.635523888291568,1.0452408918755398,1.0396901023395193,0.010643330649351876,0.38354002347758875
34.46,-0.8467109466955525,-0.8312796422312064,-0.12248697079762898,-1.0902647507671372,-0.5679776995208123,-0.5274060067895885,-0.38291478293006587,-0.68102442475838,1.0437481186152897,1.0398295144257017,0.06112768261307541,0.3787731006080116
34.47,-0.8471239970407529,-0.8324293528185358,-0.1106716501264323,-1.0158970632982676,-0.5711485814319822,-0.5312199340807928,-0.3665851939842763,-0.591877188365479,1.0421045542013891,1.0399833050894174,-0.007671099559886819,-0.24895979883788422
34.480000000000004,-0.8474607620829311,-0.8335090573440802,-0.11039605950672572,-1.0560111028245378,-0.5742456226169618,-0.5349724788516446,-0.3679708946581183,-0.7016711983040519,1.0403113152924215,1.040060488406957,0.028747299984471602,0.2689344370856666
34.49,-0.8477211251704743,-0.8345055020052083,-0.09483297556670657,-1.0096971369558263,-0.5772684114567137,-0.5386532230421297,-0.35890371148589945,-0.5945482141392402,1.0383695636125807,1.0398374070119165,-0.04785092889930969,-0.2305827091276409
34.5,-0.8479049851500877,-0.8354305165276597,-0.0945804733671224,-1.0338811152973244,-0.5802165552283722,-0.5422690426717435,-0.347893677485033,-0.645764726835259,1.0362805054572264,1.0396901096121152,-0.0007980177749940925,-0.25161521347151744
34.51,-0.8480122563926822,-0.8362811469974843,-0.084240524226635,-1.0421164003544783,-0.5830896802053493,-0.5458127221726045,-0.34370043270090067,-0.6335653478129349,1.0340453911812815,1.0393722031235082,-0.01535237280579455,-0.32239607527143327
34.52,-0.8480428688155215,-0.8370585858198883,-0.07876921929514781,-1.0453011435536017,-0.5858874317517467,-0.5492826399143654,-0.3341649366225132,-0.6646795939358625,1.031665514670711,1.0390027475993586,-0.0400991460568359,-0.31478422358846175
34.53,-0.8479967679006156,-0.8377611486919626,-0.06704836693599915,-1.0030003009113198,-0.5886094744109966,-0.5526809977292831,-0.33301822729242664,-0.6850150124229148,1.0291422127972996,1.038429121218003,-0.05740769069639308,-0.3314723244250974
34.54,-0.8478739147093577,-0.8383873054636127,-0.05858916275815602,-1.0266632633726283,-0.5912554919887589,-0.556008461263346,-0.3211885302787009,-0.6675870981171732,1.0264768648568925,1.0376567108001598,-0.07542775878591135,-0.33415141122852615
34.550000000000004,-0.8476742858934043,-0.8389377441358363,-0.05642156945777931,-0.9986498748793432,-0.5938251876300034,-0.5592641059080181,-0.3170227387046648,-0.6713692055108093,1.0236708919914208,1.0366911994009778,-0.09212898526432567,-0.32171298771722334
34.56,-0.8473978737017918,-0.839410081059871,-0.04561358052084363,-1.0079042834344687,-0.596318283890269,-0.5624486508367017,-0.30662031852438393,-0.6732915101734677,1.0207257565948633,1.0355372896006134,-0.11271342180116187,-0.3145151853382297
34.57,-0.8470446859842877,-0.8398079068373658,-0.03977418887075565,-1.0208868357216148,-0.5987345228010974,-0.5655587654504869,-0.29978197297423087,-0.6918919389220508,1.0176429617034235,1.0342008006541317,-0.12993098760879268,-0.3238967494041536
34.58,-0.8466147461909808,-0.8401297490169148,-0.03154221040994865,-0.9865310758844941,-0.6010736659295959,-0.5685973425428967,-0.29751603962892925,-0.6735639809126458,1.0144240503701878,1.0326851198740468,-0.14585284535365056,-0.31353587764875723
34.59,-0.8461080933681027,-0.8403738215262428,-0.02296508427230757,-1.0329159950140963,-0.6033354944321178,-0.5715620533672334,-0.28818744228168464,-0.6651885794367554,1.0110706050244527,1.0309948718279491,-0.16204693509432422,-0.3276523308742188
34.6,-0.8455247821500892,-0.8405436766287933,-0.016090598380831343,-1.0222714337646235,-0.6055198091020535,-0.5744516067054913,-0.27918183519250256,-0.6920361972576429,1.0075842468160825,1.0291345597046897,-0.17897797418196001,-0.2943006522161249
34.61,-0.8448648827478762,-0.8406388232177823,-0.007766743398582479,-0.9816435995128785,-0.6076264304117205,-0.5772675995847377,-0.2719007038869676,-0.6924675025865351,1.0039666349450338,1.0271071895601889,-0.1971604912259765,-0.31914011035931455
34.62,-0.8441284809334404,-0.8406585712011397,0.0023829452303542106,-1.0122628803961364,-0.6096551985483182,-0.5800092496808179,-0.26667973922022903,-0.6892310811461584,1.0002194659764605,1.0249164277557286,-0.2109793035631936,-0.3094630396867513
34.63,-0.843315678020581,-0.8406947021822958,-0.0003570523092761697,-0.7155860975202505,-0.6116059734439674,-0.5826482731522233,-0.2603417895267395,-0.6310728853548746,0.9963444731415483,1.022576185713013,-0.22643384609399553,-0.30884002605115857
34.64,-0.8424265908419564,-0.8407299375916659,-0.015437041427106439,-0.5924406579423466,-0.613478634799791,-0.5851954901794477,-0.23570839989351391,-0.6132668775918008,0.992343425624464,1.0200818507904041,-0.23887211887467555,-0.2952571069617018
34.65,-0.8414613517223686,-0.8407832438422941,-0.0033299717035364454,0.21562984963923185,-0.6152730821040719,-0.5876976463754423,-0.2474100463251708,-0.939008883787334,0.9882181278356386,1.0174286936068817,-0.2574190721452172,-0.32996292388986426
34.660000000000004,-0.8404201084483149,-0.8407510808722674,0.005788473622654703,0.2742323859990892,-0.6169892346444429,-0.590148869284046,-0.24094337092925597,-0.9160536016455368,0.9839704186716987,1.0146131309235196,-0.27523529759995435,-0.3445763058959018
34.67,-0.8393030242338109,-0.8407161451487899,0.00924510112603493,0.6001244432457846,-0.6186270315141256,-0.5924983126874658,-0.23912696962386726,-0.9469867320459794,0.979602170762399,1.011659231631091,-0.2868124583484938,-0.3518413475326515
34.68,-0.8381102776824794,-0.8406696298727515,-0.0018586754517198965,0.615163265950362,-0.6201864316122218,-0.5947634389378176,-0.2127801820783782,-0.8169759039179375,0.9751152897047392,1.0085604103377197,-0.29702161860603243,-0.29749102243406145
34.69,-0.8368420627459405,-0.8405694480134104,0.001492781273547644,0.9782013716891019,-0.6216674136380453,-0.5969639305388169,-0.2054992789252607,-0.8425665621811959,0.9705117132847118,1.0053177548765413,-0.3137369990132987,-0.32112149238759147
34.7,-0.8354985886784893,-0.8405004155871065,0.0033121431532652052,1.2984689860399106,-0.6230699760794971,-0.5990885119886019,-0.20453502690805836,-0.7438659134890077,0.9657934106869168,1.0019356960459398,-0.3316485947007183,-0.3003920428012884
34.71,-0.8340800799880865,-0.8403550611388974,0.018438711499052393,1.4430044844659908,-0.6243941371954986,-0.601162620042524,-0.20013746575866803,-0.7017552208754358,0.9609623816923664,0.9984063813754789,-0.34398798507102596,-0.3157174741793748
34.72,-0.832586776383666,-0.8401030178774119,0.024768266661213265,1.4621570059474698,-0.6256399349924862,-0.6031674645059677,-0.19643851160857567,-0.6899877189773177,0.9560206558648349,0.9947393844831552,-0.3534320705837129,-0.3190343234246538
34.730000000000004,-0.8310189327187737,-0.839739356264569,0.03548706622722655,1.522557060786485,-0.6268074271949649,-0.6050946539580311,-0.18463845408252777,-0.6764545812760738,0.9509702917260459,0.9909403447102025,-0.3674990801550388,-0.3000014292680493
34.74,-0.8293768189315639,-0.8392551670011545,0.0489551659648975,1.4913399638178695,-0.6278966912101402,-0.6069441404309056,-0.1767073224873286,-0.677407445959586,0.9458133759200862,0.9870116646781418,-0.3779582964335066,-0.3041320089489896
34.75,-0.8276607199811439,-0.8386551819629096,0.06358276778678723,1.4886953125816982,-0.6289078240866458,-0.608712777138717,-0.1710817104880672,-0.701521943947378,0.9405520223673177,0.9829569317141525,-0.3913510551470967,-0.2914590608516545
34.76,-0.8258709357803009,-0.8379431299776144,0.07103124398580549,1.5010733375208805,-0.6298409424673579,-0.6104008112765089,-0.16160072670008022,-0.6882417727121279,0.9351883714081601,0.9787784099511506,-0.4047161049584862,-0.2817881526430481
34.77,-0.8240077811246286,-0.8371227573004554,0.08210062834535234,1.491274061588258,-0.6306961825363403,-0.6120085201973628,-0.15491215758172583,-0.6960935296779461,0.9297245889371253,0.9744783372036617,-0.4142278902715492,-0.29858600689517995
34.78,-0.8220715856180588,-0.8361975097799215,0.09326294547455656,1.4699442618431424,-0.6314736999599133,-0.6135362535673551,-0.14523732337406825,-0.7189988842982129,0.924162865527386,0.9700589132949464,-0.4264694840616868,-0.29957130915387037
34.79,-0.8200626935948185,-0.8351705997609319,0.1021049375380389,1.479127917044902,-0.6321736698218834,-0.6149843568375044,-0.1380829321291827,-0.7273983283736439,0.9185054155462664,0.9655223379521715,-0.43932113518428295,-0.29571222415577514
34.800000000000004,-0.8179814640378459,-0.8340448737116377,0.11413584218344353,1.4894186316645202,-0.6327962865529384,-0.6163531580268202,-0.13128349801803907,-0.7061298264099515,0.9127544762620459,0.9608708118784043,-0.44809581325734943,-0.30795087748641486
34.81,-0.8158282704936716,-0.8328229575237204,0.12291525455942857,1.4682673228130485,-0.6333417638542427,-0.6176429442574382,-0.11978119829280377,-0.7363053589032534,0.9069123069423665,0.9561065532028007,-0.4585452314436983,-0.2826109192132606
34.82,-0.813603500983784,-0.8315072998427555,0.13185886491978457,1.4774890767833373,-0.6338103346152566,-0.6188539750039493,-0.11666287402564093,-0.7406470415542494,0.9009811879446661,0.9512317943468171,-0.46829070214827256,-0.2826753376806848
34.83,-0.8113075579125093,-0.8301001516910879,0.14020124768215686,1.487949019581354,-0.63420225082579,-0.6199865403011185,-0.11065894071503693,-0.7384183539623258,0.8949634197989653,0.9462487654544025,-0.48065997453687354,-0.29757331035059337
34.84,-0.8089408579714292,-0.8286035404882998,0.14995223076829556,1.4802550444654852,-0.6345177834823429,-0.6210408932088576,-0.1015944745050075,-0.7453332099921085,0.8888613222834124,0.9411597134203888,-0.4906617718376849,-0.2913981822435784
34.85,-0.806503832040358,-0.827019303126072,0.15807751659322927,1.471606405478728,-0.6347572224887417,-0.6220173167212163,-0.09244319542085792,-0.7382794608897096,0.8826772334929702,0.9359668873241274,-0.49789409461700274,-0.28605175621287815
34.86,-0.8039969250848834,-0.8253492342183042,0.1640764945629124,1.4866893375748407,-0.6349208765511121,-0.6229160275655873,-0.08066408146791271,-0.7385839604166514,0.876413508901511,0.9306725712687381,-0.510148404399978,-0.2835336379111277
34.87,-0.8014205960505425,-0.8235948939531023,0.17618529469385008,1.4707821750717762,-0.6350090730672261,-0.6237373178907805,-0.07689646192116094,-0.7457298401474777,0.8700725204178871,0.9252790324490667,-0.523033061602011,-0.2830249432251444
34.88,-0.7987753177536031,-0.8217577743709186,0.1810980761757791,1.501766501816796,-0.6350221580102389,-0.6244814362173794,-0.07065432660319718,-0.7572560766327232,0.8636566554361608,0.9197885701856472,-0.5268724731707418,-0.2802909543531345
34.89,-0.796061576768533,-0.8198392670663109,0.1884917184623943,1.4785775475877319,-0.6349604958068783,-0.6251486433879873,-0.06379217373601499,-0.7654484361501566,0.8571683158805651,0.9142034898097601,-0.5375855522210358,-0.28944196164317315
34.9,-0.7932798733121285,-0.8178437925758434,0.19857130524012837,1.4788903985439434,-0.6348244692101068,-0.6257363476383465,-0.05227173018631561,-0.763386208676907,0.8506099172453744,0.908526965481339,-0.5482892272532381,-0.2749250306483234
34.910000000000004,-0.7904307211243743,-0.8157717002085717,0.20350068567962545,1.4927095709925888,-0.6346144791662978,-0.6262521309119153,-0.04624026432221562,-0.7722585782891696,0.8439838876302685,0.9027592868795096,-0.5525686190316262,-0.2885911800505342
34.92,-0.7875146473460591,-0.813617816409867,0.2139289882895097,1.4686345212963183,-0.63433094467698,-0.6266914895339394,-0.042032876717051484,-0.7577488084256269,0.8372926667714953,0.89690382106857,-0.5646254036182831,-0.2907753607691107
34.93,-0.7845321923931391,-0.811385975559264,0.22308295429833952,1.4887148671863835,-0.6339743026551757,-0.6270542909838092,-0.032745389565594606,-0.7765950366851815,0.8305387050691347,0.8909633929674489,-0.5690855510447443,-0.28215955611094734
34.94,-0.7814839098279307,-0.8090780302999905,0.2316595825896549,1.477148948393726,-0.633545007776393,-0.627341321755101,-0.024505824417325607,-0.7916577020044455,0.8237244626110586,0.884940178250525,-0.5837260933861552,-0.294635435103733
34.95,-0.7783703662271297,-0.8066953680935915,0.23581892834078402,1.495781946170206,-0.6330435323243071,-0.6275530913261534,-0.018613352995831726,-0.7865814318357837,0.8168524081937688,0.8788364799942371,-0.5890055187321112,-0.2734035633952693
34.96,-0.7751921410467141,-0.8042510584683623,0.24432278945434302,1.5176183354349506,-0.6324703660311923,-0.6276874756933843,-0.010142684349823496,-0.7875332323601939,0.8099250183406809,0.8726556939321223,-0.5984679407333894,-0.2790070850610331
34.97,-0.7719498264837318,-0.8017246170297265,0.25318910816243667,1.4896750454289516,-0.6318260159131392,-0.627752240007216,-0.0030295306343248118,-0.8029162439553882,0.8029447763181213,0.8663972005347793,-0.6015599106192286,-0.28528973837158644
34.980000000000004,-0.768644027335033,-0.7990990943579477,0.2614103953407112,1.1438884672207388,-0.6311110061001188,-0.627867245825039,-0.010739899420819063,0.30581738526882,0.7959141711494909,0.860077204477316,-0.6110931382581989,-0.3786814541116822
34.99,-0.7652753608529942,-0.79640834283371,0.27264510497152744,1.615211772054221,-0.6303258776609457,-0.62802073021585,-0.035043006380300265,-0.6781138195165405,0.7888356966280504,0.853689516810808,-0.6091584697336511,-0.27897007430870513
35.0,-0.7618444565982145,-0.7936613621809365,0.2714744989002138,1.2984670637418516,-0.6294711884231909,-0.6281472173367986,0.004488342939206855,0.46679680187219746,0.7817118503285576,0.8472092682524731,-0.6238700382270064,-0.34915998448262153
35.01,-0.7583519562892814,-0.7908411688605949,0.2821989449211671,1.6236213750708448,-0.6285475127881017,-0.6282584950488277,-0.02083479673276666,-0.3760091516867072,0.7745451326183538,0.8406830492232028,-0.6235103113589869,-0.21733156147398142
35.02,-0.7547985136496151,-0.7879774217712063,0.2823161047602705,1.349856326851363,-0.627555441540594,-0.6281937380938059,0.025519234974498397,0.49300927621801804,0.7673380456681699,0.8340667949449233,-0.6438135992760192,-0.3264888316154907
35.03,-0.7511847942514274,-0.785027809657776,0.2916593049262187,1.6551026357440324,-0.6264955816543631,-0.6281091529918245,0.0013195075142372328,-0.38900759643379246,0.7600930924630807,0.8274148363235646,-0.6345271151955012,-0.21779528948957694
35.04,-0.7475114753568283,-0.7820107470854494,0.2970583501808152,1.6662888469241528,-0.6253685560921806,-0.6279577717568621,0.005387162277978366,-0.3146240932975865,0.7528127758140205,0.8206939174807989,-0.6396736092434185,-0.22207696546443573
35.050000000000004,-0.743779245756145,-0.7789132175321388,0.30886753454428717,1.3282557077408055,-0.6241750036014482,-0.627836956850917,0.0003038436736926796,0.740176549639629,0.745499597370235,0.8139250681611151,-0.6503915654850109,-0.30822802747172007
35.06,-0.7399888056034752,-0.7757637460993793,0.3151789955126075,1.454616278756433,-0.6229155785050532,-0.627758863641645,0.010519654356323635,0.8899597278947726,0.7381560566331163,0.807097475623513,-0.6542532453123905,-0.28116407066756655
35.07,-0.7361408662494976,-0.7725596222217804,0.3206053699860337,1.5140375904136445,-0.6215909504876072,-0.6275791069542654,0.021040128764864243,0.894006392800822,0.7307846499717467,0.8002111140132911,-0.6653728173573689,-0.2905053105134128
35.08,-0.7322361500716246,-0.7692955619427307,0.3240460424716539,1.517640274864653,-0.6202018043771247,-0.627286675459693,0.03361003258261797,0.896960198371541,0.7233878696405875,0.7932753516702915,-0.6667632171038321,-0.2845862240239026
35.09,-0.728275390301495,-0.7659684064363066,0.33210525535960495,1.502083341673071,-0.6187488399222204,-0.6268842755956632,0.045012551290843326,0.8876968897047018,0.7159682027997398,0.7862934958522989,-0.6701832905738553,-0.2890103303126568
35.1,-0.7242593308498888,-0.762577438767723,0.3366441599220175,1.5273837283545004,-0.6172327715648834,-0.6263756468821187,0.054665312981852315,0.8778595625283502,0.7085281305381015,0.7792682733592338,-0.6708852987041173,-0.26188389852645694
35.11,-0.7201887261290576,-0.7591230721184963,0.3405021129206894,1.493654455789141,-0.6156543282088986,-0.6257646255547693,0.06456119331920514,0.8779441008562064,0.7010701268998636,0.7722022270977476,-0.6755624570654607,-0.2650875098557783
35.12,-0.7160643408725731,-0.7556060073728149,0.34734593962215776,1.5042184526992424,-0.614014252984004,-0.6250550704202145,0.07517473629658485,0.8697403418950979,0.6935966579147131,0.7650977707233358,-0.6805965367920969,-0.2836873217510949
35.13,-0.7118869499526824,-0.7520271642357955,0.3528635433940932,1.5045549305680512,-0.6123133030058316,-0.6242505419645449,0.08383479754710471,0.8686668292113261,0.6861101806321561,0.7579573194999297,-0.6868178060769949,-0.2928936561729182
35.14,-0.7076573381952737,-0.7483873702725521,0.3617348645234943,1.5082922735429443,-0.6105522491317366,-0.6233544271156857,0.0906768653990987,0.8665045283476863,0.6786131421603656,0.7507832556017179,-0.6868280414922983,-0.28236323880940845
35.15,-0.7033763001924227,-0.744687578353798,0.3675722619130251,1.497871649313023,-0.6087318757125592,-0.6223697766491899,0.09901819845689629,0.8667009516471401,0.6711079787098192,0.7435780016173019,-0.6932923585872639,-0.27322052622058746
35.160000000000004,-0.6990446401126383,-0.7409287034447967,0.3729685865820001,1.4958672908664228,-0.6068529803404191,-0.6212995119929462,0.10612334346293814,0.8388895671490316,0.6635971146423133,0.7363439484367399,-0.6960602470841397,-0.2903278955495085
35.17,-0.6946631715088258,-0.7371116796481542,0.37964416795524286,1.510618036892526,-0.6049163735926191,-0.620146288021638,0.11717012247794482,0.8499469788843318,0.6560829615255688,0.72908351327021,-0.6951919358809293,-0.2732301034756919
35.18,-0.6902327171239884,-0.733237389660904,0.3855692929153429,1.500738589489644,-0.6029228787717208,-0.6189126576905889,0.12324418439482968,0.833586569696767,0.648567917193854,0.7217990855755487,-0.7018768988525417,-0.27224641926059906
35.19,-0.6857541086947603,-0.7293236224815955,0.3904792719760785,1.5323519783742436,-0.6008733316418895,-0.6175972548499041,0.13104869213085676,0.851645011827206,0.6410543648150748,0.7144946474214063,-0.7022502807482404,-0.2956605326389076
35.2,-0.681228186752793,-0.7253411143213584,0.396528020673012,1.5098441511754945,-0.5987685801615913,-0.6162128951743092,0.1400271798256383,0.8501260513662044,0.6335446719645723,0.7071681246115604,-0.7032171294688562,-0.2882929635271066
35.21,-0.6766558004240597,-0.7213003737204615,0.4013104864433801,1.5143258571138531,-0.5966094842127121,-0.6147526838065767,0.14472885204021152,0.8093384458929672,0.6260411897061693,0.6998256581057367,-0.7064825240987357,-0.28762291066154694
35.22,-0.6720378072260833,-0.717204480446422,0.4087687627356501,1.5001428170057447,-0.5943969153261923,-0.6132197753725833,0.15254609664116778,0.8447455268534684,0.6185462516806268,0.6924691584115119,-0.7092564861366105,-0.2943018488650026
35.230000000000004,-0.6673750728632134,-0.7130721738017332,0.4135368843256328,1.5554385001572149,-0.5921317564042549,-0.6116112529950362,0.15775093418888333,0.8425852053342366,0.6110621732020802,0.6851030177144048,-0.7078004519756896,-0.28972609419834544
35.24,-0.6626684710199476,-0.7088761964369269,0.41819689705829244,1.5127791692461279,-0.5898149014393346,-0.6099438700067785,0.16663794858701247,0.8276215580217988,0.6035912503627316,0.6777233610302794,-0.7135982939242961,-0.2970495739152705
35.25,-0.6579188831523326,-0.704624334397449,0.4233790217872582,1.5001275251054402,-0.5874472552297607,-0.6082072391045783,0.1759645997138498,0.8308094517241209,0.5961357591460624,0.6703375358322301,-0.7076362566381181,-0.27815085564682196
35.26,-0.6531271982775677,-0.7003203999084323,0.42344519338967473,1.4978162644474131,-0.5850297330923073,-0.6064044951924433,0.1839847281443444,0.8136806994555223,0.5886979545491333,0.6629472999809085,-0.7122459900368832,-0.2782897368764101
35.27,-0.6482943127617926,-0.6959664010182535,0.43047208612242693,1.5043476081489073,-0.5825632605717004,-0.6045378806475095,0.1875171331759795,0.8026763844217224,0.581280069714114,0.6555547103401707,-0.7088673523098972,-0.26929047424952296
35.28,-0.6434211301061555,-0.6915636867485764,0.4376018398279178,1.5081428646181647,-0.5800487731471583,-0.6026091134060624,0.1908817486844126,0.8112397026807509,0.5738843150695553,0.6481620012702239,-0.7070715238889157,-0.29354550647852984
35.29,-0.6385085607311713,-0.687113294232773,0.4420851337849477,1.4836932438390311,-0.5774872159360566,-0.6006197518555475,0.19480173960236719,0.7976327307970821,0.5665128774816192,0.6407714432130188,-0.7070112994876715,-0.2849753569221505
35.300000000000004,-0.6335575217594768,-0.6826361937718656,0.44104430464264993,1.5926264178192178,-0.5748795433948316,-0.5985561691905282,0.2099162958075728,0.7228938710023972,0.5591679194156812,0.6333905187954864,-0.7063488743252045,-0.2831981357837635
35.31,-0.6285689367970064,-0.6781163001328862,0.45485595645635685,1.5587927411480107,-0.5722267190171927,-0.5964591062605294,0.20778075554094347,0.81055836476612,0.5518515781086725,0.6260084606437449,-0.7086648815483091,-0.29066122052224475
35.32,-0.6235437357126101,-0.6735338528059407,0.4570201170507628,1.5193685622765911,-0.5695297150297329,-0.5943019108052415,0.21390751391704899,0.7991229766497671,0.5445659647523577,0.6186356817840921,-0.7059320207824885,-0.28090300705312843
35.33,-0.6184828544162505,-0.6689010524886903,0.4544707559103316,1.5067442941606997,-0.5667895120850671,-0.5920858076632213,0.2200146520745722,0.8023258400184549,0.5373131636880347,0.6112756927884576,-0.7065053913564401,-0.2981916562660887
35.34,-0.6133872346357465,-0.6642421488986505,0.4636134185198365,1.5361039482958647,-0.564007098952544,-0.589809859237075,0.22318269882705588,0.7950539373173868,0.5300952316128924,0.6039317077275121,-0.7033352903480553,-0.286974693225217
35.35,-0.6082578236921868,-0.6595249822988778,0.46780980015926243,1.5148232077660502,-0.5611834722066839,-0.5874885951163095,0.23089364294699022,0.7977664925274593,0.5229141967983477,0.5966002604922067,-0.7035071700094198,-0.2734471787495173
35.36,-0.6030955742740118,-0.6547621734081168,0.4741916676903763,1.4990492972493814,-0.5583196359133665,-0.5851131579966252,0.23857457474079313,0.7794626731607164,0.5157720583206946,0.5892878071655376,-0.7011946624562455,-0.29125878133937183
35.37,-0.5979014442098548,-0.6499573729104838,0.47897237957743877,1.472155816265906,-0.5554166013139524,-0.5826862561647042,0.2409994611961756,0.7891319108422324,0.5086707853043646,0.5819958972168433,-0.7005851258562309,-0.2928257135487058
35.38,-0.5926763962402061,-0.6451125717832839,0.48094454505912676,1.4916840300289744,-0.552475386507356,-0.5802097095430337,0.24498195037408024,0.7788852183686561,0.5016123161781161,0.5747264107209248,-0.696237136236691,-0.302760010734364
35.39,-0.5874213977879259,-0.640229172950992,0.48525730683659163,1.4760023554229689,-0.5494970161302335,-0.5776848962385781,0.248664747160435,0.784215074396491,0.49459855794443075,0.5674813835766267,-0.6954215186139727,-0.28807109364280686
35.4,-0.5821374207276606,-0.6353281580673344,0.484395863768833,1.535812359602056,-0.5464825210353321,-0.5751068192397135,0.2537477877200772,0.7752476973860429,0.4876313854623956,0.5602655368177639,-0.6926358147109538,-0.2801747540143865
35.410000000000004,-0.5768254411542661,-0.6303769680069229,0.4956642559550217,1.5138109121615047,-0.5434329379681307,-0.5724942697410722,0.26168142068397654,0.7568458987331496,0.4807126407444253,0.5530734918517777,-0.6917986131218077,-0.274407342728063
35.42,-0.5714864391502541,-0.6254048302685313,0.49502374381018943,1.5588820533837549,-0.5403493092418818,-0.569827520255068,0.2632654274894778,0.7729323012732374,0.47384413226701766,0.5459160650419976,-0.6873704347278194,-0.3036317983300947
35.43,-0.5661213985523114,-0.6203819251665731,0.4988656189405577,1.5165362576068298,-0.5372326824111138,-0.567127432050395,0.26686422110327523,0.7721912184751767,0.46702763429587585,0.5387869848598471,-0.6798253666480784,-0.3063682805641176
35.44,-0.560731306716978,-0.6153186650124548,0.5021511491891251,1.4872101414363303,-0.5340841099437321,-0.5643811741138869,0.2726617361624968,0.7897033370242923,0.46026488622564576,0.5316940750517262,-0.6851421901194673,-0.29336803658113875
35.45,-0.5553171542855383,-0.6102199665409351,0.5080493626261688,1.4744290880739819,-0.5309046488918162,-0.5615919651606132,0.2785000831067458,0.7429857144834471,0.45355759193453893,0.5246384642433696,-0.6785750656523462,-0.27695766406925865
35.46,-0.549879934948177,-0.6050883857314088,0.508589423780617,1.4863719756504679,-0.5276953605611987,-0.5587618383117033,0.2810203517683145,0.7632442888053503,0.4469074191541267,0.5176217039722194,-0.6726575643298489,-0.2931020562482954
35.47,-0.5444206452074167,-0.5999255485069491,0.5136251102645586,1.4879796942364867,-0.5244573101799275,-0.5558922870353121,0.28338756675353605,0.7376650770002026,0.44031599885444783,0.5106455447917746,-0.6650260434248404,-0.2947478454406455
35.480000000000004,-0.538940284140991,-0.5947326073152739,0.5143266633804524,1.4765881851613494,-0.5211915665657466,-0.5529845694446368,0.29307061360647635,0.7570561269406716,0.43378492464484103,0.5037118001194397,-0.6621485472842359,-0.29396292192376844
35.49,-0.5334398531641241,-0.5895105709639467,0.5202072096043885,1.4656881232957402,-0.5178992017926619,-0.5500398367555893,0.2892245046008092,0.741315979792101,0.4273157521906157,0.49682229721424326,-0.6585168520957748,-0.31465977620284963
35.5,-0.5279203557912895,-0.5842603771260971,0.5225330018062451,1.447102356666839,-0.5145812908567051,-0.5470591870559133,0.29057826583151797,0.7463725942614529,0.42090999864580897,0.48997885328350327,-0.6586741645193177,-0.30241217946784854
35.51,-0.5223827973975709,-0.578983046473388,0.5247181177503855,1.4664091228333465,-0.5112389113410103,-0.5440436720903936,0.29795894301307485,0.743720474776343,0.4145691421023295,0.4831832715383308,-0.6522542404914482,-0.28548909362583524
35.52,-0.5168281849795786,-0.5736794962036544,0.5287538864816727,1.4729020045741812,-0.5078731430802965,-0.5409944378742498,0.29975433424867703,0.7522375500817022,0.40829462105560177,0.47643728607001,-0.6473222490082797,-0.2952124657463716
35.53,-0.5112575269161014,-0.5683506264460163,0.5278043747939275,1.4690011820740532,-0.5044850678248801,-0.5379125574935117,0.3057338049693658,0.7329184063578958,0.40208783388704006,0.4697426224511224,-0.6448756902470115,-0.31389034644340125
35.54,-0.5056718327284219,-0.5629973340257308,0.5305195800102994,1.4737956375982284,-0.501075768904264,-0.5347991221829036,0.30435042954443897,0.7036513735641811,0.39595013836341125,0.4631009668921697,-0.6369268301431291,-0.3077029336753318
35.550000000000004,-0.5000721128404608,-0.5576205650900007,0.5352800231208904,1.462602425902133,-0.49764633089049226,-0.5316551850726675,0.31225846476009156,0.7178833839546523,0.3898828511534353,0.4565139832177736,-0.6324611657862496,-0.3071758926471739
35.56,-0.4944593783387863,-0.5522212749332521,0.5371232096832458,1.47894242861487,-0.4941978392613114,-0.5284818270973513,0.3132816692158501,0.734448898571799,0.38388724736174734,0.4499832904071038,-0.6228334321052214,-0.31035300721364933
35.57,-0.4888346407324665,-0.5468004232365727,0.5379228232186938,1.454048451260716,-0.490731380063249,-0.5252801328567809,0.3104759010680087,0.7082219479647006,0.37796456008034174,0.44351046895580815,-0.6181641336051408,-0.2972976311486223
35.58,-0.483198911712963,-0.5413589722879137,0.5392933391039066,1.4542154861915666,-0.4872480395747559,-0.5220511878031826,0.3185402480623868,0.6991306762555877,0.37211597995781986,0.43709706195009573,-0.6135317406593237,-0.30418505190189105
35.59,-0.47755320291398456,-0.5359070336511389,0.5347344747530987,1.45929613353098,-0.4837489039694563,-0.5187874707276793,0.32609265054650577,0.7260793139781443,0.36634265478647265,0.43074711755012846,-0.605972408984641,-0.30680296018894326
35.6,-0.47189852567148943,-0.5304427770802408,0.5438810008745408,1.4879825368669077,-0.48023505897967156,-0.5155118874630754,0.3222695099938708,0.7488112437785897,0.3606456891074795,0.4244562480627849,-0.6005531054109521,-0.30450466099226736
35.61,-0.4662358907837644,-0.5249840091956085,0.538757171995448,1.7149931109566021,-0.4767075895602614,-0.5121925255355032,0.3247439004016208,0.5962169065097026,0.35502614383424463,0.4182358395756704,-0.5960128851451698,-0.31771343545860187
35.62,-0.4605663082717479,-0.5194916297586577,0.546831485274543,1.5049107740418783,-0.4731675795529315,-0.508880333298501,0.32690087447997196,0.7335055900010196,0.3494850358941627,0.4120691645553449,-0.5878235787068745,-0.3159916630239413
35.63,-0.4548907871396131,-0.5139650457520304,0.5495779218860062,1.469719750556302,-0.46961611135109965,-0.5055379551773467,0.3305359434970309,0.7321251996929665,0.34402333788885503,0.40597185579407735,-0.5830336548478111,-0.31369955546411143
35.64,-0.44921033513565994,-0.5084315861857729,0.5496257831508805,1.607761615411864,-0.4660542655654149,-0.5021607243942948,0.3335934218543745,0.625041574636988,0.3386419777730575,0.39994794213533175,-0.5799536038277441,-0.32202271428687496
35.65,-0.44352595851357407,-0.5028788330036084,0.5538997636757825,1.4896968668869424,-0.46248312069003344,-0.4987784532510748,0.3344423863135291,0.7237892176989377,0.33334183855224286,0.3939879417033475,-0.5690007114632566,-0.3077664037578081
35.660000000000004,-0.4378386617941481,-0.49730364361832435,0.5527545868342265,1.462068547729154,-0.4589037527697639,-0.49537347779175506,0.3327461113282269,0.7260538385601019,0.3281237579991467,0.38809952963720085,-0.5679731893422427,-0.31770360220339705
35.67,-0.4321494475274949,-0.49171341318984835,0.5530300837175179,1.4330957435758371,-0.45531723506819566,-0.49194869285917975,0.33929201479776183,0.6916144147254437,0.3229885283892861,0.382283653381392,-0.553845988134634,-0.3029931137097882
35.68,-0.42645931605578774,-0.4861115120952434,0.5566090674370825,1.4475442502922613,-0.45172463773687194,-0.4885065869579046,0.33781486437930414,0.6927887018457521,0.317936896255555,0.37654086240332013,-0.5509657381130257,-0.33552118350285504
35.69,-0.4207692652766486,-0.4804999555319094,0.5596495227429519,1.4253097644253072,-0.44812702748565103,-0.4850488259397829,0.3388103058375226,0.7012307350545178,0.31296956216200705,0.3708720143817994,-0.5380633703310379,-0.3158683249676086
35.7,-0.4150802904071814,-0.4748801220374621,0.5614775482843603,1.4308056137272795,-0.4445254672543475,-0.48157672653264666,0.34709200022545733,0.6884515377557614,0.3080871804969304,0.36527806735407503,-0.5342802748105105,-0.30604982565633027
35.71,-0.4093933837487611,-0.4692531532151695,0.5577327570584337,1.4299060205711163,-0.44092101588574495,-0.4780914644376035,0.34481360141329837,0.6976424036591472,0.30329035928526576,0.359759996816274,-0.5259050545453662,-0.3155655238010304
35.72,-0.403709534452563,-0.4636199898269383,0.5577083232179376,1.4290683945654823,-0.437314727800074,-0.474594176275394,0.343074937761515,0.6946419163486192,0.2985796600204472,0.35431874968299326,-0.5208775432596112,-0.3273840890248774
35.730000000000004,-0.39802972828599104,-0.45798160930763193,0.5579730555538113,1.4249658169967716,-0.433707652671093,-0.4710859389623329,0.34882037880124395,0.6963556285272766,0.2939555975157326,0.3489552573343021,-0.5140446156831425,-0.3074908946359469
35.74,-0.3923549473999751,-0.45233892007436727,0.5601156617097659,1.4227172755762572,-0.43010083510383673,-0.4675678009170569,0.34927196479466793,0.6771602972775559,0.289418639775093,0.3436704097502818,-0.5026663332511551,-0.32810859918476587
35.75,-0.38668617009722045,-0.4466929283622768,0.5606582719569848,1.4117229499169086,-0.42649531431412846,-0.4640408211219468,0.3489261965818443,0.6871544508012675,0.2849692078836712,0.33846505729595944,-0.49959740974764055,-0.3221736165160627
35.76,-0.3810243706014998,-0.4410445516302232,0.5625105506429895,1.40208520459407,-0.4228921238100003,-0.46050607904645,0.3514370948957416,0.6725703272807383,0.28060767591788943,0.3333399879745823,-0.4935648720233333,-0.34287480082527333
35.77,-0.37537051882798744,-0.4353947080151973,0.5641171273534389,1.37949606463141,-0.41929229107505744,-0.4569646125668722,0.34816035374969256,0.6809622530878015,0.2763343708752217,0.3282959636007556,-0.4808221525828718,-0.2996563899996512
35.78,-0.36972558015476453,-0.4297443924429051,0.5607743687980872,1.4259550974536728,-0.4156968372539535,-0.45341746453725623,0.34999164446701275,0.6710868960465836,0.27214957262364436,0.3233336983468453,-0.4745443655046812,-0.322313569629313
35.79,-0.3640905151954491,-0.42411675238746716,0.5575395848063263,1.4365112174405725,-0.41210677683998975,-0.44986052543154226,0.35089821675955873,0.6812715325505068,0.2680535138707905,0.31845610342395486,-0.46704040741305575,-0.3347056056985295
35.800000000000004,-0.3584662795731133,-0.4184733363527627,0.5575321968729945,1.4188701327967994,-0.4085231173650199,-0.44630963549454283,0.3485298738301856,0.683946454436585,0.2640463801528219,0.31365742358649995,-0.46090041733262815,-0.3218826281747661
35.81,-0.35285382369549245,-0.41282758373525924,0.5591737395434642,1.4137334642536863,-0.4049468590917187,-0.4427535084195285,0.35199523545223194,0.6767221386328502,0.2601283098430239,0.308943480541095,-0.45160471212967557,-0.32576132414879866
35.82,-0.3472540925315146,-0.4071832678276443,0.561942681884668,1.3886133738778295,-0.40137899470826965,-0.43919468111833243,0.3510107639458655,0.6632929435049726,0.2562993941800663,0.3043141797233079,-0.442620414714732,-0.3424285220002
35.83,-0.34166802538926816,-0.40154257081232764,0.5596219897334705,1.4011096482923482,-0.3978205090256558,-0.43563491041066316,0.3541077908619141,0.6713362540200696,0.252559677315989,0.2997697030047628,-0.4366210362452951,-0.34724602904260976
35.84,-0.33609655569541214,-0.3959068776399666,0.56237579132934,1.389876794247708,-0.39427237867755827,-0.432075542574782,0.3531863533647682,0.6608196149184572,0.24890915638382932,0.29531034960784236,-0.4257261885531173,-0.312927558557203
35.85,-0.33054061077612445,-0.39027738896244774,0.560792837684364,1.381457967822695,-0.3907355718230244,-0.4285176722609851,0.3504566735482188,0.6787487793958821,0.24534778158489745,0.2909364773672768,-0.4168833231973042,-0.3196324678645633
35.86,-0.32500111163956885,-0.3846551336627265,0.5566035004133221,1.3744095079169,-0.3872110478519394,-0.42496238261194424,0.3527739488591728,0.6716705490508383,0.2418754562956123,0.2866483992154203,-0.41060951172951327,-0.3259353710206581
35.87,-0.31947897276004217,-0.3790410509686025,0.5567515222582261,1.3819846857220504,-0.38369975709343346,-0.42141071660831175,0.35183525484950934,0.6734483372217899,0.23849203719390716,0.28244639990044174,-0.3988121731047456,-0.3457218367591703
35.88,-0.31397510186375666,-0.3734552074243204,0.5523628705915885,1.471570603862766,-0.3802026405273062,-0.4178547907447962,0.35089266971112865,0.6526057429919405,0.23519733440510904,0.27833437112284887,-0.3946331592196967,-0.33550172185276445
35.89,-0.3084903997163758,-0.3679070709936448,0.5458363680110512,1.6243434977934208,-0.37672062949854634,-0.41430254390507526,0.34707477608767434,0.5939520761924653,0.23199111166725422,0.27430952211885024,-0.3824931920166674,-0.3404303011880467
35.9,-0.3030257599122984,-0.36234467103389906,0.5526533081788564,1.4493280660045609,-0.3732546454350282,-0.4107832231932583,0.34657057330243374,0.7026394532157064,0.22887308651571853,0.2703611761845219,-0.3763048424931508,-0.31540099010899425
35.910000000000004,-0.2975820686657994,-0.35677584474384705,0.5527231720485228,1.3978725804110659,-0.3698055995685073,-0.40726274307410665,0.3488483248742814,0.6797894033383595,0.22584293048715937,0.2665026687453103,-0.37098712868894884,-0.3247725919360062
35.92,-0.29216020460406134,-0.35121275312523936,0.5516450451587588,1.372143455256343,-0.36637439265896793,-0.4037463749652016,0.3473111287151187,0.656764840361826,0.22290026934262347,0.26273290477743333,-0.36200839239294347,-0.3313381288934537
35.93,-0.2867610385620904,-0.34566081249542463,0.5478668157287387,1.3640873189149005,-0.362961914722409,-0.40023770479660487,0.34550810657914666,0.6541602742656277,0.2200446833097302,0.25905080692853305,-0.3508512293414821,-0.33272331128807775
35.94,-0.2813854333796756,-0.34012279961675035,0.5491974433086948,1.3738052948169186,-0.3595690447621754,-0.3967387980102904,0.3441393957500723,0.6478819411434001,0.2172757073438611,0.2554558782002484,-0.3436863671667637,-0.3286492709107065
35.95,-0.2760342437003398,-0.3346004430237936,0.5467949639887416,1.3294925281274361,-0.35619665050389415,-0.3932510813339434,0.34472703635487606,0.6589881590126393,0.21459283140820146,0.25194785057866365,-0.33165076106657637,-0.3214660370280039
35.96,-0.27070831577239973,-0.32909495715158876,0.5414430938397794,1.3477906651459823,-0.3528455881341257,-0.38977568238113036,0.34415204406084143,0.6630909899661754,0.21199550077257096,0.24852652314711154,-0.3260275668134118,-0.33317671647318
35.97,-0.26540848725213473,-0.32362884095174294,0.543715025872351,1.3924525023657466,-0.34951670204275354,-0.38630647671010543,0.34316361641607496,0.6739052884799764,0.20948311633083105,0.24519472788056432,-0.3192672616809277,-0.3408127081331312
35.980000000000004,-0.26013558700913897,-0.3181671334101381,0.5437015774521025,1.3870641475969931,-0.346210824569269,-0.38286435522382845,0.33727952834004155,0.6584223364439226,0.20705503493683808,0.24194385531152837,-0.30910340221585725,-0.3447327551508791
35.99,-0.2548904349339299,-0.31271906548983314,0.5397652015480932,1.3420483619985333,-0.342928775752977,-0.3794340777076344,0.33861889625797315,0.6543368907645665,0.20471056975873447,0.2387803557137064,-0.3029670741843804,-0.33148271058165574
36.0,-0.24967384174779025,-0.30728904560253817,0.5392377660588927,1.3423503037893945,-0.3396713630871977,-0.3760184253846891,0.340205490894684,0.6562979152425698,0.2024489906514193,0.2357032025324795,-0.2946524100763767,-0.3492166929745083
36.01,-0.24448660881494885,-0.3018793562888723,0.5366649584274765,1.3304301007598405,-0.33643938127758255,-0.37261915281830893,0.3371150490586417,0.6556938094047714,0.200269524547116,0.23271168494322347,-0.285077792449954,-0.3577188822734072
36.02,-0.23932952795713724,-0.29649151174769495,0.5368045721433844,1.3289872077026565,-0.3332336120045668,-0.3692375027075944,0.3327950812102931,0.6561928284676419,0.19817135586378376,0.2298052662399648,-0.2765441321404399,-0.35356634079147725
36.03,-0.23420338127055487,-0.29112663900890473,0.5297950802183798,1.329574902804613,-0.3300548236900813,-0.36587449427986807,0.3320579925265604,0.6616891811309596,0.19615362693127603,0.22698344898333933,-0.26818050350433614,-0.3524274919020026
36.04,-0.22910894094527146,-0.28578561533183156,0.5306633530476834,1.3230958245454139,-0.3269037712685465,-0.3625310764791308,0.32859891070638575,0.6806316090833096,0.1942154384350262,0.22424571628804052,-0.2614733822405373,-0.32648780034926483
36.050000000000004,-0.224046969087157,-0.28048322939406883,0.5252890282125328,1.4458944680393664,-0.32378119596225374,-0.3591987346180912,0.33103660431370624,0.5532364350824455,0.19235584987706633,0.22159500306869215,-0.25026775310279215,-0.369871188607633
36.06,-0.2190182175423519,-0.27520353947896947,0.5274253408786429,1.3600380403856176,-0.3206878250612119,-0.3559034266580204,0.3263413167519717,0.6674711951387386,0.19057388005424997,0.21902169937198154,-0.24329352857321562,-0.3447865108391279
36.07,-0.21402342772431257,-0.26994167901573113,0.5229996196815517,1.347678313813403,-0.31762437170746716,-0.3526270260618669,0.32634727883633075,0.6640854695608873,0.18886850755339177,0.2165315640150253,-0.23381411669620256,-0.342088958489975
36.08,-0.20906333044349013,-0.2647036198960352,0.5169862989188803,1.3216984471303401,-0.3145915346840434,-0.3493715721621256,0.32284357751011294,0.6550280816864166,0.18723867126321375,0.2141239921148755,-0.22785498322477307,-0.33990213491418836
36.09,-0.20413864573970153,-0.2595057441221881,0.5135720730565482,1.4333366740992552,-0.3115899982085011,-0.34612983313191337,0.31579123998230585,0.5784530512051039,0.18568327090277528,0.2118011908157306,-0.22311466154531215,-0.36787057450758415
36.1,-0.19925008271719574,-0.2543333768957468,0.5122569596740959,1.3310954047625165,-0.3086204317312272,-0.34292763567915535,0.3131267097258862,0.6605069240991247,0.18420116756628685,0.20955339777423648,-0.2137651566916948,-0.3595329118921214
36.11,-0.1943983393824614,-0.2491821220315372,0.5120043748462384,1.3097160038721056,-0.30568348973847165,-0.3397474718260909,0.31271747341481326,0.6399672792669628,0.18279118428398847,0.2073859458632112,-0.20514804130587078,-0.35454692916448294
36.12,-0.18958410248486832,-0.24405789925568802,0.5056213780035437,1.2975105020440136,-0.3027798115602339,-0.33659137343646645,0.31205021497400015,0.6690638529542996,0.1814521065988921,0.20529802866663796,-0.1966877785398432,-0.34927522806683187
36.13,-0.18480804736009052,-0.23896343769490505,0.5018969539477928,1.2886473646471308,-0.2999100211830348,-0.3334612642336373,0.30735949113144684,0.6553756632867028,0.18018268315919206,0.20328829962970626,-0.1927471454447532,-0.3568089227904909
36.14,-0.18007083777645833,-0.23390038752663264,0.5026007278997949,1.3057233618134112,-0.29707472706763927,-0.3303583355576078,0.3065017396916643,0.6514994545861391,0.17898162632599124,0.20135566203818706,-0.18292164164579391,-0.36245924630985127
36.15,-0.17537312578415534,-0.22886978572839362,0.4980795447432574,1.2755566934080687,-0.2942745219717702,-0.32728357755631987,0.30403660423073686,0.644999776471317,0.17784761279622693,0.1994990672363407,-0.17484540793531,-0.35291111563714944
36.160000000000004,-0.1707155515674018,-0.22387246842191888,0.49401343224513417,1.2852927152612545,-0.2915099827778971,-0.32423775320890164,0.29926786563099744,0.6727832731768668,0.17677928424042583,0.19771750694438053,-0.1684531147787173,-0.3462688206764016
36.17,-0.16609874329963054,-0.21892848949762486,0.48994372617609355,1.3594075668113406,-0.2887816703261346,-0.3212151126504794,0.30101799005904745,0.6700003646087189,0.1757752479550809,0.19601268600866473,-0.1622467392777214,-0.35979626532303666
36.18,-0.1615233170016216,-0.21400645912119082,0.4883490942869404,1.2851036841688883,-0.2860901292522867,-0.3182344180729363,0.2952067965567799,0.6765539082491667,0.17483407752937885,0.1943759739826596,-0.15159427011379004,-0.3552953521382039
36.19,-0.1569898764027581,-0.2091307108126319,0.4813402430394187,1.36350701852555,-0.283435887831126,-0.3152740638907832,0.2935778348865878,0.6438930714503687,0.173954313525967,0.1928154222757592,-0.14776223122345666,-0.359471481128233
36.2,-0.15249901280530936,-0.20428078037545175,0.4856732502917948,1.300433020316732,-0.2808194578249142,-0.3123573419608643,0.2887226163250058,0.6748397001204026,0.1731344641755375,0.19132083753328988,-0.14323381818164724,-0.3640846413924703
36.21,-0.14805130495188,-0.1994605275325933,0.47707449891826503,1.290244244659454,-0.27824133433725073,-0.3094691648589356,0.28777480636655484,0.6877851377981841,0.1723730060848894,0.18989718959274987,-0.13383045069053778,-0.37008522038413494
36.22,-0.14364731889597376,-0.1947217212152401,0.4707158526177265,1.413309052622305,-0.2757019956722447,-0.30659705602299514,0.28190534134883277,0.6469210486094179,0.17166838495817563,0.1885489162404379,-0.1285144258498716,-0.3557196881512916
36.230000000000004,-0.13928760787574695,-0.1899884968523394,0.4689144281398728,1.2939587839673543,-0.27320190319910326,-0.30378471435693755,0.27600378179764073,0.6799017811286205,0.17101901633110753,0.18725694965896372,-0.11784285594507843,-0.3704289963932366
36.24,-0.13497271219100868,-0.18528105417759622,0.46388553031746704,1.2763564801911744,-0.27074150122215823,-0.3009992161767235,0.27540480557552666,0.6816092664650287,0.17042328631771267,0.18603363614377122,-0.11381595546005444,-0.3785620053479628
36.25,-0.1307031590834065,-0.18061546360561828,0.4589379997425286,1.2581506909658853,-0.26832121685634647,-0.29823774200927594,0.2730557655725188,0.6632970170600857,0.1698795523694245,0.18487817228653014,-0.10951761683017217,-0.3456538595543446
36.26,-0.1264794626199287,-0.17601158018554225,0.457966993038096,1.3417051708249101,-0.26594145990822604,-0.29551528798361126,0.26572404288853496,0.6770930175775539,0.16938614404613878,0.18378660091717985,-0.10700842086896249,-0.3650258359168051
36.27,-0.12230212357969913,-0.17144565282464475,0.4541527212457886,1.3364159449618043,-0.2636026227625273,-0.2928337838277738,0.26209184226471527,0.7005874230959701,0.1689413637989252,0.18275354808645536,-0.09570595249715212,-0.36815175673229955
36.28,-0.11817162934409065,-0.1668982211178481,0.45006134023398753,1.2710926927531971,-0.26130508027430827,-0.29019213859730353,0.2604554030261376,0.677357674969505,0.1685434877641268,0.1817792762764003,-0.0908166483645828,-0.36682073875841625
36.29,-0.11408845379019511,-0.16238561930828835,0.44446641603277043,1.234775727552974,-0.25904918966669876,-0.2875828545092358,0.25598327695514916,0.6662334915867865,0.16819076656840673,0.18086577814695853,-0.08567710135529988,-0.34930186661794715
36.300000000000004,-0.11005305718767794,-0.1579302364738246,0.439210061749637,1.2862402750795874,-0.25683529043431674,-0.2850032002420964,0.25487431757904616,0.6789350640853201,0.1678814261445473,0.18001295852225943,-0.08043792276507362,-0.36267237582274847
36.31,-0.10606588609904918,-0.15350606894748378,0.43512503135938135,1.2756398452291342,-0.25466370425236073,-0.2824709879221525,0.24897328017636475,0.6782284030873705,0.16761366855756152,0.179212076352337,-0.07417613336681739,-0.35257987882076774
36.32,-0.10212737328334384,-0.1491210651049557,0.43305373422872595,1.2319651703603722,-0.2525347348913918,-0.27997413288841616,0.24732601668789497,0.6713784930420168,0.16738567284079836,0.17846676060420436,-0.06794655616171809,-0.36467432612676115
36.33,-0.09823793760326621,-0.1447788960701417,0.4344126953780701,1.2216914617757657,-0.25044866813786193,-0.27751479104885246,0.2450866324077242,0.6709515618970499,0.16719559584176552,0.17777478521108525,-0.06728989935801291,-0.3566635237350576
36.34,-0.09439798393582197,-0.14048127652986153,0.4244100371870436,1.2158602484831045,-0.2484057717203909,-0.27509417153746335,0.2384283968056838,0.6731703038148998,0.16704157307720213,0.17713422450205482,-0.057961772646204626,-0.3589746337925929
36.35,-0.09060790308643224,-0.13622931624246265,0.41870097117378435,1.2118905479546849,-0.24640629524183066,-0.27271297437495107,0.23400056855653822,0.6848072091867232,0.16692171959718546,0.17654334143410286,-0.05686420380567076,-0.36575829284843714
36.36,-0.08686807170657049,-0.13202364033186514,0.4147462119014075,1.2150090339744313,-0.24445047011710955,-0.2703717813510783,0.22999048870971028,0.6549664006213912,0.16683413085776994,0.17600040710851192,-0.050428132838530336,-0.37055350786554453
36.37,-0.08317885221494173,-0.12786471453758388,0.4089102656189658,1.2171475165648202,-0.24253850951690886,-0.26807100059631317,0.22910849289559718,0.6937025789751518,0.1667768836019486,0.17550373191624763,-0.044445011094164176,-0.36144492180138243
36.38,-0.0795405927222145,-0.12377041371139524,0.40285845756295174,1.2579814880360862,-0.24067060831716752,-0.2658067639007865,0.2226175068540769,0.677100986839776,0.1667480367484535,0.1750534338468074,-0.04449031378231831,-0.36714677723162137
36.39,-0.07595362695935154,-0.11971043821239162,0.40430543909549016,1.2349520098607318,-0.23884694305443868,-0.26359144960719383,0.22205590320715626,0.6761162786042445,0.16674563228808587,0.17464267143726162,-0.0372769589827612,-0.3569734588030737
36.4,-0.07241827420948754,-0.11569484969237151,0.3953754809426691,1.2187783890374706,-0.23706767188709663,-0.26141540735841884,0.21356702620147597,0.6854664122352602,0.1667676961872253,0.1742738862688096,-0.03409780657419952,-0.370769562705852
36.410000000000004,-0.06893483924346516,-0.1117261409894269,0.39214431944624,1.19486931240867,-0.23533293456243282,-0.2592802003058101,0.2135891171358388,0.7003356642725405,0.1668122392980746,0.17394479989064218,-0.027511056891035102,-0.3616417891561043
36.42,-0.06550361225897319,-0.10781551165188696,0.38766317529481853,1.2994770845909291,-0.23364285238962648,-0.2571798787194053,0.20735530378975153,0.6098386623850222,0.1668772582753584,0.17365586634549823,-0.0277388687232025,-0.37540680709219093
36.43,-0.06212486882331919,-0.10395193346698578,0.3806442737804506,1.2209640620410893,-0.23199752821860165,-0.255132973583968,0.20232463924687344,0.697639979388368,0.1669607364990235,0.17339877402495782,-0.02500312646341768,-0.3596531603656429
36.44,-0.05879886981987814,-0.10014157735769631,0.37646594774769127,1.2894477711779113,-0.23039704642478925,-0.25311965909230993,0.20012332837827657,0.6072142436450473,0.1670606450025891,0.17317853639484765,-0.01779676060749916,-0.3745251986561331
36.45,-0.055525861398180526,-0.09637691508732225,0.3733747297930562,1.1996996191191356,-0.22884147289978,-0.2511587477294119,0.19002418580246525,0.6945813462236721,0.1671749434067884,0.17298706333816416,-0.013696807412801099,-0.3721841503137306
36.46,-0.05230607492771569,-0.09265576521084401,0.36465694331248855,1.2042270007878715,-0.22733085504789433,-0.24923799158674254,0.18947535647758437,0.7131753962297838,0.16730158085805064,0.17282652712148053,-0.01216202877530179,-0.38764685308055447
36.47,-0.049139726955376856,-0.08899838840327987,0.3628954191132106,1.2454978412446918,-0.22586522178863705,-0.24735495227607493,0.1825758220922293,0.7005838403543102,0.16743849697154373,0.17269658660669618,-0.013070615135900344,-0.36388404464601043
36.480000000000004,-0.046027019166645394,-0.08537884523306921,0.3582946695086179,1.183991609470012,-0.22444458356506616,-0.24552168846535558,0.18221226373194008,0.7081627720386467,0.1675836227782891,0.17259030165436073,-0.010473600999857073,-0.3676822369447527
36.49,-0.042968138350482854,-0.08180687693296981,0.35364062659305867,1.1856479435517326,-0.22306893235805952,-0.24372972888069755,0.17402991363270587,0.6767970727185328,0.1677348816759708,0.1725093726677529,-0.004639363801450121,-0.3680483682704976
36.5,-0.03996325636790335,-0.07828507069610527,0.3460357062236767,1.1883251131143144,-0.22173824170646578,-0.24198048349731538,0.1729821074753485,0.6937139689481862,0.16789019038315894,0.17245134862184677,-0.003916655253451207,-0.35737875055732343
36.51,-0.037012530124318876,-0.07481466307818674,0.344986413203158,1.186958623914339,-0.22045246673315208,-0.24027468123572956,0.16900771214697893,0.690693712274513,0.16804745989637956,0.17241402809046075,-0.003001084693886518,-0.3532988675789518
36.52,-0.034116101545577454,-0.07139629535829763,0.33819066170253886,1.1728288934871718,-0.2192115441769203,-0.2386126593496941,0.16848847169205514,0.6990250694610641,0.16820459644980257,0.17239534600468617,0.0014214541193743207,-0.36830637790862947
36.53,-0.03127409755776683,-0.06802507729750862,0.3347877703291589,1.1704556839485316,-0.21801539243030058,-0.23698703550599956,0.1619777913141313,0.6738538984962555,0.16835950247704268,0.17226188051553576,-0.06544637134714702,-0.37115304371643026
36.54,-0.028486630070740704,-0.06470967498905665,0.3276163771001643,1.1573726250125695,-0.21686391158318716,-0.23541632341117577,0.15265157750880892,0.752519172496188,0.1685100775747035,0.17212004508295145,0.0041212525552078785,-0.271122530755813
36.550000000000004,-0.02575379596538946,-0.061446374719723224,0.32394434701771585,1.1182085234445465,-0.21575698347232247,-0.2338839480012602,0.1496219586021672,0.6328051660849705,0.1686542194673344,0.17188212814305015,-0.0018652883678849457,0.22807359144740078
36.56,-0.023075677084686053,-0.05824502374888505,0.32150718852023163,1.204721421487766,-0.21469447173660686,-0.23239049401581993,0.15223930887710688,0.7796854145665226,0.1687898249732869,0.1715461114909312,-0.053703403780132025,-0.2895283746734692
36.57,-0.020452340228434812,-0.055096897354804206,0.31221639464602824,1.1100913741597955,-0.21367622187820612,-0.23095674211372505,0.13938344166450192,0.6718396334887532,0.1689147909711929,0.17136313627101044,0.009087008212618878,0.26582314870680485
36.58,-0.017883837151819987,-0.05199647590482116,0.30591235969982644,1.2166625343390596,-0.21270206132945002,-0.22955744731794475,0.13742668482217638,0.7731101558573469,0.16902701536655623,0.1710967390004589,-0.04264129974458036,-0.2707501498636569
36.59,-0.015370204567665635,-0.048953683954587206,0.2963263850867375,1.1262233112085933,-0.21177179952550446,-0.22821087602785767,0.13190868719212687,0.643184840587489,0.16912439805817103,0.1709769099278769,0.014173926015181545,0.25069952852242977
36.6,-0.012911464152474128,-0.04595956329890627,0.29719763434719276,1.19995976591449,-0.21088522798277076,-0.226899059663169,0.13131553113129948,0.7643005226089189,0.16920484190387972,0.17076454450789202,-0.04289878224901439,-0.284805528393938
36.61,-0.010507622556195528,-0.04302360670055782,0.28877211111220447,1.1103210889945634,-0.21004212038301012,-0.22564009964623463,0.12362807795056922,0.6571236613862064,0.16926625368529385,0.17069012305998657,0.017857718674324456,0.2686910579170354
36.62,-0.008158671415740504,-0.04013671017336459,0.28534609007439676,1.2071334088102614,-0.2092422326631624,-0.22441588781881558,0.12021156884655787,0.7689058991368879,0.16930654507115106,0.17051500379837414,-0.03523697444962683,-0.2801986770081182
36.63,-0.0058645873722526776,-0.037314283902230294,0.2759031064803348,1.10525865860539,-0.20848530311081095,-0.22323858709588557,0.11736925139956017,0.6770697692198753,0.16932363357878422,0.17047160009910128,0.020105489067343472,0.26797643984997355
36.64,-0.003625332092098754,-0.034545258056399755,0.2721799958448365,1.1936410967691693,-0.2077710524652985,-0.22210482823662683,0.11554288809471762,0.7867772725293134,0.16931544353345102,0.17031820240235493,-0.03773791634726148,-0.2759410572071883
36.65,-0.0014408522915919653,-0.03182767245274523,0.2681269551237429,1.1266649954225436,-0.20709918402443028,-0.22102310311620355,0.10256399194498851,0.6950664006387549,0.16927990702500145,0.17028714962248725,0.024942887768935502,0.27171470726988634
36.660000000000004,0.0006889202345426171,-0.029156951607311982,0.26582101785680573,1.1815292567198488,-0.20646938375674045,-0.2199742735945434,0.10542529485750866,0.7847754470945048,0.16921496486155851,0.1701417755831818,-0.03566857465999104,-0.2813937721607866
36.67,0.002764068581008583,-0.026544100714069152,0.2578200013331762,1.1016202655550755,-0.20588132041929647,-0.21897703328403056,0.09419825507987944,0.6814668972067466,0.16911856751984974,0.17011319732358618,0.025312218477725763,0.257813900612251
36.68,0.004784690696052862,-0.023980502922942078,0.25426573080666515,1.177867779312293,-0.20533464568099039,-0.21801363187694714,0.09572517195067931,0.7714219498559426,0.1689886760916806,0.16996345330249368,-0.0393346260743442,-0.28671576932894827
36.69,0.0067508993418930185,-0.021475880207460735,0.24752069153539874,1.0977627062173334,-0.20482899425128578,-0.2171020393968161,0.08882588344543592,0.6735709254812593,0.16882326322631291,0.1699241580279973,0.021776763558045455,0.25460599076280577
36.7,0.00866282205144861,-0.019020911655613235,0.2425345237049083,1.1752135605748268,-0.20436398401437658,-0.21622418054905054,0.08667952099144367,0.7936856068040967,0.1686203140682337,0.16975766298264858,-0.037845160422911917,-0.2901462328161131
36.71,0.01052060108138142,-0.016635641487040963,0.2332534344345657,1.1410277827043407,-0.20393921616871513,-0.21539271721527323,0.07960110697288698,0.6950662963352217,0.1683778271899883,0.16969788662342164,0.023263978730886314,0.24705405255125526
36.72,0.012324393361504565,-0.01429484071114904,0.2330748635574485,1.1839208312930622,-0.2035542753718738,-0.2146033202804491,0.08190691918278255,0.7927362689873835,0.1680938155197101,0.16950186273311546,-0.03634335978046978,-0.268463186320173
36.730000000000004,0.014074370440497641,-0.012009074612915987,0.22462102616329832,1.113205756497371,-0.20320872989067387,-0.21386282646446286,0.0718119403646533,0.7040704576938793,0.1677663072628946,0.16940584289685823,0.013801732824711173,0.2535474412105953
36.74,0.01577071842800873,-0.009771337673834042,0.21999079444143524,1.1582511202065062,-0.20290213175655994,-0.2131540510898734,0.06792588633536074,0.8122995870046856,0.16739334681812817,0.16917220339256062,-0.04394577875615807,-0.27138419697037436
36.75,0.01741363793312442,-0.007610290032578423,0.20449586229283576,1.1798268407919887,-0.20263401692615532,-0.2124800159750539,0.06992347478449885,0.6419525244857124,0.16697299568633706,0.16903749941111937,0.012329404783002781,0.24117187641117882
36.76,0.019003343999220323,-0.005577488320710479,0.1994024147197334,1.53956921122659,-0.20240390544694872,-0.21182709150502385,0.06479116961253226,0.7463987547471306,0.16650333337315482,0.1687662471820162,-0.046981664188818356,-0.29845168924507687
36.77,0.02054006603523975,-0.0036341668215742087,0.19136937434032433,1.53545818803274,-0.2022113016280656,-0.21124295042221364,0.055862282371339333,0.7031005568187256,0.16598245828415223,0.16857608207910857,0.003907244623364922,0.27867248535501304
36.78,0.022024047743366443,-0.001744462556572661,0.1885457622920895,1.6657233188257592,-0.20205569421606379,-0.21070145295744735,0.052763594015548664,0.803121690449119,0.1654084886124059,0.1682339178559508,-0.05949969941975382,-0.27904494032679433
36.79,0.023455547043175512,9.441012008629628e-05,0.18433630684585028,1.6616296121308858,-0.20193655657571286,-0.2102237209760688,0.04599914674387914,0.793465337071727,0.164779563218189,0.1681169103062245,0.003669486113769577,-0.2786877896353279
36.800000000000004,0.0248348359922215,0.001913705359841812,0.1839840502563723,1.414893676878105,-0.2018533468756706,-0.20977936504192138,0.03704454538195686,0.840976466158399,0.1640938425003184,0.16782232577243988,-0.006730116707867341,0.27062715510682317
36.81,0.026162200703102656,0.003784263521632643,0.1887005822805137,1.205036475499942,-0.20180550827903243,-0.20940561356726123,0.0382440498429964,0.8442392044533233,0.16334950925880581,0.16775955678287943,-0.0070160870038558296,-0.348662283496631
36.82,0.027437941257059395,0.0056549370400994165,0.1817700719490506,1.0551024200715302,-0.20179246913867627,-0.20903663721391086,0.039143629540781245,0.7963566396198001,0.16254476954856004,0.16764074138398655,-0.013281566216665635,-0.3450428640453668
36.83,0.028662371614060544,0.007491041301003518,0.18118513808891426,0.9898550882405246,-0.2018136431973366,-0.20869188402806468,0.03600349525274037,0.757359219281772,0.16167785352362993,0.1674562492861071,-0.018548819100171976,-0.36515443868346076
36.84,0.029835819519465595,0.009274886655922363,0.17341031405245289,0.9558863423960297,-0.2018684297923577,-0.2083768447928985,0.034468866359775654,0.7743256338718019,0.16074701627180624,0.16720389888826342,-0.02551003056932358,-0.347482532283674
36.85,0.030958626407228712,0.01097594504447893,0.16386938393883319,1.0676271795222891,-0.20195621406505918,-0.20808971165262166,0.027726845020678712,0.7389975721298438,0.15975053863906333,0.16688546304877425,-0.02816753983171402,-0.3565954488741563
36.86,0.03203114729973228,0.012607087945818525,0.16238696220579862,1.0656292912312388,-0.20207636717463454,-0.20784739055273768,0.023733061069415484,0.757060969060247,0.1586867280436835,0.16649398329179324,-0.03918898083762587,-0.37197056713842613
36.87,0.03305375070420713,0.014176678142314242,0.1553644938982031,1.0931366742392499,-0.2022282465165319,-0.20764566953490796,0.016676611029820966,0.7913673791199627,0.1575539192795791,0.1660308403915312,-0.04417608575213242,-0.3562946994667896
36.88,0.0340268185058136,0.01568868322408553,0.1475128736569666,1.091229395091681,-0.202411195945248,-0.2074820682473584,0.018879746170721596,0.7702997341088555,0.15635047530854496,0.16549678854952665,-0.04873453984590141,-0.3631499435044282
36.89,0.034950745857399934,0.01714082726173827,0.1398094095518088,1.1129242537178137,-0.20262454600145477,-0.2073530763769247,0.012873362405646304,0.7883960525677249,0.15507478804115254,0.1648928337741696,-0.05952420469870759,-0.34756578292617735
36.9,0.03582594106594275,0.01854080712274098,0.13604116428526197,1.1138669929785243,-0.20286761414338603,-0.20726335989917347,0.010292438426821563,0.7718968338440064,0.15372527910584619,0.16421656796553888,-0.06595117955362212,-0.35848876011071046
36.910000000000004,0.036652825475742806,0.01988894218956905,0.13182459194031126,1.1225640703605684,-0.20313970498242898,-0.20720769290595176,0.007591221233396118,0.7801068870056349,0.1523004006060668,0.1634693615902638,-0.06912463016798824,-0.3855074013419347
36.92,0.03743183334835107,0.021184910054545317,0.12682148971292778,1.129826825941505,-0.20344011052283653,-0.20718584011765295,0.0025553488700452215,0.7807992544866441,0.15079863586498804,0.1626505684102919,-0.08130891228187845,-0.3504200797462407
36.93,0.03816341173929291,0.022410379270270966,0.12621921201704328,1.0795209560861991,-0.20376811040546727,-0.2070629302300287,0.0009427778152089632,0.6746218005312131,0.14921850015756777,0.16175553720517266,-0.0843811069583457,-0.3742310901344021
36.94,0.03884802037162352,0.023569127907243505,0.11375760181442071,1.3590742728822782,-0.20412297215551706,-0.20684474001606812,0.012786164896115924,-0.4006096525615104,0.1475585414296896,0.16078169437105563,-0.08367571020796526,-0.24810943400848087
36.95,0.039486131506310085,0.02469046476959059,0.1051870756806573,1.0266595652923298,-0.20450395143413463,-0.206700511513904,0.0431480503213902,0.6428513361772094,0.14581734100397897,0.1597307365546767,-0.11068245682519352,-0.39211289785775155
36.96,0.040078229809516475,0.025774481555506813,0.11347347635968755,1.3163274722742087,-0.20491029229383034,-0.20655056480682837,0.0013224088073356937,-0.48736496795103607,0.1439935142721263,0.15863043110322847,-0.09946931660712546,-0.27714930529565923
36.97,0.04062481221679251,0.026807112995854622,0.09334249191057938,0.9653923262946013,-0.20534122743764796,-0.20636980418502612,0.033306801779157784,0.36966840095034104,0.14208571137331066,0.1574280196227141,-0.11963794306756272,-0.439820849562362
36.980000000000004,0.0411263877942126,0.02781597532573934,0.10015426294627656,1.2343145499497092,-0.2057959784819593,-0.20632027907226677,-0.011141481342829818,-0.5010017425911132,0.14009261785852428,0.15618324549467208,-0.11339190189645151,-0.27337124603753277
36.99,0.04158347759651013,0.028758250116965416,0.08921229199440944,0.9550601856079762,-0.20627375622285438,-0.20624520821250114,0.021821568663863335,0.3843363321584279,0.13801295534052946,0.15482851611851173,-0.13932734600705007,-0.4086778847494811
37.0,0.04199661452220929,0.02965028729666773,0.09213639207288679,1.2820499798084664,-0.206773760905989,-0.20629426366984174,-0.023644363201602445,-0.48864251290423044,0.13584548212907815,0.15342996890790392,-0.1327664068868015,-0.278539115632421
37.01,0.04236634316584462,0.030489173879046462,0.08091985939801685,0.9599493844513569,-0.20729518249984988,-0.20632272838053548,0.014408876516990953,0.3843010389715389,0.13358899385127107,0.15191501010812936,-0.14929916996936773,-0.41238514836253665
37.02,0.04269321966724207,0.031302274544947314,0.08394309612614052,1.2463345157816696,-0.2078372009723408,-0.20647296305794838,-0.02952515913860693,-0.492538051284309,0.1312423240566829,0.1503529283203747,-0.14370738624464777,-0.2634748805606792
37.03,0.042977811557941475,0.03204936787284759,0.06757039497988662,0.9605839711689418,-0.20839898657056838,-0.20658749393057677,0.005046448240406831,0.3879258136088116,0.12880434480706615,0.14867665623450782,-0.16982197232395263,-0.41968437991385005
37.04,0.043220697604806096,0.0327483721041951,0.062054712534247415,0.9291555883543733,-0.20897970010380226,-0.20671484913088542,0.00015599922391067893,0.29441954811132,0.12627396725036463,0.14693162236062549,-0.17315712354864476,-0.4453213098321029
37.050000000000004,0.04342246765080002,0.03340785132766251,0.057581082686000776,0.9224490920119721,-0.20957849322947147,-0.20688291888182686,-0.005800326856506112,0.3034809804396013,0.12365014217879233,0.14510518683051696,-0.18254663372824073,-0.4529101131417518
37.06,0.04358372245305764,0.03402494970030301,0.06470877281527479,1.2369726554241445,-0.21019450874211454,-0.20706607027740573,-0.04362941090284309,-0.7460021291644708,0.12093186057079636,0.1432080382913018,-0.17195262129471317,-0.3146781806302729
37.07,0.043705073518203935,0.0345845134270405,0.053517663449181706,0.8732235811805044,-0.21082688086521983,-0.20721041386208056,-0.012963209155926646,0.257302366052246,0.1181181541165702,0.14119688057072874,-0.19705087817464648,-0.4544065561783313
37.08,0.04378714293502722,0.03507964627157175,0.049309735823622206,1.1821187456329512,-0.21147473554584323,-0.20724625355698723,-0.0028644040805924165,-0.8603089321930808,0.11520809572703256,0.13910016717530105,-0.20177200461660663,-0.3424925081827189
37.09,0.04383056320451169,0.03555186099175021,0.04574488159534576,1.128661089334705,-0.21213719075189613,-0.2073187053479858,-0.0085708257634619,-0.891687745639466,0.11220080002595317,0.13692974635417704,-0.21301788675347388,-0.3464200337326917
37.1,0.04383597706727807,0.03599069408846161,0.042945808475833194,1.0810852163275833,-0.2128133567720492,-0.20744465250303687,-0.011922924866721451,-0.9103506662649866,0.10909542382506418,0.1346722670274993,-0.22287750415468155,-0.34261622208326
37.11,0.043804037328503465,0.036390137397962714,0.03838603446113628,1.0738223382544716,-0.21350233651812656,-0.20762230316337607,-0.014914698338062169,-0.8998139072193794,0.10589116658197995,0.13232561660725609,-0.22918048615315254,-0.32136922030546333
37.12,0.04373540668029978,0.036746340010159556,0.032855571465892984,1.0753444131625252,-0.21420322582992493,-0.20784887953626988,-0.023682253363515916,-0.8981344200232116,0.10258727084065725,0.12988842085104133,-0.23239300343264233,-0.3160967351369712
37.13,0.043630757521684244,0.03706018549520652,0.031050172214927025,1.0904987110668432,-0.2149151137823116,-0.20812285021581564,-0.029623967749987417,-0.8946256460959802,0.09918302265431264,0.12735892257918263,-0.24393221826603512,-0.3373598914091843
37.14,0.04349077177610067,0.037331733092430736,0.029199037834108675,1.0917321420291666,-0.21563708299455975,-0.2084399131436029,-0.033327831612633425,-0.8710937587838947,0.09567775199053799,0.12473657926194276,-0.2536105172863127,-0.3399133881620804
37.15,0.04331614070658164,0.03756126940731568,0.021456093066925162,1.08193251742533,-0.2163682099418163,-0.20879703728627436,-0.03721700300916206,-0.8985439638961794,0.0920708331184808,0.12202049530578772,-0.25912011122571055,-0.3323215374854073
37.160000000000004,0.043107564728617695,0.03774941786735174,0.01538837141589071,1.0777371456203961,-0.21710756526854696,-0.20919127705837903,-0.04240427764486677,-0.8859843104620894,0.08836168497791702,0.11920983506591169,-0.27283284035320987,-0.34116270386275876
37.17,0.04286575322070928,0.037896276355294974,0.013537882299905437,1.1091455931116312,-0.21785421410394373,-0.2096194476390752,-0.044586503820470504,-0.8851961200957011,0.08454977153006621,0.11630396008274976,-0.2803791574280998,-0.32714898088298805
37.18,0.04259142433272961,0.03800319755932093,0.009446280166223515,1.0829458875779943,-0.21860721637915317,-0.21007969206758606,-0.04852594280971506,-0.8733543614055853,0.08063460208999598,0.11330182548338746,-0.29140886008773687,-0.34158563274766574
37.19,0.04228530479209562,0.038071385139947574,0.005185717083210674,1.0957611986826332,-0.21936562714619928,-0.21056910199737605,-0.04754187147647825,-0.8496006332011734,0.07661573164047181,0.11020285208751679,-0.3007029128172889,-0.31892888672953396
37.2,0.04194812970779076,0.03810139887753982,0.0010101428031048338,1.1004548035467625,-0.22012849689856293,-0.21108511950100853,-0.05212521737348996,-0.8370157412033036,0.07249276112713013,0.10700644750436908,-0.3075770160518425,-0.33619063253389875
37.21,0.04158064237234538,0.03815610050514763,0.00941936986088013,0.5117596624023224,-0.22089487189327955,-0.21166821633040842,-0.05646226572184823,-0.4425957976940488,0.06826533773483576,0.1036964719668003,-0.3201804591424748,-0.28143608836628004
37.22,0.04118359406174478,0.038202103769963566,0.015253384156412673,0.9448217034666891,-0.22166379447444112,-0.212241955660673,-0.07244761191919083,-0.915891084223538,0.06393315514510386,0.10030218027030387,-0.3312251157456214,-0.33321552550233874
37.230000000000004,0.04075774383338043,0.03826768913167136,0.011766958459804546,0.2675620803868832,-0.22243430339805217,-0.21283617040725805,-0.05846030044167264,-0.5013843139410193,0.059495953774497956,0.09680143102032758,-0.33941861068250495,-0.29680063286415137
37.24,0.040303858322063374,0.038301741564442264,-0.003598296498350929,0.4959012886984163,-0.22320543415807537,-0.21342245973797655,-0.055388264549664376,-0.9052648048616772,0.054953520993892335,0.09321283205641537,-0.34628243417200955,-0.32913608766690955
37.25,0.03982271153413815,0.038351492458261804,0.0004893482371033952,0.13529102413077013,-0.2239762193136315,-0.2140515221914228,-0.055011182669130396,-0.6285017921366873,0.05030569132845525,0.08951657871042479,-0.35596934659955237,-0.29796968418958597
37.26,0.03931508463980675,0.038373253249039604,-0.004001680696098187,0.03767143807209615,-0.22474568881717394,-0.21468299143767197,-0.058447148416803506,-0.5987631397524156,0.04555234663836083,0.08572351473227166,-0.36812758389564687,-0.3046715095595082
37.27,0.03878176576362044,0.038426228249194144,0.008101097992565481,0.19409598119875499,-0.22551287034361012,-0.21535821214310233,-0.07567786262172879,-1.006223681664664,0.04069341628005829,0.0818205046236107,-0.3752478675053176,-0.32863848559553144
37.28,0.03822354977329735,0.03842830410913368,-0.003507727403905522,-0.26965908134792604,-0.22627678962022746,-0.21599353720776193,-0.06004792629962708,-0.6655623472153481,0.03572887724810481,0.0778285374029775,-0.383964711711384,-0.2997010150884415
37.29,0.037641238066834296,0.03841254377705081,0.0015098762123441469,0.08584722671900673,-0.22703647075730676,-0.21666652806121647,-0.07332191907059678,-1.0587952072662354,0.030658754297404445,0.07373173600994179,-0.3981522155075149,-0.3268177910741033
37.300000000000004,0.03703563835799267,0.03836084091349143,0.004830248521048578,-0.3387266714596803,-0.22779093657936933,-0.21735234941031426,-0.07644263626425349,-0.684026172460639,0.025483120045895813,0.0695283967030805,-0.40712061913523223,-0.3174335538597351
37.31,0.03640756446025267,0.038309999518552,-0.0042505977688987555,-0.2031973874772388,-0.22853920895690863,-0.21803206773836628,-0.07547510668745028,-1.0505381186231775,0.0202020950576024,0.06522453518512891,-0.41522371045239026,-0.33148788420951064
37.32,0.035757836069211554,0.038276251214507284,-0.0007930966815079686,-0.720102428646583,-0.22928030913851302,-0.2187404709291894,-0.07267190353536766,-0.6931566102625882,0.014815847905948087,0.06081166712105135,-0.4323459113791874,-0.2981569320443584
37.33,0.03508727854355088,0.0382200084361587,-0.0015855972213816268,-0.8899748124860373,-0.23001325808329623,-0.21943750639069487,-0.07445727457739391,-0.7181394348136794,0.0093245952174138,0.056300431388163714,-0.43807486156576336,-0.2967000151124596
37.34,0.034396722684582305,0.03813793061386367,-0.005634465233585245,-0.9096589500710686,-0.23073707679349936,-0.22011835092413068,-0.07219493325049951,-0.7676269982811856,0.003728601695420386,0.05169379907545889,-0.44561385845058177,-0.3034323130630715
37.35,0.03368700451445716,0.038090297893146136,-0.004245337359248374,-1.163748732860706,-0.23145078664720292,-0.22083147180017676,-0.0702765896986291,-0.8203557622989186,-0.001971819875508596,0.04697135542684971,-0.45157299231002723,-0.29616546548109846
37.36,0.032958965053063526,0.03801789525663973,-0.006741513031797321,-1.260424010467931,-0.23215340973098747,-0.22152306303987598,-0.06919906009379329,-0.8358404044001835,-0.007776308645402186,0.04215459524771545,-0.46541777602601075,-0.30666776372681254
37.37,0.032213450093695965,0.03789777344702634,-0.015401587676092617,-1.3008424044788172,-0.23284396917249128,-0.2222065796590076,-0.06741476379605621,-0.8380974622654426,-0.013684455734205736,0.03723764639405319,-0.47687872335380127,-0.31431058846446397
37.38,0.03145130997753956,0.037722610522925096,-0.021905532436568433,-1.32987022790049,-0.23352148947274648,-0.22288730269664644,-0.07236629129493188,-0.8785374030905513,-0.01969580428693274,0.03221783038779394,-0.48570419609978877,-0.2934741295774409
37.39,0.030673399367018572,0.03749168236166676,-0.023709937886742652,-1.302408731879955,-0.2341849968381514,-0.22356660360342281,-0.06827454513975689,-0.8710532256137645,-0.025809849548520558,0.0270941440199664,-0.4951328858069233,-0.3172399857865019
37.4,0.029880577018082288,0.03720696367906882,-0.030537358474378027,-1.319082804475702,-0.23483351951204035,-0.22424417340601935,-0.06985320214105496,-0.8463900199358765,-0.032026038958459235,0.02186634150495762,-0.5049332588845258,-0.3214764277236738
37.410000000000004,0.02907370555147618,0.0368714970709391,-0.03424808164464518,-1.3296045102489262,-0.23546608810570124,-0.22491903578368386,-0.06699603406930037,-0.8331621905818543,-0.03834377226505126,0.01653450617799336,-0.5130533920261505,-0.30400017735730256
37.42,0.0282536512230379,0.03648858411944893,-0.03810227930256012,-1.299042816225294,-0.23608173592875126,-0.22558992622423646,-0.0659154060418331,-0.8529524444456372,-0.044762401659311446,0.011098898966640196,-0.5264342406370667,-0.3009709692006897
37.43,0.027421283693116798,0.03606283206984408,-0.04551484501338504,-1.3161566977450414,-0.23667949931875618,-0.22625594123431503,-0.06281891088100183,-0.8564107619000969,-0.05128123192852008,0.005559678961888428,-0.534322933788433,-0.3031151642244477
37.44,0.02657747579513107,0.03559512786493162,-0.048498739254172855,-1.3152087379847779,-0.23725841797001343,-0.22691447881744284,-0.06779813475808419,-0.847297811843302,-0.05789952062924736,-8.222677784451593e-05,-0.5450643219557263,-0.30646586852315505
37.45,0.02572310330334683,0.0350889368007859,-0.05114591876220161,-1.288724698589865,-0.2378175352613808,-0.22756521070972913,-0.06529440862038868,-0.846184047306248,-0.06461647827989653,-0.005826790025697451,-0.5558033413494156,-0.3113353094250037
37.46,0.024859044699931096,0.034547253238085024,-0.05657959496580548,-1.2978525186656953,-0.23835589858303408,-0.228206761608281,-0.062059968213647225,-0.8361335446240764,-0.07143126857262166,-0.011673492256758341,-0.5632631673882571,-0.3030031722412849
37.47,0.023986180941320497,0.03397403942412869,-0.05787355436431806,-1.3005934329586224,-0.23887255966208693,-0.22883868623397444,-0.06258378986471463,-0.8248973722608772,-0.07834300860459115,-0.01762210723364793,-0.5768007310006836,-0.30065890482613944
37.480000000000004,0.02310539522399511,0.0333702403391648,-0.06150487197327534,-1.2769029646592145,-0.23936657488694857,-0.2294573962978237,-0.0601119560157182,-0.8547422836262605,-0.08535076912849093,-0.02367124590551135,-0.5846069509158142,-0.2907447334661588
37.49,0.0222175727496819,0.03273754750887561,-0.06285635483567892,-1.2779744546405405,-0.2398370056302937,-0.23006344000248713,-0.05994375494893229,-0.829551787822186,-0.09245357482212829,-0.029820876328409632,-0.5921104768696067,-0.30430908781852484
37.5,0.021323600490081505,0.0320786089560172,-0.06723673792008811,-1.2643647909386344,-0.2402829185706059,-0.23065557316574348,-0.05790771844734605,-0.8161167739118735,-0.09965040457713759,-0.036070390403092026,-0.6063056077392156,-0.28963548027673836
37.51,0.020424366951132426,0.03139566857264324,-0.06957916515218122,-1.2448072513556183,-0.24070338601213867,-0.2312325829030455,-0.05679194552105901,-0.8220736580969207,-0.10694019180655151,-0.04241907844262691,-0.6123278879502935,-0.2897736608967528
37.52,0.019520761936914398,0.030690650563213233,-0.06958530078160347,-1.269664110095315,-0.24109748620321045,-0.23179324867225837,-0.05694766013262596,-0.8267453123184524,-0.11432182477122699,-0.04886618986637893,-0.6234852206064336,-0.294836106927143
37.53,0.018613676313234663,0.029965325317315467,-0.07700079344902669,-1.2356187182283025,-0.24146430365274152,-0.23233651256097615,-0.05550090181654971,-0.8267454999739546,-0.12179414692492041,-0.05541097611997,-0.6307573676267857,-0.2887979564107995
37.54,0.01770400177092611,0.02922145109947901,-0.07398595281918119,-1.2418783994247309,-0.24180292944493026,-0.23286130215242665,-0.055958576300697255,-0.8084770282389498,-0.12935595727794308,-0.06205264848053675,-0.6387604257395635,-0.29167609250177606
37.550000000000004,0.016792630588978837,0.028460601829702465,-0.07908286816785173,-1.232114788144647,-0.24211246155197258,-0.2333665631962153,-0.051511369899892835,-0.8356084982085352,-0.13700601077921293,-0.06879036457422368,-0.6514888726511879,-0.30540353622076893
37.56,0.015880455397504524,0.02768435052609799,-0.07776969674513522,-1.2595817262819826,-0.2423920051446967,-0.2338512930468604,-0.04909259337196954,-0.8094008972551598,-0.14474301871652906,-0.07562325893751046,-0.6581508126177208,-0.28147629264835766
37.57,0.014968368940617238,0.026894210013361983,-0.07624029840812149,-1.2245447677328833,-0.24264067290107488,-0.2343144873366216,-0.046393185885243465,-0.8226787010377836,-0.15256564913503518,-0.0825504180791583,-0.6697260162556358,-0.29280695571489856
37.58,0.014057263839297158,0.026091488718648564,-0.0802049255541707,-1.2310928888475765,-0.24285758531246354,-0.23475508415444507,-0.041106162402797415,-0.8004056910724067,-0.16047252727354328,-0.08957085669025981,-0.6762307426667197,-0.26924159660344243
37.59,0.013148032354278708,0.025277626385690068,-0.08028807050436193,-1.2187792313148036,-0.2430418709874932,-0.23517220247649143,-0.04589969250340902,-0.8103351924443546,-0.1684622360186641,-0.0966836081663438,-0.6856455444489935,-0.2718216374013147
37.6,0.012241566149044359,0.024453917822162368,-0.0836422709430506,-1.2259549609596048,-0.2431926669535146,-0.23556482063687953,-0.04169255089564032,-0.816653952788106,-0.1765333163765096,-0.10388760937237677,-0.6952368863272353,-0.28550400227471084
37.61,0.011338756052939127,0.02362166486868905,-0.08368321346052825,-1.2300483196092173,-0.24330911895552304,-0.23593201812660944,-0.039111829161028,-0.8135943094934691,-0.1846842679618415,-0.11118178422122822,-0.7034842723041734,-0.29443943597885835
37.62,0.010440491824540751,0.022784032412280063,-0.08472817538751513,-1.2159197225079081,-0.24339038175241723,-0.23627375426434657,-0.03382775874330722,-0.8043912578507567,-0.19291354950439726,-0.11856536444194443,-0.7119607916007283,-0.2674058493940662
37.63,0.009547661915252664,0.021941885921793636,-0.08416138377473102,-1.2409105023906626,-0.24343561941055236,-0.23658744319550648,-0.0305296718005167,-0.7938914037380366,-0.20121957937225268,-0.12603654807445167,-0.7197015527030556,-0.297357864100142
37.64,0.008661153233248509,0.021092280979097686,-0.08554372797679717,-1.2273353044948023,-0.24344400559448665,-0.23687172411618224,-0.03399515864414838,-0.8174259314315564,-0.2096007361119525,-0.13359388004234263,-0.7281350143864675,-0.2677458127162083
37.65,0.0077818509078097925,0.02023780319441832,-0.08775904159011819,-1.2074922328201778,-0.243414723854787,-0.2371274565189741,-0.02719907751580796,-0.8121525448832307,-0.21805535900533193,-0.14123684509913942,-0.7366421873671481,-0.28772411344555854
37.660000000000004,0.00691063805407284,0.019380148517076947,-0.08352085680231035,-1.2192590827173528,-0.24334696791286115,-0.23735341230675616,-0.020436913958087635,-0.7973990995319744,-0.22658174864261804,-0.14896401652092564,-0.7473138042630884,-0.27089294257602314
37.67,0.0060483955383263885,0.01852076716378378,-0.08893660578791611,-1.1886527555365505,-0.24323994194268472,-0.2375485973084354,-0.020464130639023817,-0.8040854413666673,-0.23517816751171913,-0.15677401156591114,-0.752938750532675,-0.3044310958652043
37.68,0.005196001743836609,0.01766075831740391,-0.08871890310475768,-1.2113154606269798,-0.2430928608493725,-0.23771200130614886,-0.018054163744664013,-0.8029198710653186,-0.24384284060347358,-0.1646653960167831,-0.7600454051672489,-0.28089129895606896
37.69,0.004354332337289782,0.01680131059299488,-0.08866571240166578,-1.2016586619909306,-0.24290495054444575,-0.23784280681601144,-0.01683119768900051,-0.8181034146621206,-0.2525739560325064,-0.17263676631965602,-0.7702086992457032,-0.2669036708751673
37.7,0.0035242600359412304,0.015949804541079016,-0.08526344476665185,-1.2501631916704443,-0.24267544821779016,-0.23794439287676283,-0.010359138964581687,-0.7572605913642416,-0.26136966567359105,-0.1806881501397117,-0.7773839715052016,-0.277512665836827
37.71,0.0027066543754757227,0.015099665207215791,-0.08529061780299889,-1.202973163665745,-0.24240360260615598,-0.2380043909245407,-0.0034868363563660063,-0.8258683240550684,-0.27022808581310953,-0.18881411175407226,-0.7856609625275826,-0.27711237257841054
37.72,0.0019023814786638255,0.01424928109919125,-0.08654993864282201,-1.2188133271310047,-0.24208867425813022,-0.23803064398477644,-0.003333429316458426,-0.8246552748698727,-0.2791472978155525,-0.1970158403310044,-0.7890719940013354,-0.27778818061298705
37.730000000000004,0.001112303824877231,0.013420287717110362,-0.08598914335236602,-1.1273274173297854,-0.24172993579551796,-0.23815623334690775,0.0014156985598810182,-0.7128075594040602,-0.2881253488045872,-0.20528796578215963,-0.799004241735334,-0.2565135257935147
37.74,0.00033728002050117944,0.012604368380987814,-0.07998471019172358,-1.110583401750486,-0.24132667217103854,-0.2383390651101912,-0.046876419186794714,-0.662511957736315,-0.29716025235851423,-0.21361081794490577,-0.7950666689091445,-0.23889226608127767
37.75,-0.00042183542966817145,0.0117591617487473,-0.0852851197785555,-1.1184692723792475,-0.24087818092222943,-0.2384100677748474,0.006270955186730624,-0.44149033484069705,-0.3062499892199383,-0.222052616582126,-0.8191569120050329,-0.2135723615488512
37.76,-0.0011641923500422813,0.01092383247453177,-0.08622019095127269,-1.0655108300240745,-0.2403837724215372,-0.23852533752252716,0.011137788207439107,-0.40304086944210676,-0.31539250801915164,-0.23054087244723748,-0.823829313029308,-0.1907957736172385
37.77,-0.0018889451207306923,0.01011876692145536,-0.0771399591115364,-1.071218343348933,-0.2398427701224538,-0.23868541008718044,-0.031240111531480198,-0.3833476081471568,-0.3245857260111559,-0.23907389766596931,-0.8207250775986652,-0.19601682237650156
37.78,-0.0025952529029359267,0.009295599980729898,-0.08530617618436724,-1.3126930951037656,-0.23925451080166849,-0.2387142572666282,0.013245460285723593,0.46855391382366773,-0.3338275298258613,-0.2477140405416549,-0.8400252489110802,-0.35436175886029864
37.79,-0.0032822798631533395,0.00849770571895443,-0.07453401969086065,-0.9986146139629382,-0.23861834479711985,-0.23875723523479714,-0.02144912956049652,-0.3783019897465006,-0.3431157762313171,-0.25638519141738225,-0.8309208484389569,-0.18933298704046087
37.800000000000004,-0.003949195396092037,0.007759612816077409,-0.07641993816209727,-1.4851209974408675,-0.23793363624190866,-0.23868815414376388,0.02163126844769059,0.4872557425764052,-0.3524482929095569,-0.2651615142592239,-0.8539640644694353,-0.35112997661372525
37.81,-0.004595174346340783,0.0070762296353315554,-0.06863959487983987,-1.375286283338048,-0.23719976329398337,-0.23860646137140504,-0.006637833319441982,-0.3178442684175754,-0.36182287924475154,-0.2739564370192415,-0.8416564464936549,-0.1834965325649344
37.82,-0.005219397228639122,0.006437507111253901,-0.0659782146310329,-1.4740273111202977,-0.23641611836150017,-0.23849217405930315,-0.0006041034503735329,-0.25604331963878285,-0.37123730712348235,-0.282822528087668,-0.8453367565560848,-0.16187495147665912
37.83,-0.005821050446758333,0.005810442929526119,-0.06267523266517702,-1.4891572918164546,-0.2355821083238435,-0.23830702745672025,0.004045876000642448,-0.26441373168415183,-0.38068932174663905,-0.2917436786279641,-0.8511209702634931,-0.14912253015229857
37.84,-0.006399326510906536,0.005180604638928055,-0.06257373421602906,-1.419148699865138,-0.23469715474818748,-0.23818444322993607,0.016309526557212347,-0.17814272269285747,-0.39017664245276956,-0.300713833656951,-0.8554215559059689,-0.16270367373877176
37.85,-0.006953424253613047,0.004561213739350083,-0.06520078591798822,-1.603181230432151,-0.23376069410153938,-0.23811663833742225,0.005242515100004826,0.8649181736602762,-0.3996969635524341,-0.30972539184175607,-0.8692020047554927,-0.2778693265792076
37.86,-0.007482549044050171,0.0039326706156754074,-0.06607177007837012,-1.5662254655534027,-0.23277217795822425,-0.23798859844566095,0.011852746860383399,0.8644040959721313,-0.40924795517334334,-0.3188028919786329,-0.8710439110527454,-0.27326096261572164
37.87,-0.007985913000709777,0.0033058885315480164,-0.060813098112175897,-1.5234185688441981,-0.23173107320270636,-0.2377793269435068,0.01733141150117926,0.8808169100734506,-0.4188272641158587,-0.3279301497901095,-0.87953060206671,-0.2643550127691925
37.88,-0.008462735202421995,0.0026886035740557824,-0.06108618461808459,-1.5324982597662622,-0.23063686222773216,-0.23748839007821523,0.023916702295223347,0.8909240117461735,-0.428432514718543,-0.3371036416511933,-0.8873297912924278,-0.2759855260897921
37.89,-0.008912241897613027,0.002084749047843986,-0.06031842761496312,-1.5134299679714351,-0.2294890431276699,-0.2371171221431314,0.03555679183927383,0.8873616706118181,-0.43806130973341906,-0.3463206900848095,-0.8917572600280124,-0.2760405931066512
37.9,-0.009333666711800276,0.0014966472619725314,-0.058217052864519225,-1.5166571048581803,-0.22828712988704075,-0.23666748547062536,0.0450365581192651,0.8811680797193423,-0.44771123121061707,-0.3555789622779165,-0.8924387798163895,-0.27707799489695906
37.910000000000004,-0.009726250853257151,0.0009187740821887679,-0.06064325068295619,-1.4974600295648817,-0.22703065256415883,-0.23613454955538787,0.05492796487135759,0.8846096889673558,-0.4573798413919626,-0.3648746894508318,-0.8940613033421002,-0.28584775652678557
37.92,-0.010089243316756175,0.00036407834064028464,-0.06233074918455868,-1.519921445364231,-0.22571915746981108,-0.2355346168577465,0.059583140234903964,0.895606828483919,-0.46706468361327097,-0.37420904131306393,-0.8991672114358205,-0.27083680313091835
37.93,-0.010421901085413743,-0.00024547079270995054,-0.0635399652529332,-1.2249313472137124,-0.22435220734093475,-0.2348371664257334,0.06845648866791565,0.8395706921354952,-0.4767632832149039,-0.38356812368058224,-0.9008392828691962,-0.26488946094448473
37.94,-0.010723489330520752,-0.0008200779063810921,-0.06248417392801709,-1.2756025600022916,-0.22292938150925445,-0.2340997225102038,0.07483832844299339,0.8463579151784812,-0.48647314846026035,-0.39297238919203464,-0.9024397381638867,-0.2731773275703596
37.95,-0.010993281609339323,-0.0013777153108820257,-0.05949030271072522,-1.263075884445502,-0.2214502760647733,-0.23328744038331625,0.08352873171367499,0.8526202821505634,-0.49619177146182275,-0.40240411789137404,-0.9048466565981512,-0.2680667790067151
37.96,-0.011230560060828981,-0.001956979404231432,-0.0569134896926576,-1.0670051675755008,-0.21991450401412432,-0.23239098470373554,0.08727041141238172,0.8401418122886564,-0.5059166291143441,-0.41185770010508244,-0.9080790477220281,-0.2632846956397107
37.97,-0.011434615599210052,-0.00254859744856362,-0.0609195830160935,-0.9202731589578634,-0.2183216954336928,-0.23143090378116005,0.0969370777445034,0.8425631703357351,-0.5156451840349705,-0.42133824931538216,-0.9128480533322334,-0.27659074844011966
37.980000000000004,-0.011604748105366325,-0.003116622327903639,-0.054788938463520724,-0.8593017599599169,-0.21667149761747662,-0.23042002963224334,0.09705644055631972,0.8660638908170177,-0.5253748855096723,-0.43084787367649147,-0.9147993533697298,-0.2599319446426546
37.99,-0.011740266615997835,-0.0036619751226686387,-0.05306360883444243,-0.824462116013827,-0.21496357521964118,-0.22934418212366148,0.10190694939006151,0.8658852772933374,-0.5351031704457977,-0.44037874004798416,-0.9198491730481803,-0.2611324127683281
38.0,-0.011840489510508506,-0.004173387089870355,-0.05094503866663646,-0.8102907026217452,-0.21319761039170526,-0.22820608521391186,0.11216291373147393,0.8896853751970484,-0.5448274643303387,-0.44992920093635597,-0.9234010623388172,-0.263206461129301
38.01,-0.011904744695568514,-0.004646976475071526,-0.047400181472747,-0.7934135606393389,-0.21137330291433978,-0.22700416231978007,0.11886365209667761,0.8833368080199495,-0.5545451821934153,-0.45949605223501566,-0.9237167102319949,-0.26255823538116596
38.02,-0.011932369787281405,-0.0050813604917122595,-0.040213291588503106,-0.8007715457007545,-0.2094903703237082,-0.22573805933325888,0.12027727760011048,0.8663077654134087,-0.5642537295767629,-0.46907653582106495,-0.9243476014606045,-0.2512293033468982
38.03,-0.011922712290974746,-0.005476071995524679,-0.03903987909549371,-0.7792178883730105,-0.20754854803233871,-0.22440795665316848,0.1325465313761432,0.8577485155136402,-0.5739505035066349,-0.4786681206748735,-0.924815885231376,-0.25840855444244
38.04,-0.011875129778490423,-0.005831083938944985,-0.03824667042837375,-0.7818656310326856,-0.2055475894444664,-0.22301416200953314,0.1322311902004312,0.8630611999062311,-0.5836328934709902,-0.4882683322128165,-0.922455704091887,-0.2735711598598219
38.050000000000004,-0.011788990062996607,-0.006147089212319152,-0.033650839541051365,-0.7568816528279463,-0.2034872660658067,-0.2215566628294168,0.1436310196818253,0.8453186713928589,-0.5932982824002859,-0.4978746029117595,-0.9247022662791214,-0.2710546686749738
38.06,-0.011663671371232115,-0.006423461711463945,-0.02695733241097198,-0.766163802195251,-0.2013673676077608,-0.22003695052878205,0.1479512666963581,0.8828394833192651,-0.6029440476516915,-0.5074848265600197,-0.9267977524004326,-0.2569399153667038
38.07,-0.011498562513171467,-0.00665987480036285,-0.022643201109442044,-0.7727892778655483,-0.19918770208596684,-0.21845449887013335,0.1511204629305226,0.8792363439076026,-0.6125675619962879,-0.5170963237241791,-0.922568781784532,-0.27633207299032925
38.08,-0.011293063049051172,-0.006847956217033924,-0.020572738535259802,-0.7770477628592927,-0.19694809591320125,-0.21681178982378826,0.16076459205021798,0.8608056364582708,-0.6221661946087568,-0.5267074376067679,-0.927084211138883,-0.2723759015470485
38.09,-0.011046583453713316,-0.007002827768361527,-0.015937684388363793,-0.7573889802276859,-0.19464839398659142,-0.2151030273306577,0.16507426002184644,0.85027770623449,-0.6317373120593264,-0.5363133670108778,-0.9186934228186756,-0.2568663655644909
38.1,-0.01075854527824921,-0.00711991149941611,-0.011056488732635936,-0.7737344947032192,-0.19228845976911338,-0.21333342513134765,0.17016759329133851,0.8579851543334058,-0.6412782793073829,-0.5459135029789418,-0.9249316958476076,-0.2679587900932439
38.11,-0.010428381308859203,-0.007199108885675141,-0.010337358972044967,-0.7258113401925731,-0.18986817536532852,-0.21150174739051256,0.17755874251124448,0.8442021492344624,-0.6507864606965938,-0.5555048729479819,-0.9194109619784004,-0.2521830935945909
38.12,-0.010055535722944015,-0.007238419798936512,-0.0024851445134166953,-0.7347496499712537,-0.18738744159137352,-0.2096100649913895,0.1856130352132212,0.8506093147584511,-0.6602592209508925,-0.5650854855340691,-0.9238837836690497,-0.2562453394688055
38.13,-0.009639464242344797,-0.007294563216557993,-0.010847755310537653,-0.19112892631040138,-0.18484617803913864,-0.20761715046474286,0.19281868073014394,0.46671729709599996,-0.6696939261710837,-0.5746403899548037,-0.9194784490377332,-0.317921494555372
38.14,-0.009179634283704802,-0.007338922530973233,-0.014701392536636767,-0.596160136408922,-0.18224432313464808,-0.2055936618743586,0.21205268440140995,0.9153500150193614,-0.6790879448316279,-0.5841907482368477,-0.9155272519869236,-0.26954796160159894
38.15,-0.008675525105939136,-0.007397523322234197,-0.00703140921568675,0.06283229105259626,-0.17958183419059012,-0.20350707457610592,0.20292529303698942,0.5502035044270897,-0.6884386487772152,-0.5937147980051757,-0.9163743778434871,-0.29107074816511885
38.160000000000004,-0.00812662795473107,-0.007463346791514692,-0.014532624750636892,-0.2277987601829781,-0.1768586874530035,-0.20135381656419923,0.22125190910229708,0.9648390949481186,-0.6977434142187154,-0.6032222794697988,-0.9161567517408243,-0.23460868046547054
38.17,-0.007532446204058213,-0.007476991933606656,0.0010913554703742981,0.014847467308664574,-0.17407487814211509,-0.19918080673241817,0.20456550307099833,0.9081242724073367,-0.7069996227280789,-0.6127118493385662,-0.9137297503852835,-0.2809315423984031
38.18,-0.00689249549470991,-0.007519950980063764,-0.007147923068215679,0.1534252794290884,-0.17123042048726328,-0.1968864311951841,0.22686722692577613,0.9380904657132331,-0.7162046622318619,-0.6221645300414825,-0.9054664271747314,-0.27601141566603765
38.19,-0.006206303869719987,-0.007524889657874674,0.004620001265207937,0.6124340871317898,-0.1683253477559556,-0.19458042279216,0.21793534246419025,0.6735748460422293,-0.725355928002939,-0.6315955764821032,-0.9096496643593223,-0.2825354765623348
38.2,-0.005473411906742415,-0.007503320790019462,0.003114521772959914,0.31522568563083425,-0.16535971227701055,-0.19219505837557985,0.23747149866259362,1.0123848079077777,-0.7344508236499601,-0.6409965410658218,-0.9066974051797029,-0.2612474201681105
38.21,-0.004693372847284688,-0.007451788528519667,0.0068357398648862516,0.4883886250758835,-0.16233358545780122,-0.18974930885273827,0.24299617917397964,0.9935880216645868,-0.7434867621042346,-0.6503594799296702,-0.8993682121618555,-0.2774112147672498
38.22,-0.0038657527227978494,-0.007421875003258636,0.0006768040746488817,1.0424324193217636,-0.15924705779555326,-0.18722135729352724,0.2511421636407555,0.6508394121812525,-0.7524611666036297,-0.659680119459652,-0.8933445814762555,-0.29385671174914624
38.230000000000004,-0.0029901304775827864,-0.007366386469306317,-6.952855403340654e-05,1.260975726146172,-0.15610023888275448,-0.18465300777351915,0.2551364821203246,0.6966411517185483,-0.7613714716730101,-0.6689661746645935,-0.8920603621308267,-0.26725375052471784
38.24,-0.002066098088469609,-0.007263236394064629,0.005581266887377145,1.3557283476667779,-0.15289325740662046,-0.1820393473098935,0.25885750812346064,0.7267741443084452,-0.7702151241009465,-0.6782155497000656,-0.8890621729243724,-0.2753223614022643
38.25,-0.0010932606812709689,-0.0071896537314346766,0.008815992470269526,1.6054885323076953,-0.14962626114262617,-0.17934659969685626,0.2623523906006774,0.801238478410323,-0.7789895839122137,-0.6874135436198643,-0.8833148998179428,-0.27118622864441544
38.26,-7.123664393304807e-05,-0.007067367489572447,0.015212392829501693,1.7136499522692876,-0.14629941694212723,-0.17661313713763424,0.27004977906497707,0.8593677664396838,-0.7876923253357342,-0.696571437035843,-0.8787124253497611,-0.26006844550708547
38.27,0.0010003422635903592,-0.006874041803818061,0.02106892863187604,1.748000501568354,-0.1429129107140459,-0.1738252495350629,0.2726080840002339,0.8463075272161853,-0.7963208377675443,-0.7056818444355829,-0.8732639743536977,-0.2757471381273687
38.28,0.002121830802799596,-0.006602201858648636,0.027536270373752475,1.7847634814371665,-0.13946694740065252,-0.1709772821971033,0.28176591338373547,0.8298489088137466,-0.8048726267283971,-0.7147401357052295,-0.8725243419890595,-0.27903660208092096
38.29,0.003293570153492048,-0.006253757071307976,0.03883493873723973,1.8104084781460883,-0.13596175094740337,-0.1680656535232572,0.28382200626156795,0.8477487979440974,-0.8133452148157179,-0.7237424685012978,-0.8656554153102696,-0.26472238744653265
38.300000000000004,0.0045158878139479885,-0.005825302302207113,0.042446366216298596,1.8127878917152107,-0.13239756426691002,-0.16509393991621696,0.2918073753066759,0.8415647209347578,-0.8217361426493459,-0.7326873874806769,-0.8625053812073965,-0.2677067991265501
38.31,0.005789097504562246,-0.005319035027393447,0.049804277091593185,1.802320116395597,-0.12877464919699397,-0.16205901160153632,0.2985170334300541,0.8396471078222618,-0.8300429698108445,-0.7415713368806439,-0.8504248032416648,-0.26044548664370687
38.32,0.0071134990748814575,-0.004738084923413581,0.05870058786537571,1.8116239340686167,-0.125093286452851,-0.1589614769940273,0.3043482834557896,0.824490782891313,-0.838263275775941,-0.7503919026331709,-0.8462592916077591,-0.2560016116182269
38.33,0.008489378414114818,-0.004085036852108265,0.06694861822568658,1.8181843185617506,-0.12135377557336335,-0.15580194986823837,0.3111077611165713,0.8208867777953084,-0.8463946608397193,-0.7591467266799713,-0.8417985106558247,-0.2682605724772798
38.34,0.009917007365113889,-0.0033621571851456897,0.07505884501256233,1.8245001288360143,-0.11755643486153428,-0.15258098085411395,0.3119632738389648,0.8068406436512126,-0.8544347470342017,-0.7678334312853828,-0.8372851882193186,-0.2704760681063223
38.35,0.01139664364184323,-0.0025713457983364903,0.08306374823557007,1.832837679384139,-0.11370160131912094,-0.14929904778161687,0.32157258595175725,0.8286186294200587,-0.8623811790379132,-0.7764496340594113,-0.8283078881727136,-0.26751999491886036
38.36,0.012928530750402706,-0.001714356421022088,0.09107615339049313,1.8360531679849363,-0.1097896305754034,-0.14595658431215094,0.33021899929808096,0.8126705158762447,-0.8702316250772031,-0.7849929373255069,-0.8200737472070181,-0.2734792216227465
38.37,0.01451289791354693,-0.0008110280955193779,0.08500485263882948,1.9691866740389645,-0.1058208968101862,-0.14253944435183205,0.3360470783492762,0.7200685374130075,-0.8779837778187404,-0.7934577737242726,-0.8142640260768534,-0.2807786929003643
38.38,0.016149959998806057,0.0002139297907704832,0.10753297264597811,1.705407990233524,-0.10179579267101484,-0.1391129778190007,0.3322032877560557,0.8829073691177771,-0.8856353552530414,-0.8018564313871297,-0.8096534702238443,-0.28160104431624633
38.39,0.017839917450151344,0.0012922958582202344,0.09904417349999119,1.6164478203993207,-0.09771472918465182,-0.13557582310761176,0.35272336305959046,0.8987021226834252,-0.8931841015685041,-0.8101655963728207,-0.8022136882097123,-0.25921592114676717
38.4,0.019582956223270276,0.002493240346766231,0.12484862392916568,1.4904011167835127,-0.09357813566279265,-0.132032954995891,0.34783729297682436,0.8830979254124546,-0.9006277880157356,-0.8184014690574208,-0.7929772099723461,-0.26040170677032215
38.410000000000004,0.021379247724462896,0.003820024563080815,0.1329129743993932,1.3088720394616047,-0.08938645960213192,-0.1284095923775604,0.3547737553911011,0.8307622174048596,-0.907964213761745,-0.826550267765714,-0.78409460191801,-0.26642811382310533
38.42,0.02322894875313175,0.005221638796817668,0.14192986079349268,1.2604637981636355,-0.08514016657873691,-0.12471166722874269,0.3596181120183813,0.7915239257993022,-0.915191206733628,-0.8346063708550565,-0.77384626351114,-0.2872552563066053
38.43,0.02513220144795536,0.006679392380599419,0.14608787763280065,1.22393065365745,-0.08083974013677458,-0.12095016762017007,0.3676604985705143,0.7769385890549417,-0.9223066244515585,-0.8425710317259101,-0.7615934770010636,-0.2907045601987877
38.44,0.027089133236686214,0.008179389606630038,0.15120300771931422,1.2614148346511012,-0.07648568167165601,-0.11712680788981661,0.37417985558895844,0.7664529213204174,-0.9293083548505575,-0.8504424947105352,-0.7571920514263458,-0.2977978059267334
38.45,0.0290998567896196,0.00967980409922381,0.1470584676520907,1.6801548787468943,-0.07207851030759785,-0.113219886301008,0.37996261226988104,0.46582054145385476,-0.9361943170908364,-0.8582131333044211,-0.7449338317449927,-0.31835106833968246
38.46,0.031164469976757148,0.01120748529323869,0.1567478605761463,1.4274020114272985,-0.06761876276967725,-0.10929993500464849,0.38152661619016204,0.8124660272254762,-0.9429624623563574,-0.8658977307043119,-0.7389725924830848,-0.2665557166912923
38.47,0.0332830558286443,0.012801084251609073,0.16054809883641336,1.4193126108580587,-0.06310699325034735,-0.10532150942664227,0.3874315467442409,0.7977064891956307,-0.9496107746412898,-0.8734850220735585,-0.7281692773185404,-0.2749820772985614
38.480000000000004,0.035455682500922875,0.01445225141945802,0.166382938954669,1.404152701203387,-0.0585437732705433,-0.10128514860755708,0.39706140842049203,0.7804822302397079,-0.9561372715240475,-0.8809708348972183,-0.7133624519849714,-0.2835459037173449
38.49,0.03768240324257635,0.01615806948220212,0.17137245379466462,1.4023589919808808,-0.05392969153536585,-0.09719289765225175,0.400113303367969,0.7649643810593827,-0.9625400049285673,-0.8883535054045563,-0.7066761487863215,-0.2830872401256568
38.5,0.039963256367904404,0.01791742254161515,0.1772992353433642,1.4086768713948814,-0.04926535378436894,-0.093045898934651,0.4029115671208194,0.7667532128516458,-0.9688170618725834,-0.8956310991583153,-0.6951135849163391,-0.29485786418485266
38.51,0.04229826523222774,0.019729902662656094,0.1844975429431539,1.399144604787658,-0.04455138263656713,-0.08884487230757476,0.4108545142407685,0.7592444310036377,-0.9749665652025625,-0.90280156060619,-0.6853257470325959,-0.30616739176809155
38.52,0.04468743821130394,0.02158863545951533,0.18870748903493423,1.4719313049668152,-0.03978841743012704,-0.08458589034551288,0.4155379889575279,0.7112044814961913,-0.9809866743149764,-0.9098616315242588,-0.679335807951088,-0.29691378114395606
38.53,0.04713076868450147,0.023501655998666868,0.1924258475399244,1.4056953910212922,-0.03497711405687437,-0.08028165407345558,0.4228413500676181,0.779117130161633,-0.9868755858636827,-0.9168122857872734,-0.6656175902893136,-0.28620779325334383
38.54,0.0496282350217013,0.02547213146262239,0.19862533820495504,1.401010474201649,-0.030118144791565604,-0.0759233647645818,0.4292824843405489,0.7482072229538638,-0.9926315344530866,-0.9236494013812359,-0.6562841494222145,-0.29994849506085663
38.550000000000004,0.05217980057395638,0.027498665818918914,0.20645200839170544,1.4037083587343369,-0.02521219811608394,-0.07151247460142596,0.4314088675625348,0.7567480622343163,-0.9982527933168354,-0.9303709212514809,-0.6409132722243923,-0.2969867375733734
38.56,0.05478541366788031,0.029578204208301248,0.21130335786687204,1.4009492054653392,-0.02025997853854794,-0.0670493240591692,0.4361255620141916,0.7595085242006655,-1.0037376749817217,-0.9369747793433351,-0.6337848480348827,-0.2998907620773158
38.57,0.05744500760380061,0.031711015308498076,0.2150891345561321,1.4044954964674818,-0.015262206407372803,-0.06253532650775408,0.43958420305491164,0.739207684882011,-1.0090845319166015,-0.9434592970154307,-0.6246224889702352,-0.27529783123617263
38.58,0.06015850065766393,0.03389720916239527,0.22106327037357634,1.3979948430263838,-0.010219617720407304,-0.05797109149568556,0.4449244611342441,0.748403428183894,-1.0142917571660142,-0.9498225632196792,-0.6112370350304817,-0.29653510671648364
38.59,0.06292579608667365,0.036136830323845084,0.22560729307609986,1.3975197573161395,-0.005132963929149664,-0.05335720304181375,0.4509856091106112,0.7438425300738548,-1.0193577849682565,-0.9560626776407424,-0.5982450679329263,-0.30362464997723976
38.6,0.06574678213869334,0.038420210521577146,0.2339329977804617,1.4219024015555972,-3.0117381200067683e-06,-0.048691093896065574,0.4566847183861536,0.7509099452468811,-1.0242810913576812,-0.9621767711881142,-0.5820361815903565,-0.3217326914984462
38.61,0.06862133206539817,0.040763397575098066,0.2353975061143072,1.432102413970202,0.005169457100561187,-0.04398215261792709,0.461890038934946,0.7505303122046428,-1.0290601947509803,-0.9681657982378503,-0.5747355014496336,-0.29946341603838733
38.62,0.07154930413915098,0.04316289769550684,0.2406771395132779,1.391359213693953,0.010383645997300572,-0.03922388875293665,0.4694412929685773,0.72952433053626,-1.0336936565171722,-0.9740257539944964,-0.5630374296425955,-0.2937293068449355
38.63,0.07453054167364953,0.04561693873784607,0.2427400960417634,1.44840756969822,0.015638743739836036,-0.0344177667712455,0.4684293943321493,0.7456297368481728,-1.0381800815311388,-0.97975511258603,-0.5529023045737637,-0.29886270067892956
38.64,0.07756487304826884,0.04812482665319573,0.2506578394022797,1.4116893010345826,0.02093392471260741,-0.029564884362360933,0.47273226021373616,0.7221174665277544,-1.0425181187104031,-0.9853523001572302,-0.5360437672199033,-0.300807275291708
38.65,0.08065211173618303,0.05068623261343513,0.25379488254933275,1.395788056030264,0.026268349120687262,-0.02466606583362973,0.481364015024647,0.7155410891847029,-1.0467064615350334,-0.9908156880495771,-0.5269368364841369,-0.32501830696305006
38.660000000000004,0.08379205633617187,0.05330100936836874,0.26295883051807784,1.4169092441622337,0.031641163218146945,-0.019722090762256485,0.4827770694800533,0.7244478879278159,-1.0507438485503657,-0.9961436682198449,-0.508450311855022,-0.31278976369767736
38.67,0.08698449060814506,0.055969018490467946,0.26922364178435143,1.4076200327465787,0.03705149954081319,-0.014733678709179663,0.49018081360254817,0.7110863566791582,-1.0546290638523867,-1.001334647610399,-0.4975861518561989,-0.3220409344697105
38.68,0.0902291835124116,0.05869018115997342,0.2728905904107645,1.4020748873870599,0.04249847714335683,-0.009701599090935244,0.492942823744514,0.7056860572680265,-1.0583609375556289,-1.0063870825996846,-0.4814181275727013,-0.3219089391373282
38.69,0.09352588925259567,0.0614643674855944,0.2807537126051812,1.3982311438699884,0.047981201840616716,-0.004626566089828669,0.4969975920314151,0.7227964098733395,-1.0619383462432854,-1.0112994508652875,-0.46947813732091087,-0.31182414536725106
38.7,0.09687434732228567,0.06429150698889759,0.28430437378860274,1.3965684693236804,0.053498766453102725,0.0004906195382915989,0.5013409983468087,0.7114835479623879,-1.065360213399468,-1.016070292068469,-0.4521991487100608,-0.30143556064071214
38.71,0.10027428255532436,0.06717143901701529,0.28915319853986804,1.400279125941652,0.05905025105657194,0.005649203867041475,0.5038775879893244,0.7161666698049736,-1.0686255098233537,-1.0206981671043964,-0.4433399299835293,-0.320523500176523
38.72,0.10372540517978804,0.07010404318741392,0.2956661502162328,1.4214622227534313,0.06463472323567679,0.010848380401398712,0.5043708486030094,0.7124070485539596,-1.0717332540251179,-1.02518169406488,-0.42878376877014845,-0.327485520996376
38.730000000000004,0.10722741087561719,0.07308919321322631,0.3018856932374432,1.4116819246366634,0.07025123834151345,0.016087340288024794,0.5114888968476973,0.7076509311906198,-1.0746825126034556,-1.0295195293525825,-0.4140662914599373,-0.3256965704531445
38.74,0.11077998083585386,0.07612673393314091,0.3095576915222303,1.3980461754996907,0.07589883975304727,0.021365279164474636,0.5170596547774517,0.7168404568986801,-1.0774724006045322,-1.0337103699799217,-0.4047187467979829,-0.31573224911980546
38.75,0.11438278183155282,0.07921645217445053,0.30771291872326695,1.4012938193346642,0.08157655914234554,0.026681374746762486,0.5196638026210747,0.6988016778322959,-1.0801020818622766,-1.037752953235662,-0.38752735323912485,-0.3302886968209073
38.76,0.11803546628026082,0.08235813449792254,0.31591795521551863,1.4005725723869753,0.08728341674348118,0.03203475253527546,0.5232570973450092,0.680695545903343,-1.0825707693198046,-1.0416460733491881,-0.3691521099319446,-0.33638536043200995
38.77,0.12173767231809582,0.08555162150034837,0.3186846839918126,1.4087473998253364,0.09301842162509961,0.03742455171313887,0.5270330646651898,0.6825707565104949,-1.0848777253318955,-1.0453885664996585,-0.35650143931719613,-0.3295657244813745
38.78,0.1254890238754072,0.0887966625128665,0.3266761460541922,1.4241562503849254,0.09878057196647407,0.04284992086963263,0.5312629761369653,0.7029622058956249,-1.0870222619483845,-1.048979304649122,-0.3471013855949647,-0.33426944349808796
38.79,0.12928913075598947,0.09208725335784548,0.3309931234453788,1.4064985455610595,0.10456885533707827,0.04831124211618506,0.5339117759779622,0.7032557939833832,-1.089003741178358,-1.0524168008635706,-0.32584268863125304,-0.332875769639853
38.800000000000004,0.1331375887198353,0.09543331210892662,0.3375565763233917,1.4221223909024545,0.11038224897949568,0.05380392440518284,0.5381486892033217,0.7109350775076346,-1.0908215752350465,-1.0557012023198449,-0.31205730092967293,-0.3443661716869435
38.81,0.1370339795693775,0.09883142275549513,0.3439566993081957,1.386178327444286,0.1162197200955894,0.0593301289332019,0.5432636908586009,0.6776286455684245,-1.0924752267613036,-1.058830554771118,-0.29716610788434716,-0.3330909850976193
38.82,0.1409778712392744,0.10228050232812658,0.3505923333770999,1.41417032117498,0.12208022613593492,0.06488858140956051,0.5428892248721132,0.6730680592574593,-1.093964209035616,-1.0618040342983923,-0.2850379645325084,-0.35392283507974653
38.83,0.14496881788963029,0.10577993759167291,0.3512808679741518,1.4097795068031407,0.12796271509230622,0.07047812568881688,0.5464753377956348,0.6703588522944574,-1.0952880861585177,-1.0646208172857128,-0.2724680234096515,-0.33624804981117573
38.84,0.149006360002673,0.10932926179674786,0.354948912090564,1.409129125107966,0.13386612579319884,0.07609777442299905,0.5508954118520217,0.6740744360069896,-1.0964464732193635,-1.0672800795321042,-0.2524426654173752,-0.35077158443431933
38.85,0.15309002448286804,0.11292807226168738,0.35962241420267654,1.4159172786538334,0.13978938820227468,0.08174650310488131,0.5531710340541071,0.6784979548132283,-1.0974390364433857,-1.0697810427007857,-0.23679662546697097,-0.34289907244134377
38.86,0.15721932476043393,0.11657603013339485,0.3674851425403588,1.4150131984757672,0.14573142371967066,0.08742333818798144,0.5545959339289563,0.6751164600212799,-1.098265493318976,-1.0721229698131474,-0.2199386430807373,-0.3569798947035257
38.87,0.1613937608982294,0.12027279621105019,0.368726214781887,1.4057887671598406,0.15169114548603574,0.09312726846712362,0.5575598373645632,0.6696933458497774,-1.0989256127051399,-1.0743051689689558,-0.20286669029541984,-0.32772971854671096
38.88,0.16561281970199998,0.12401803592253288,0.37367496273735823,1.3992054146169435,0.157667458689204,0.09885730833594424,0.5598448829240255,0.6673706409212757,-1.0994192149190811,-1.0763269953774781,-0.19328696582947066,-0.34912991015524053
38.89,0.1698759748339239,0.1278113102157083,0.37883422118736204,1.4094724127120644,0.16365926087344126,0.10461249709016894,0.563940678483315,0.6801408778587877,-1.0997461718038815,-1.0781878400921945,-0.17382535480007882,-0.3549460605627665
38.9,0.1741826869295033,0.13165217452858238,0.3851817248661744,1.4101164337221732,0.1696654422511898,0.11039178950730744,0.5654058584847472,0.675455016057057,-1.0999064067762512,-1.079887160272676,-0.16213116948045309,-0.33550442360455923
38.910000000000004,0.17853240371767803,0.1355330694146209,0.3848456594317777,1.4263050416900709,0.17568488601712345,0.11620126167347383,0.5688200301541314,0.6637685561219641,-1.099899894854327,-1.0814233854634452,-0.1419894013086477,-0.3558577132801384
38.92,0.18292456014419345,0.1394552838725562,0.3954643299647916,1.4447166002700333,0.18171646866449825,0.12202171266780347,0.5699698245263791,0.6764199077728565,-1.0997266626655087,-1.0827982836980214,-0.1275891336003949,-0.3642229972567701
38.93,0.18735857849819315,0.14343330718661856,0.4007645990294954,1.4342571136225353,0.1877590603037245,0.12786413052267714,0.5726495127640862,0.6683759678710637,-1.0993867884343307,-1.084011200026098,-0.10987295755739274,-0.3586565103201067
38.94,0.19183386854196274,0.14746058457445663,0.40174018731318745,1.4038637527071662,0.1938115249829373,0.133728385672577,0.5738720864606882,0.6618279947023528,-1.0988804019503744,-1.085060311958803,-0.09779904866768244,-0.37930046546348006
38.95,0.19634982764384815,0.1515345783469896,0.40966581788149586,1.4069249551843213,0.1998727210106127,0.13961232019613135,0.5736477644614265,0.652317580510205,-1.0982076845162332,-1.0859456649103885,-0.07816636937793214,-0.3594225378932376
38.96,0.20090584091424746,0.15565394221633025,0.4139762994219614,1.4297907923394038,0.20594150128003305,0.14551438647622297,0.5818177671099464,0.6610951271662638,-1.0973688688755547,-1.0866671598299154,-0.06532980783064761,-0.34964445950720435
38.97,0.20550128134473772,0.15981777976189332,0.41614944685985344,1.4165134593411026,0.21201671359555374,0.15143334024154972,0.5813206570660833,0.6645134213692665,-1.0963642391211792,-1.0872246576944116,-0.047358921196442534,-0.34735145349675695
38.980000000000004,0.21013550995021066,0.1640254527900273,0.42016376038488823,1.4020833422695604,0.21809720100054966,0.15736797510256698,0.5775843982289418,0.6433849104213989,-1.0951941305834239,-1.0876180469246703,-0.03723307779710028,-0.3610006172329858
38.99,0.2148078759140093,0.16826868554378213,0.4225335572394375,1.4086680338565962,0.2241818021069129,0.16332479126605867,0.5899395243263973,0.6517375071019715,-1.0938589296985575,-1.087846014578005,-0.019719278488282012,-0.37192848122544686
39.0,0.21951771673609177,0.17254882193475338,0.42882401875035553,1.4367489267364968,0.2302693514261029,0.1692832035565244,0.5831706807911132,0.6766556844737758,-1.0923590738574964,-1.087911100776489,0.0017941070773933579,-0.38070440001950406
39.01,0.22426435838408437,0.17680487733913677,0.43451728991759603,1.5535319053301175,0.23635867970149876,0.17527920567305816,0.582220037835102,0.6630520200221585,-1.0906950512348192,-1.0880980759678875,0.006969176567529699,0.22281556785379306
39.02,0.22904711544726888,0.18116775103341537,0.4402264241792196,1.4906887092298355,0.24244861424208347,0.181252699110064,0.5848672384350271,0.7039132541444554,-1.088867400598133,-1.088235400172526,-0.02974646579165924,-0.2666130977083372
39.03,0.23386529129340408,0.18558464397219765,0.4399758818117791,1.4076527393727292,0.24853797925727839,0.1872385461881558,0.5852262223786505,0.6142284599522637,-1.0868767110979012,-1.08806151790577,0.04622783693750258,0.2176527638778216
39.04,0.23871817822842617,0.1900420963217383,0.44603222357807143,1.428381891571202,0.25462559619286906,0.19324455338315313,0.5881897505802282,0.6269325802672654,-1.0847236220377796,-1.0878223609910647,0.06436525767102631,0.31528828988604307
39.050000000000004,0.24360505765888468,0.1945546777766849,0.44825759654191927,1.3894852016080719,0.2607102840678956,0.19926231311114845,0.585254885080882,0.6285098025245914,-1.0824088226255881,-1.0876609675372766,0.02008906738456679,0.3438301768060752
39.06,0.24852520025713948,0.1991041035371484,0.4577198966697434,1.3830321017449378,0.2667908598123975,0.2052818902824532,0.5906857911473725,0.6407801566545944,-1.0799330517050114,-1.0873033399637018,0.0399300716670668,0.3114649017108894
39.07,0.2534778661293038,0.2036898611509435,0.46074666143203785,1.4008798181482374,0.27286613860595055,0.21130643338774693,0.5924746508429701,0.6312568708283399,-1.0772970974681004,-1.0867293905653932,0.05939596826733335,0.311660635921411
39.08,0.25846230498579226,0.20831246136902834,0.4645344285292204,1.4053102173562193,0.278934934216843,0.21733528718081802,0.5905140724978227,0.6109657841374535,-1.0745017971487525,-1.085944394556205,0.08083792627330373,0.31626414915717244
39.09,0.26347775631455195,0.2129717558439419,0.46666001064967366,1.4032727096138147,0.28499605934181954,0.22336752454363654,0.589861901586678,0.621601029943677,-1.071548036697232,-1.084953288129758,0.09873318928804688,0.3324345787609422
39.1,0.26852344955682284,0.21765034586036466,0.47256308069257,1.4757954120458574,0.29104832594626756,0.2294097714653755,0.5894633228353918,0.6228954050081392,-1.0684367504359145,-1.083758306305712,0.12036986425893977,0.30491557672773356
39.11,0.27359860428548743,0.22237289384125752,0.47403531495036244,1.4274446073636762,0.2970905456047751,0.23543971743070685,0.5914926680792971,0.6552986984029373,-1.065168920696348,-1.0823701634607596,0.1398695472378529,0.33924399876819833
39.12,0.278702430385881,0.22713730113175012,0.47744818062596056,1.418931164971063,0.3031215298419007,0.24147306765757479,0.5901513684634774,0.645594271746863,-1.0617455774378024,-1.0807878085729843,0.1583150522862811,0.3288750736387091
39.13,0.28383412823906984,0.23193881501904712,0.4792672397351853,1.4059246534852006,0.30914009047312396,0.24750678913453877,0.5954109811921139,0.6463650955090183,-1.0581677978474684,-1.0790153693114901,0.17641265037815523,0.31731631349044725
39.14,0.28899288890752034,0.2367750010238965,0.48234054787659236,1.4007134932267198,0.31514503994577386,0.2535387953430698,0.592465649854002,0.6317851623407269,-1.054436705922442,-1.0770565903248344,0.19166267729807784,0.28910231452749885
39.15,0.29417789432315644,0.24164450736735424,0.48752839646334256,1.3996559816308722,0.3211351916799588,0.2595674966296906,0.5910359693429583,0.6110418644652799,-1.0505534720336656,-1.0749148412500331,0.2094962944492528,0.2891036370769383
39.160000000000004,0.29938831747770667,0.24654636581141426,0.4885125110354489,1.3968065267982495,0.32710936040927535,0.26559156657400085,0.5959432515680327,0.6137273313017824,-1.0465193124720338,-1.0725932145811017,0.22867555351191166,0.3033864463077818
39.17,0.3046233226153209,0.25147975365920133,0.4924314074193495,1.3944847130377964,0.3330663625212428,0.2716097441922266,0.5893277979094843,0.6254672529795221,-1.0423354889768053,-1.0700946061333274,0.2464983736351688,0.2925809631122014
39.18,0.3098820654274246,0.25644388773482285,0.4950444537091531,1.4005396882935761,0.33900501639737907,0.27762084074571913,0.5876954509094362,0.6215325812636486,-1.0380033082465279,-1.067421742780274,0.26229179400127756,0.3042313834998614
39.19,0.3151636932497398,0.2614380449013562,0.49918857242559006,1.3781652497706376,0.34492414275276706,0.2836236691582496,0.5882874646710418,0.619357034499344,-1.0335241214326727,-1.0645772201879806,0.27712635042162626,0.3090101201606639
39.2,0.32046734526142007,0.2664614797525765,0.5013676055204064,1.3982157061967,0.35082256497505737,0.2896170172526615,0.5872971820416819,0.612171588943123,-1.0288993236161836,-1.0615635228036229,0.29400326755584133,0.2908485203650186
39.21,0.3257921526862575,0.2715134843899357,0.5055107184068811,1.3771621045446647,0.3566991094627251,0.29559972285191943,0.5916866395727602,0.6123889604593964,-1.0241303532671702,-1.058383025858593,0.31396589322978136,0.2805857388044542
39.22,0.33113723899595937,0.276593289416086,0.511572048540512,1.3840139106954243,0.3625526059626028,0.3015706154963387,0.5849842134526879,0.6243350871594919,-1.0192186916878803,-1.0550380203792513,0.33051267244854904,0.2850368974578202
39.230000000000004,0.3365017201153411,0.28170009274773233,0.5107912166927149,1.3830736812750823,0.36838188790646115,0.3075285374108106,0.5868631170849641,0.614720285270452,-1.0141658624393073,-1.051530719992929,0.3437261920829118,0.30176447964031133
39.24,0.34188470462947934,0.2868331836263147,0.512229258060342,1.376002383175754,0.37418579274657343,0.31347226225177033,0.5849859541063562,0.6103443424291648,-1.0089734307515505,-1.0478632971011164,0.3592190997341009,0.2811281216009712
39.25,0.34728529399275254,0.29199171981048916,0.5118735378945165,1.3691272327398762,0.37996316229022903,0.31940067864183136,0.5818398599200605,0.6204895149528215,-1.0036430029182024,-1.0440378369804766,0.3752297348709799,0.28662020939976857
39.26,0.35270258273966915,0.2971748862303726,0.5183750642342657,1.3795938274570887,0.3857128430329964,0.3253126062304864,0.5814536648092419,0.626981541827538,-0.9981762256750456,-1.0400564031799986,0.3870191815070556,0.29968913776999034
39.27,0.3581356586975006,0.3023818963083326,0.5206635652960404,1.3607838347204761,0.3914336864906745,0.3312068495167306,0.578638035532783,0.6200173239341187,-0.992574785563221,-1.0359210291798058,0.402956372018133,0.287069745641126
39.28,0.36358360320060185,0.3076119680272862,0.5210506718480105,1.3708170619263438,0.3971245495298323,0.33708223752267485,0.5788551375932187,0.6160563217637308,-0.9868404082772444,-1.0316337107658589,0.41870143706042395,0.26601228772623253
39.29,0.36904549130645303,0.31286428113381615,0.5250688074931352,1.3882058579640744,0.40278429469686367,0.34293763823451096,0.5792130480572653,0.6171671974272146,-0.9809748579979782,-1.0271964144072059,0.4334158719335064,0.27310174576858215
39.300000000000004,0.37452039201325293,0.31813799130345644,0.5290646994747943,1.3659577235790994,0.40841179054539367,0.3487718944465021,0.5736304415066854,0.5941610317016613,-0.974979936710996,-1.0226110954982646,0.4460309978640999,0.27710630149771726
39.31,0.3800073684791082,0.3234322309974018,0.5265452308151296,1.365117954707938,0.4140059119619544,0.3545838412392126,0.5714257943122704,0.5972799106865839,-0.9688574835104792,-1.0178797018515495,0.455490357656083,0.2865402680770961
39.32,0.3855054782427433,0.3287461725044797,0.5311220354662417,1.380608844996469,0.41956554048989897,0.3603723189903606,0.5693242932968885,0.6097205938724364,-0.9626093738889784,-1.0130041760525395,0.47427538214153536,0.2742761747965806
39.33,0.39101377344561794,0.3340788918247136,0.5322162720839217,1.3704192074409796,0.4250895646513595,0.36613620886308956,0.5638241763243017,0.6091229192873686,-0.9562375190133579,-1.0079864428569225,0.491187183615394,0.26507681180461057
39.34,0.3965313010554985,0.339429580506649,0.5334737787398015,1.3574230185663578,0.4305768802671983,0.37187431291647954,0.5618986986141592,0.6059091151829817,-0.9497438649871266,-1.0028284562842893,0.5030215356163478,0.2769880109925049
39.35,0.4020571030913108,0.34479731803723407,0.5360198971324623,1.3620994951652972,0.43602639077483396,0.37758555130786714,0.5605353851095295,0.6104445355581486,-0.9431303920995706,-0.9975321399389918,0.5143341058725774,0.25787137382136655
39.36,0.40759021684934815,0.35018121300898525,0.5373439799225573,1.3666839360735075,0.44143700754390963,0.3832687690353421,0.5612469090623162,0.6078239293265193,-0.9363991140618374,-0.9920994481170986,0.529343946861785,0.2972883366752937
39.37,0.4131296751306682,0.3555616079421472,0.5368417151675702,1.4409211158331325,0.4468076501895865,0.38893127922115955,0.5567911859649096,0.6012647835000626,-0.9295520772304342,-0.9865294317608515,0.541346365782107,0.2942049203055738
39.38,0.41867450646967125,0.3609657167995689,0.5404918727786714,1.3867570627380608,0.4521372468834828,0.39454868691047906,0.5526670341041386,0.6175172208426841,-0.922591359818357,-0.9808320202558364,0.5551326335603587,0.26091121538132084
39.39,0.42422373536380864,0.3663908134763572,0.5405910106201177,1.3807718398123763,0.4574247346620907,0.4001384387106807,0.5473349726484491,0.5997122318236757,-0.9155190710941856,-0.9750029520050485,0.5684377530255504,0.27280514891909247
39.4,0.42977638250436484,0.3718313951143601,0.5458790647444053,1.3514499879415325,0.46266905973262284,0.4056974075976755,0.5444067322689169,0.6061504518422243,-0.9083373505694724,-0.9690447831903415,0.5794021240412465,0.25260326793274973
39.410000000000004,0.4353314650082333,0.37728463375566984,0.5431406612838884,1.3644524524896793,0.46786917777615106,0.4112234707739577,0.5451533992997525,0.6038208028981404,-0.9010483671747433,-0.962959895444624,0.5917347757470653,0.25328166098677674
39.42,0.44088799665062983,0.38274882926466103,0.5517146146439899,1.3600372305674397,0.4730240542479648,0.416715094382068,0.5394474916664111,0.6008672196176456,-0.8936543184244866,-0.9567504795176378,0.6063075824278442,0.26750480880445765
39.43,0.44644498809873445,0.38820143671617463,0.5478147964358039,1.415179118664598,0.47813266467509974,0.422177724443287,0.5368617269060166,0.6225948170283594,-0.8861574295713766,-0.9504161911015897,0.6148556460995854,0.2413785245358854
39.44,0.4520014471461526,0.39365807614579834,0.5446700431490221,1.4602103330893683,0.4831939949508432,0.42759985651059096,0.5320223778420938,0.6038772534260439,-0.8785599527501401,-0.9439629927556152,0.628660249954095,0.25539432976184684
39.45,0.45755637894814033,0.39913793253978236,0.5452604077266308,1.377143179872401,0.48820704162623757,0.4329724227220233,0.5284300717546616,0.6041458796134705,-0.8708641661114134,-0.9373956394288726,0.6372044655884344,0.2648632105994756
39.46,0.46310878625756546,0.4046344487835692,0.5448210298573687,1.339281720113723,0.49317081219840814,0.4383111282667217,0.5270665499371462,0.608153676355086,-0.8630723729458947,-0.9307104018979551,0.6512156699619234,0.2620135075814688
39.47,0.4686576696615499,0.4101404590938187,0.5477653735705256,1.3517292782585917,0.4980843253956868,0.44361203012226974,0.5236744599545166,0.598999376639808,-0.8551869007991413,-0.9239103163634713,0.656952395502914,0.2733042769505201
39.480000000000004,0.4742020278186743,0.41565256287583274,0.5495757776711735,1.3440059185409434,0.5029466114594026,0.4488726826321851,0.5174354495655717,0.6013243725309233,-0.8472101005774427,-0.9169980567967176,0.6710829580130155,0.2464050747648006
39.49,0.4797408576967567,0.4211688151865623,0.5500360224941536,1.3158113369822582,0.5077567124222682,0.45409144430719134,0.5134569074437654,0.6078553835817545,-0.8391443456450386,-0.9099760160713535,0.6806917156100313,0.24901088494172766
39.5,0.4852731548111281,0.42668782189334037,0.5498599064533846,1.3392338379585467,0.5125136823832892,0.45926711451682334,0.5121530127180541,0.5980359487302548,-0.830992030913082,-0.9028464555835402,0.6906548336424316,0.24632120418572995
39.51,0.4907979134633099,0.4322084991825655,0.5547011527359887,1.3268401868173885,0.5172165877790911,0.46439851379548375,0.5038548096723485,0.5980078321163032,-0.8227555719207101,-0.8956116417515864,0.7024173476415041,0.2544290297208662
39.52,0.4963141269800867,0.43772984385457253,0.5513471107455896,1.3316060401302243,0.5218645076515882,0.46948461313541195,0.5001422087357326,0.6062959227086416,-0.8144374039086204,-0.8882738179360545,0.7146101483318033,0.2546200367148087
39.53,0.5018207879528651,0.44325091200213734,0.5512109553413946,1.3212732305168324,0.526456533911917,0.47452440932576684,0.4958194907760301,0.5882662865475007,-0.8060399808854739,-0.8808352393466756,0.7242789814304093,0.2563984292371103
39.54,0.5073168884773217,0.4487707637474563,0.5479104772107211,1.3180535497741281,0.5309917716005564,0.47951689523210117,0.490507383542305,0.614447965819482,-0.7975657746874971,-0.8732981861023869,0.7321322712518491,0.25765763440790346
39.550000000000004,0.5128014203932177,0.45428838932453947,0.551273634945726,1.3119322299147487,0.5354693391435402,0.48446110422131705,0.48758581240259086,0.6161438018553944,-0.7890172740317462,-0.8656649458672785,0.7399985171987328,0.2478135904766474
39.56,0.5182733755243443,0.4597794776847082,0.5476953232348257,1.36269628476065,0.5398883686046916,0.48936129289274,0.48369194042820307,0.618575648603478,-0.7803969835633031,-0.8579357994731323,0.7494898985513074,0.25654704638483583
39.57,0.5237317459185793,0.4652845359647056,0.5468355964113931,1.3245161519647666,0.5442480059338127,0.494201525146669,0.4751118739723806,0.63064391103437,-0.7717074228968565,-0.8501189155509337,0.7609823150725054,0.2705067545622175
39.58,0.5291755240879209,0.47078947719041003,0.5469076503617608,1.3227324116017896,0.548547411210735,0.4989934245422959,0.47273968299744845,0.6253530362881046,-0.7629511256530075,-0.8422117569775525,0.7693034396874077,0.2334208859931513
39.59,0.5346037032485146,0.476275498319396,0.5461806190712003,1.4354940307321238,0.5527857588851723,0.5037439578035886,0.46604086651668153,0.5057185975506546,-0.7541306384897332,-0.834213985923848,0.773392731900322,0.2369658709786933
39.6,0.5400152775605359,0.4817580569221927,0.5501610579705247,1.3333749472657856,0.5569622380122703,0.5084257696608122,0.459466744017239,0.6045553174789339,-0.7452485201293958,-0.8261371199886924,0.7817767587120432,0.26047321190485323
39.61,0.5454092423679701,0.4872419189078624,0.5469054326257086,1.3333581406675805,0.561076052483848,0.5130573018936302,0.4561984785410737,0.6263771180640756,-0.7363073403815766,-0.8179772464776167,0.7920377984105486,0.2578819065981629
39.62,0.5507845944381293,0.4927201743135683,0.5424886475262449,1.302742573882177,0.5651264212551775,0.5176361034795706,0.45101828547427547,0.6022193570719819,-0.7273096791623174,-0.8097369478244195,0.7999415106043996,0.24652021786066947
39.63,0.5561403322009097,0.4981896194913785,0.5457980326126808,1.3150998128206552,0.5691125785673056,0.5221600214686699,0.444929488855534,0.6062749136152252,-0.718258125509977,-0.8014191635803428,0.80396984531896,0.24037679551901234
39.64,0.5614754559877,0.5036483638604475,0.5437264491143984,1.3006795394417558,0.5730337741647707,0.5266276447889123,0.4379530682956358,0.6216895870776269,-0.7091552765982485,-0.7930265579523951,0.8157537803197717,0.23576199763418565
39.65,0.5667889682699235,0.5090738864839455,0.5409424937625106,1.3449028497852709,0.5768892735087494,0.5310445962487934,0.4328204203415943,0.6170155236542951,-0.7000037367466074,-0.7845590186327689,0.8177437833904531,0.2449307047634264
39.660000000000004,0.5720798738970962,0.5145004777825517,0.5390274992932503,1.3172591216533196,0.5806783579854793,0.5353912686735264,0.4258267298001051,0.6120801918386911,-0.6908061164286593,-0.7760264929728542,0.8276452302088078,0.25547169896183464
39.67,0.5773471803343734,0.5199188070255099,0.5376141140160897,1.2906774573680315,0.5844003251099161,0.5396820586922398,0.42420970644231015,0.6386215046843507,-0.6815650312788182,-0.7674254383923604,0.8342662873620771,0.24633335946145002
39.68,0.5825898978995645,0.5253243227112724,0.5397343825773421,1.2799792954016729,0.5880544887246091,0.5439142473258688,0.4181644674107946,0.6194625980522177,-0.6722831010975635,-0.7587590847183606,0.8416820517585184,0.238890934019246
39.69,0.5878070399994657,0.5307145087436894,0.538953090580624,1.257665511745077,0.5916401791936781,0.5480862288118888,0.4122933400026943,0.6111532506093916,-0.6629629488558663,-0.750030272656164,0.8460424955484988,0.23907708007531703
39.7,0.5929976233655476,0.5360695795782938,0.5314734536598742,1.3400348410828176,0.5951567435918448,0.55220495179669,0.4032051807914848,0.6033397941633303,-0.6536071996990657,-0.7412384805211071,0.8535833019528095,0.2161868921456826
39.71,0.5981606682888632,0.5414158469807558,0.5332852840428594,1.2921705704605988,0.5986035458884793,0.5562471825901021,0.40064581634943697,0.6280743688215716,-0.6442184799506006,-0.7323950608741391,0.8552310496776142,0.2435000673696026
39.72,0.603295198854194,0.5466936106637619,0.5301742894725285,1.4368536698653684,0.6019799671266058,0.5602466474233262,0.3911502624639613,0.6341358969457223,-0.6347994161160333,-0.7234889193150328,0.8595774827429175,0.23236830742166867
39.730000000000004,0.6084002431733004,0.5519928413968199,0.5266235009520683,1.3261383952628218,0.6052854055967899,0.5641536806787296,0.3894894678769581,0.6422936496547118,-0.6253526338877303,-0.7145422126462841,0.8641598693865428,0.23522154310531831
39.74,0.6134748336172615,0.5572872203211624,0.5251817641481726,1.2876202759344708,0.6085192770058523,0.568004943017832,0.38646909392425033,0.6303257574991402,-0.6158807571506648,-0.7055425253646607,0.8732487566721452,0.23971855879252102
39.75,0.6185180070478644,0.5625656714312081,0.5233488544240201,1.2903246905182413,0.6116810146404101,0.5717947323211475,0.37239481891294096,0.6208695838977327,-0.6063864069896214,-0.6964943137292178,0.8726059467252886,0.23721018615032152
39.76,0.6235288050479282,0.5678230759400066,0.5227660314821337,1.252241528748066,0.6147700695251246,0.5755200364097655,0.3696691974703274,0.6111340459738525,-0.5968722006983015,-0.6874011013317431,0.8832576694918995,0.24617161262925516
39.77,0.6285062741505663,0.5730567756140286,0.5163276191757655,1.2441623269623594,0.617785910575651,0.5791792290729625,0.35908544524296343,0.6151229121094185,-0.5873407507907114,-0.6782658546304693,0.8839743618161224,0.23350686739565296
39.78,0.6334494660672778,0.5782651545099708,0.5230978601651858,1.2371148267792205,0.6207280247462285,0.5827712215545104,0.35694045562285354,0.6041897621623475,-0.5777946640151881,-0.6690913248847171,0.8886916259330762,0.23401190580854106
39.79,0.6383574379148678,0.5834471155237426,0.5123816345340921,1.2523442610542435,0.6235959171718887,0.5862951851222705,0.34428112422318247,0.6246512274433016,-0.568236540371472,-0.6598801639508499,0.8915015566566847,0.254049143214517
39.800000000000004,0.6432292524410987,0.5886015848611591,0.5118346032014222,1.2480946106691686,0.6263891113051929,0.5897504839811266,0.3412774764267861,0.6291491164783555,-0.5586689721312326,-0.650634955625722,0.8938911261133571,0.2571261239391416
39.81,0.6480639782490089,0.5937276471241748,0.5076574475288702,1.2366396921617355,0.6291071490474939,0.5931364335939124,0.3330775177796801,0.625951801108173,-0.5490945428624762,-0.6413583043383727,0.9004055684806951,0.2380892370728351
39.82,0.652860690019898,0.5988244254642899,0.5044031192639014,1.250166269725089,0.6317495908746915,0.5964524606594104,0.3276524621422182,0.6265883061228175,-0.5395158264581152,-0.6320527832791151,0.9002777154301786,0.2316313111486395
39.83,0.6576184687348781,0.6038670050635647,0.5034187496592647,1.2871900312065605,0.6343160159573895,0.5997033041797083,0.3188665915836565,0.6357030058216565,-0.5299353861691921,-0.6227187066174978,0.9044912899685155,0.24569621485733972
39.84,0.6623364018949318,0.6088971911202491,0.4985541611969332,1.252684307233277,0.6368060222754802,0.602873133193104,0.31373185951126403,0.6353848125324018,-0.520355773643122,-0.613365117964928,0.9082172489742177,0.24507485922839434
39.85,0.6670135837394542,0.6139004572395664,0.4948679304871582,1.218746518595314,0.6392192267270754,0.6059742125121349,0.3086987284591806,0.6357245195684083,-0.5107795279673131,-0.6039891797246287,0.9090056069668795,0.23398744797896973
39.86,0.6716491154632247,0.6188727270631881,0.49421870680437263,1.254629964677261,0.641555265231789,0.6090043659396988,0.3000433435767309,0.6350835507475634,-0.5012091747185218,-0.5945941400681729,0.9130127237205381,0.23232815995252262
39.87,0.6762421054317097,0.6238118730950534,0.4901843972513106,1.2072079468198709,0.6438137928282996,0.611962336173355,0.29361721895545095,0.6473049179901058,-0.4916472250184362,-0.5851828790808072,0.9095870511882688,0.23471404140949934
39.88,0.6807916693946972,0.6286951592027782,0.48040600798818656,1.3333470751386336,0.6459944837661937,0.6148632838156262,0.2922406430425781,0.5551395607102383,-0.48209617459570475,-0.5757525154884545,0.9125694220760017,0.2340788085515364
39.89,0.6852969306981688,0.6335395787062947,0.477552934717173,1.2847217285418682,0.6480970315920491,0.6176648973259474,0.27886454480009537,0.6618285337152748,-0.472558502854974,-0.5663196674412596,0.9099015588802467,0.24408114686935375
39.9,0.6897570204944127,0.6383501334862441,0.47905319720507966,1.3137530351257722,0.6501211492297403,0.6204032775644467,0.2707047546910262,0.643129735197101,-0.4630366719530673,-0.5568751988383238,0.9148584437890246,0.24067117648648206
39.910000000000004,0.6941710779502462,0.6431380622744811,0.473507364406647,1.2529086059172074,0.6520665690549303,0.623058588821976,0.2627424923878786,0.6544182570085177,-0.45353312588291894,-0.5474283231749433,0.9128373288388747,0.23286177047504747
39.92,0.698538250453355,0.6478963303438706,0.4691251509095647,1.216775858709541,0.653933042963731,0.6256436492398254,0.2590449380558189,0.6548527270022068,-0.44405028956550785,-0.5379762315221839,0.9106698593576092,0.2219266338121347
39.93,0.7028576938167104,0.6526184628351354,0.4705168296871149,1.1888351156262127,0.6557203424355242,0.6281554218184021,0.2504267990855738,0.6548962625702635,-0.4345905679500869,-0.5285224335607398,0.9135931944070115,0.2546198621332026
39.94,0.7071285724809386,0.6573013687268902,0.4650005595564917,1.1874363598207287,0.6574282585898974,0.6305922618836771,0.24285436587625353,0.6471337782534071,-0.4251563451232396,-0.5190699704286287,0.9129850104081485,0.23543494765423484
39.95,0.7113500597146878,0.6619279486466652,0.45920392925122444,1.2643867129317012,0.6590566022377059,0.6329600506512092,0.23576328621604978,0.641415329769149,-0.4157499834269547,-0.5096187246735208,0.9113466662276519,0.22291242837453137
39.96,0.715521337812854,0.6665202800599409,0.4561810235500795,1.2040459946380533,0.6606052039262233,0.6352395895059346,0.22168214751104884,0.6550495102401449,-0.4063738225861996,-0.5001789871972925,0.9086015654427101,0.24000853416800694
39.97,0.7196415982926962,0.6710754721066596,0.4526600923163281,1.1872146750914931,0.6620739139783853,0.6374452908548979,0.2188030255634353,0.6624627835772013,-0.3970301788462385,-0.49074719303908093,0.9099052242828014,0.23667601263655388
39.980000000000004,0.7237100420877436,0.6755889068418763,0.44713871964470614,1.185723820872688,0.6634626025261029,0.6395752464580708,0.211380568414959,0.6571935940638491,-0.38772134412007675,-0.48132634814301556,0.9084908018972749,0.23953089818573012
39.99,0.7277258797394354,0.6800409921800069,0.43836532563298536,1.2433067318070663,0.664771159537632,0.6416337138444697,0.2000637707071021,0.6549502731139454,-0.3784495851464512,-0.4719169155674848,0.9103165538724717,0.22758195959919816
